poi_id,osm_id,name,category,itinerary_category,latitude,longitude,nearest_road_node,distance_to_road_m,mapping_quality
HYD000007,341109830,Sai Baba Mandir,Temple,Religion,17.4317049,78.43074102,7682824743,12.311,Normal
HYD000036,7035236525,Funcity,amusement_arcade,Entertainment,17.4350914,78.3870555,6150752511,43.018,Normal
HYD000123,14107474772,Agromech,appliance,Shopping,17.4542849,78.4975667,3147189503,31.923,Normal
HYD000124,7570681970,Anand Home Appliances,appliance,Shopping,17.4788816,78.5136125,5486109278,26.682,Normal
HYD000125,11771783698,Bajaj Electronics,appliance,Shopping,17.4083542,78.4010015,11846429869,23.701,Normal
HYD000126,11771783699,Bajaj Electronics,appliance,Shopping,17.4030288,78.4108058,1295721410,19.323,Normal
HYD000127,11772090400,Bajaj Electronics,appliance,Shopping,17.4960675,78.3655545,11221794473,30.597,Normal
HYD000128,13208186044,Bajaj Electronics,appliance,Shopping,17.4233643,78.4546004,1754254156,56.869,Normal
HYD000129,13227657220,Bajaj Electronics,appliance,Shopping,17.4060582,78.4646836,1263253349,14.249,Normal
HYD000130,13208144255,IFB,appliance,Shopping,17.4709588,78.4272873,12313745989,26.018,Normal
HYD000131,6570905743,MM Chandra Wet Grinder,appliance,Shopping,17.4224641,78.5661119,6634762311,19.057,Normal
HYD000132,13965391457,Reliance Digital,appliance,Shopping,17.4278804,78.3283531,1311044354,34.07,Normal
HYD000133,11772090402,Sonovison,appliance,Shopping,17.4978198,78.3792464,2249765205,19.061,Normal
HYD000134,8386545885,Lakshmi Ganesh Aquarium,aquarium,Entertainment,17.5185807,78.3957388,1906537071,12.908,Normal
HYD000135,355725660,Ocean Blue Aquariums,aquarium,Entertainment,17.52476266,78.37144599999999,11052663143,11.058,Normal
HYD000136,4636434310,aq,aquarium,Entertainment,17.4181258,78.4822357,308792946,4.023,Normal
HYD000137,6808260893,18 Steps,archaeological_site,Culture & Heritage,17.3897401,78.3950617,7686954122,174.104,Extended
HYD000138,6808260911,Golconda Jail,archaeological_site,Culture & Heritage,17.3896604,78.3964049,7686954122,37.859,Normal
HYD000139,933350847,Golconda Jail,archaeological_site,Culture & Heritage,17.38966198,78.39642404,7686954122,36.504,Normal
HYD000140,933350848,Golkonda Reservoir,archaeological_site,Culture & Heritage,17.38902402,78.40152026000001,13382776428,80.084,Normal
HYD000141,4313322315,Gulzar houz (fountain),archaeological_site,Culture & Heritage,17.3634508,78.4749992,9816246921,3.982,Normal
HYD000142,318606404,Khairunissa Tomb,archaeological_site,Culture & Heritage,17.409105539999995,78.46360968000002,712861620,22.715,Normal
HYD000143,6377172957,Megalithic Burial Site,archaeological_site,Culture & Heritage,17.4622523,78.3342027,3602309073,69.822,Normal
HYD000144,238192600,Moghalpura Tomb,archaeological_site,Culture & Heritage,17.357317542857142,78.47641245714286,312796799,27.437,Normal
HYD000145,238192345,Purani Haveli,archaeological_site,Culture & Heritage,17.365289844444444,78.48274120555556,2854813668,51.833,Normal
HYD000146,253509394,Qutub Shahi Tombs,archaeological_site,Culture & Heritage,17.395602139473684,78.39644539473684,3579911270,6.837,Normal
HYD000147,9923836904,The Heritage well,archaeological_site,Culture & Heritage,17.4244789,78.5255086,13399655000,34.671,Normal
HYD000148,332097820,Tomb,archaeological_site,Culture & Heritage,17.40344898,78.39998604,11052308706,21.624,Normal
HYD000149,8651547296,Victory Cannon - Fateh Rahbar,archaeological_site,Culture & Heritage,17.3898461,78.3948926,3579910425,165.943,Extended
HYD000150,14102765701,Hyderi Design Studio,art,Culture & Heritage,17.4252849,78.4226483,3602300045,4.504,Normal
HYD000151,7244207465,Indian Arts Banners,art,Culture & Heritage,17.3362421,78.5745577,14002286696,22.894,Normal
HYD000152,776421957,Indian Arts Banners,art,Culture & Heritage,17.33626076,78.57454952,14002286696,20.669,Normal
HYD000153,5994099240,Utkalika,art,Culture & Heritage,17.4031231,78.4660077,2179449097,10.788,Normal
HYD000154,95971680,Hyderabad International Convention Centre,arts_centre,Culture & Heritage,17.472777472727273,78.37356276363636,1425963879,44.404,Normal
HYD000155,1334695975,Lamakaan,arts_centre,Culture & Heritage,17.4210695,78.4472747,2126205811,24.037,Normal
HYD000156,5695396239,Alluri Sitaramaraju,artwork,Culture & Heritage,17.4202188,78.4836894,2180033506,43.549,Normal
HYD000157,13287712050,Ambedkar,artwork,Culture & Heritage,17.450893,78.3690817,1299292645,14.379,Normal
HYD000158,13436940709,Ambedkar Statue,artwork,Culture & Heritage,17.4637659,78.4754244,1241818999,5.933,Normal
HYD000159,5695396238,Arthur Cotton,artwork,Culture & Heritage,17.4197968,78.483324,2180033506,22.309,Normal
HYD000160,13532195625,B.R. Ambedkar,artwork,Culture & Heritage,17.4268631,78.4527809,2590027235,10.25,Normal
HYD000161,885387685,BR Ambedkar statue,artwork,Culture & Heritage,17.512664014285715,78.55594795714285,12725290420,6.031,Normal
HYD000162,4382893291,Boduppal NTR Statue;NTR Statue,artwork,Culture & Heritage,17.412183,78.5856175,310446917,3.427,Normal
HYD000163,13535855591,Brahma Naidu,artwork,Culture & Heritage,17.4139817,78.4788458,2180033498,15.916,Normal
HYD000164,13348513089,Buddha,artwork,Culture & Heritage,17.3366398,78.5229994,7726270682,84.938,Normal
HYD000165,4618969189,Chearalapalli gas plant,artwork,Culture & Heritage,17.4499274,78.609894,7690167307,9.069,Normal
HYD000166,8389362371,DR B R Ambedkar Statue,artwork,Culture & Heritage,17.4992965,78.4518896,3151921722,21.346,Normal
HYD000167,8212056791,Dancing Peacock,artwork,Culture & Heritage,17.5165729,78.3962676,1906537047,11.226,Normal
HYD000168,8212056792,Dancing Peacock,artwork,Culture & Heritage,17.5164258,78.3962716,1906537047,7.979,Normal
HYD000169,10279780116,Dr B.R Ambedhkar,artwork,Culture & Heritage,17.3359639,78.5262989,11843057543,1.804,Normal
HYD000170,6651586866,Dr BR Abedkar,artwork,Culture & Heritage,17.4948049,78.3262355,4169678446,1.183,Normal
HYD000171,3158888374,Dr. B R Ambedkar,artwork,Culture & Heritage,17.4087432,78.4754594,3098625687,10.607,Normal
HYD000172,6759169595,Dr. BR Ambdekar Statue,artwork,Culture & Heritage,17.4614001,78.500257,3164339022,12.199,Normal
HYD000173,12669657945,GANDHI STATUE,artwork,Culture & Heritage,17.3859635,78.4705733,1813453041,12.917,Normal
HYD000174,6481309590,Ganapati statue,artwork,Culture & Heritage,17.5395448,78.3860903,1705408120,6.833,Normal
HYD000175,6480567086,Gandhi Statue,artwork,Culture & Heritage,17.4948686,78.3223719,4169678450,2.379,Normal
HYD000176,2783285889,Gandhi Statue;Yellamma Banda,artwork,Culture & Heritage,17.5106025,78.4068992,7676492850,1.552,Normal
HYD000177,7465741955,Gandhi statue,artwork,Culture & Heritage,17.492972,78.4595429,4193176404,14.391,Normal
HYD000178,13535855578,Gurram Jashuva,artwork,Culture & Heritage,17.4172597,78.4812606,6372012794,29.013,Normal
HYD000179,6481309591,Hanuman Statue,artwork,Culture & Heritage,17.5413805,78.3867629,1705374879,4.303,Normal
HYD000180,6575821829,Indhira Gandhi Bust,artwork,Culture & Heritage,17.4190599,78.5651672,310444470,7.789,Normal
HYD000181,5087783869,India home,artwork,Culture & Heritage,17.4067161,78.4115038,2795871633,31.686,Normal
HYD000182,5774457979,Indira Gandhi,artwork,Culture & Heritage,17.4541561,78.3788896,11385036350,12.086,Normal
HYD000183,2709066939,Indira Gandhi statue,artwork,Culture & Heritage,17.3683494,78.5250179,307047906,6.248,Normal
HYD000184,2710960045,Iqbal Minar,artwork,Culture & Heritage,17.4067575,78.4675413,289904900,2.039,Normal
HYD000185,13673824532,Jhansi rani Laxmi Bhai statue,artwork,Culture & Heritage,17.370997,78.463625,2852245605,22.763,Normal
HYD000186,3598261403,KL technical services,artwork,Culture & Heritage,17.4448891,78.4758544,3598261403,0.0,Normal
HYD000187,10722816683,Kakatiya Kala Toranam,artwork,Culture & Heritage,17.3867143,78.3517809,11971562284,22.09,Normal
HYD000188,5695396233,Kandukuri Veeresalingam,artwork,Culture & Heritage,17.4185623,78.4823255,2180033509,20.906,Normal
HYD000189,13535855588,Kshetrayya,artwork,Culture & Heritage,17.4149032,78.4793665,2180033486,13.031,Normal
HYD000190,5177853521,Lord Buddha,artwork,Culture & Heritage,17.4155839,78.4749604,2794480686,425.835,Extended
HYD000191,6651586865,Lord Budha,artwork,Culture & Heritage,17.495267,78.3251612,4193188222,9.164,Normal
HYD000192,4359575890,Madivada House,artwork,Culture & Heritage,17.4467707,78.4476723,11038588131,51.078,Normal
HYD000193,13673515307,Maharana Pratap statue,artwork,Culture & Heritage,17.3713735,78.4695435,4203989138,19.705,Normal
HYD000194,9679249353,Mahatma Gandhi Statue,artwork,Culture & Heritage,17.4134182,78.5179707,2234499123,2.319,Normal
HYD000195,13535855576,Maqdoom Mohiuddin,artwork,Culture & Heritage,17.4182153,78.482039,308792946,20.088,Normal
HYD000196,13536912462,Molla,artwork,Culture & Heritage,17.4135508,78.4785704,4314301888,18.752,Normal
HYD000197,13535855579,Mutnuri Krishnarao,artwork,Culture & Heritage,17.4169625,78.4810305,6372012794,50.161,Normal
HYD000198,7794408129,NTR,artwork,Culture & Heritage,17.460627,78.5353649,7701752847,13.904,Normal
HYD000199,10722816682,Nandi Statue,artwork,Culture & Heritage,17.386475,78.3508052,4327976655,17.967,Normal
HYD000200,6651585139,P Janardhan Reddy,artwork,Culture & Heritage,17.4947961,78.3282759,10279764591,4.826,Normal
HYD000201,8107894705,PJR Statue,artwork,Culture & Heritage,17.4541242,78.4225591,6297948162,6.93,Normal
HYD000202,7174411621,PJR statue,artwork,Culture & Heritage,17.4304343,78.4053299,6505373566,7.203,Normal
HYD000203,3388789885,Paparayudu Statue,artwork,Culture & Heritage,17.4845469,78.4144065,3182362462,4.704,Normal
HYD000204,5695396235,Pingali Venkayya,artwork,Culture & Heritage,17.4189819,78.4826668,2180033509,42.542,Normal
HYD000205,13535855589,Potuluri Veerabrahmendra Swami,artwork,Culture & Heritage,17.4145902,78.4791665,2180033491,19.557,Normal
HYD000206,7672845180,Professor Jaya Shankar Statue,artwork,Culture & Heritage,17.5095234,78.4073448,7676492849,1.671,Normal
HYD000207,13535855582,Raghupati Venkataratnam Naidu,artwork,Culture & Heritage,17.4163027,78.4805319,2180033515,40.478,Normal
HYD000208,6651585137,Rajiv Gandhi Bust,artwork,Culture & Heritage,17.4935425,78.3278113,2000781933,11.187,Normal
HYD000209,13535855584,Ramadasu,artwork,Culture & Heritage,17.4156734,78.4799885,2180033518,28.518,Normal
HYD000210,1456251125,Ramoji Film City sign,artwork,Culture & Heritage,17.30335484,78.67949672,5513852601,107.597,Extended
HYD000211,4105782396,SMaCkY's WESTERN MUSIC PRODUCTIONS,artwork,Culture & Heritage,17.3683579,78.5560246,1596680276,13.876,Normal
HYD000212,6481309596,Saraswati Statue,artwork,Culture & Heritage,17.538323,78.3847786,1705378172,43.373,Normal
HYD000213,6581444880,Sardar Sarvai Papanna Goud Maharaj Statue,artwork,Culture & Heritage,17.4161083,78.5656974,2841168861,22.077,Normal
HYD000214,4640250438,Shiva Sculpture,artwork,Culture & Heritage,17.4066269,78.487062,13335998458,10.951,Normal
HYD000215,12854677475,Shivaji statue,artwork,Culture & Heritage,17.3964386,78.5297924,3169765046,8.385,Normal
HYD000216,13535855587,Sri Krishnadevaraya,artwork,Culture & Heritage,17.4153652,78.4797451,2180033518,21.676,Normal
HYD000217,13535855580,Sri Sri,artwork,Culture & Heritage,17.4165611,78.4807275,2180033515,14.108,Normal
HYD000218,13535855577,Suravaram Pratapa Reddy,artwork,Culture & Heritage,17.4176759,78.481605,2180033511,21.641,Normal
HYD000219,5910138918,Swami Vivekananda Bust,artwork,Culture & Heritage,17.337224,78.3917959,2744202947,7.111,Normal
HYD000220,6575821828,Swami Vivekananda Statue,artwork,Culture & Heritage,17.4212349,78.5642235,3598304605,10.827,Normal
HYD000221,4377408598,T V Rao House,artwork,Culture & Heritage,17.4212626,78.4521219,10035871468,8.493,Normal
HYD000222,883082812,Telangana Martyrs Memorial,artwork,Culture & Heritage,17.5184889,78.39628744,8140736835,19.225,Normal
HYD000223,6934744456,Three Wise Monkeys,artwork,Culture & Heritage,17.5185706,78.3962652,8140736835,10.562,Normal
HYD000224,8212056790,Three Wise Monkeys,artwork,Culture & Heritage,17.5187458,78.3963038,8140736835,9.445,Normal
HYD000225,5695396237,Tripuraneni Ramaswamy Chowdhary,artwork,Culture & Heritage,17.4194197,78.4830017,6373360550,20.729,Normal
HYD000226,8212081015,Trumpetting Elephant,artwork,Culture & Heritage,17.5209248,78.3963149,1906537100,5.98,Normal
HYD000227,8212081016,Trumpetting Elephant,artwork,Culture & Heritage,17.5207894,78.3963145,1906537100,12.502,Normal
HYD000228,13535855583,Tyagayya,artwork,Culture & Heritage,17.4160529,78.4803232,2180033515,74.551,Normal
HYD000229,5774459978,Y S Rajashekar Reddy,artwork,Culture & Heritage,17.4519876,78.3915,8354326559,5.085,Normal
HYD000230,5714129422,imran bhai home,artwork,Culture & Heritage,17.3812802,78.4587891,3612560922,30.275,Normal
HYD000231,2710980815,know concepts designs,artwork,Culture & Heritage,17.4320872,78.4923799,7712744938,35.701,Normal
HYD000232,5258266422,omer bhai farm house,artwork,Culture & Heritage,17.359726,78.2417418,12329984858,119.447,Extended
HYD000233,2713857911,pjr statue,artwork,Culture & Heritage,17.4299564,78.4252582,9073649765,7.1,Normal
HYD000234,2712509505,vistar graphics,artwork,Culture & Heritage,17.4027157,78.4937938,4000121887,17.048,Normal
HYD000489,13673825487,Bags store,bag,Shopping,17.378075,78.4740996,308779608,21.07,Normal
HYD000490,13673825488,Bags store,bag,Shopping,17.3780539,78.4743725,308779609,26.463,Normal
HYD000491,3387338125,Global Lugage,bag,Shopping,17.4952088,78.4029274,1428880516,9.836,Normal
HYD000492,6191414053,Hi-Tech Leather and Luggage,bag,Shopping,17.4414659,78.3882116,1836644092,5.198,Normal
HYD000493,355990071,5th Avenue bakery,bakery,Food,17.4875505,78.54272418333335,3598276355,19.863,Normal
HYD000494,4187284599,Adarsh Bakery,bakery,Food,17.4061963,78.4731639,2847575147,9.077,Normal
HYD000495,6822126592,Aditya Bakery,bakery,Food,17.4656073,78.4268712,2249914639,7.52,Normal
HYD000496,6314120285,Agrawala,bakery,Food,17.405396,78.4514234,3204046788,19.698,Normal
HYD000497,6822126514,Al Madina Bakery,bakery,Food,17.3056081,78.4674912,3602492261,11.915,Normal
HYD000498,7246516885,Amma pestries,bakery,Food,17.4993581,78.4158184,2783285250,26.675,Normal
HYD000499,9903766084,Anmol,bakery,Food,17.5167713,78.4374406,6308390523,5.914,Normal
HYD000500,9924632183,Arabian Bakers,bakery,Food,17.4763772,78.4821011,2789775349,19.126,Normal
HYD000501,7560753650,Aroma Bakery,bakery,Food,17.4797617,78.5332459,2222562284,14.672,Normal
HYD000502,7244245622,Asian bakers,bakery,Food,17.5291007,78.2647706,11136064246,39.814,Normal
HYD000503,7243976986,Atif bakery,bakery,Food,17.504029,78.4156394,2783285449,7.033,Normal
HYD000504,1428322567,BABA Bakery,bakery,Food,17.3380428,78.4679539,7713281032,19.76,Normal
HYD000505,6393107215,Bake Delight,bakery,Food,17.4185968,78.5844742,3598303812,17.098,Normal
HYD000506,1693979524,Bake Zone,bakery,Food,17.4096037,78.4877478,7716190233,16.465,Normal
HYD000507,4225056389,Baker's Den,bakery,Food,17.4408372,78.5041362,2234141670,16.723,Normal
HYD000508,928699177,Baker's Inn,bakery,Food,17.4556992,78.4849652,3148642278,8.853,Normal
HYD000509,2708233572,Baker's Q,bakery,Food,17.3978714,78.5123497,3415837329,10.506,Normal
HYD000510,6259451487,Bakers Kraft,bakery,Food,17.4396521,78.3979836,5555608924,48.204,Normal
HYD000511,2429315416,Bakers Q,bakery,Food,17.3678504,78.5398958,1602512764,12.481,Normal
HYD000512,1437365098,Bakery,bakery,Food,17.4534513,78.5290189,4029417650,14.128,Normal
HYD000513,4650619500,Bakery,bakery,Food,17.3528878,78.5563781,2247661190,16.529,Normal
HYD000514,6199004287,Bakery,bakery,Food,17.391647,78.5320583,1317004259,16.507,Normal
HYD000515,6822126601,Balaji Mithai Bhandar,bakery,Food,17.4334256,78.4459784,1754236143,20.862,Normal
HYD000516,9903794528,Balaji Sweet House,bakery,Food,17.5178583,78.4360204,6308390322,9.74,Normal
HYD000517,13673869072,Balaji bakery,bakery,Food,17.3782474,78.4785373,3612559936,17.9,Normal
HYD000518,1215750039,Bangalore Bakery,bakery,Food,17.4643359,78.3671254,10573065530,11.874,Normal
HYD000519,2729405556,Bangalore Bakery,bakery,Food,17.4090672,78.4904321,315060301,26.498,Normal
HYD000520,1306278410,Bangalore Iyengar Bakery,bakery,Food,17.4788882,78.51403,5486109300,30.045,Normal
HYD000521,6758497448,Bangalore Iyengar Bakery,bakery,Food,17.4250561,78.5144729,2234275936,24.939,Normal
HYD000522,6773025659,Bangalore Iyengar Bakery,bakery,Food,17.4216786,78.5169346,5608460085,11.542,Normal
HYD000523,6950562609,Bangalore Iyengar Bakery,bakery,Food,17.5048865,78.3578007,2766314446,22.233,Normal
HYD000524,8386830898,Bangalore Iyengar Bakery,bakery,Food,17.4218323,78.5087208,13813182778,13.789,Normal
HYD000525,12981602531,Bangalore Iyengar Bakery,bakery,Food,17.4969538,78.3545411,1344080534,16.828,Normal
HYD000526,1306268404,Bangalore Iyenger Bakery,bakery,Food,17.4839179,78.4985268,12014419007,11.916,Normal
HYD000527,6850830306,Bangalore Iyengers Bakery,bakery,Food,17.4874479,78.3957668,1987975583,18.129,Normal
HYD000528,7174386305,Bangalore iyengar bakery,bakery,Food,17.438849,78.4596625,2852468416,2.335,Normal
HYD000529,8113812654,Bangalore iyengar bakery,bakery,Food,17.4504355,78.4435606,1498263324,8.568,Normal
HYD000530,7244233136,Banglore Bakers,bakery,Food,17.529758,78.2641518,12237152215,13.525,Normal
HYD000531,7244140144,Banglore Bakery,bakery,Food,17.5320132,78.2653172,2763874249,9.945,Normal
HYD000532,6598215286,Banglore Iyengar Bakery,bakery,Food,17.3636697,78.5263824,2243962606,13.692,Normal
HYD000533,7180256873,Banglore Iyengar's Bakery,bakery,Food,17.5129161,78.3019113,7174092398,14.747,Normal
HYD000534,9924565990,Banglore Iyenger bakery,bakery,Food,17.4456894,78.5442545,2231827133,13.769,Normal
HYD000535,7243969073,Banglore iyengar bakery,bakery,Food,17.4952822,78.3586015,2231949548,13.522,Normal
HYD000536,6248948387,Belgian Waffle,bakery,Food,17.438454,78.3992859,3164043301,31.033,Normal
HYD000537,11209446996,Best Buddies Bakery,bakery,Food,17.5027615,78.5471909,2794316472,17.73,Normal
HYD000538,8233202685,Bhatia Bakery,bakery,Food,17.4997022,78.5098964,2232047877,14.335,Normal
HYD000539,1883473124,Big Byte,bakery,Food,17.4302997,78.4384308,353721564,22.945,Normal
HYD000540,6267446185,Black Coffee and Bakery,bakery,Food,17.339209,78.3094239,7663804012,21.547,Normal
HYD000541,5539327273,Bobby Bakery,bakery,Food,17.4196416,78.5178649,309707233,9.597,Normal
HYD000542,4422093191,Bramary foods,bakery,Food,17.4077867,78.4895232,308944690,28.863,Normal
HYD000543,10279582854,Brown Bear,bakery,Food,17.438468,78.4504246,12480070805,18.848,Normal
HYD000544,13436947534,Brown Bear Bakery,bakery,Food,17.3648949,78.3954132,2188391618,20.492,Normal
HYD000545,4614311394,Browny Bear,bakery,Food,17.4438858,78.4710103,4614442650,18.202,Normal
HYD000546,1233350271,CBIT canteen,bakery,Food,17.3910978,78.3204452,4204415408,16.588,Normal
HYD000547,4575249089,CCB,bakery,Food,17.3499818,78.5542974,2249918273,19.217,Normal
HYD000548,5147728422,CCD,bakery,Food,17.343129,78.5562832,10081038466,13.016,Normal
HYD000549,2388310549,Cake Exotica,bakery,Food,17.4419934,78.4406006,8942016652,8.691,Normal
HYD000550,6822126542,Cake Exotica,bakery,Food,17.441927,78.440567,8942016652,15.702,Normal
HYD000551,6822126566,Cake N Bake,bakery,Food,17.4209163,78.5823006,7714380232,16.745,Normal
HYD000552,6822126633,Cake Walk Bakery,bakery,Food,17.473907,78.424344,12250158213,23.052,Normal
HYD000553,12541130557,Cake factory,bakery,Food,17.4736611,78.5696238,11876281461,18.132,Normal
HYD000554,5405056330,Cakes and  bakers,bakery,Food,17.4413622,78.3597655,1311002988,7.873,Normal
HYD000555,1224512632,Cakes n Krisps,bakery,Food,17.4596376,78.366004,3174139170,18.034,Normal
HYD000556,891328286,Cinderella Bakery,bakery,Food,17.4621556,78.4910961,7702786447,8.93,Normal
HYD000557,413807359,Corner Bakery,bakery,Food,17.408939940000003,78.50586034,2234832625,12.303,Normal
HYD000558,6822126506,D'lite Dairy & Bakers,bakery,Food,17.531993,78.444404,2781499021,17.745,Normal
HYD000559,11691035174,Delhi Mithai Wala,bakery,Food,17.4730509,78.5506463,2232017811,23.571,Normal
HYD000560,6865895984,Dolphin,bakery,Food,17.4234709,78.5461301,2236749077,17.018,Normal
HYD000561,733462896,Dophin,bakery,Food,17.4234653,78.54614131999999,2236749077,18.116,Normal
HYD000562,2710868601,Emerald Sweets,bakery,Food,17.4124138,78.4800912,12317723153,11.707,Normal
HYD000563,8113750227,FB Bakers,bakery,Food,17.401588,78.5623272,9870023324,9.241,Normal
HYD000564,12541130564,FB cakes,bakery,Food,17.4736071,78.5699135,3164348468,8.292,Normal
HYD000565,7021303717,Fresh Loaf,bakery,Food,17.4378611,78.388309,11043391847,33.763,Normal
HYD000566,7246834925,Friendly pizza and milk shake,bakery,Food,17.3677478,78.5310625,11052607435,8.139,Normal
HYD000567,10959111316,GG,bakery,Food,17.4431392,78.5717126,2805343813,20.952,Normal
HYD000568,10262083199,Galaxy Bakery,bakery,Food,17.4446435,78.5258361,4191488385,22.649,Normal
HYD000569,8233202653,Ganesh Bakery,bakery,Food,17.4994042,78.5116027,2232047840,19.389,Normal
HYD000570,6269361685,Garden Bakers & Sweets,bakery,Food,17.4030278,78.4631664,3612570348,11.272,Normal
HYD000571,4589352191,German Bakers,bakery,Food,17.3947027,78.4798736,2847634220,17.878,Normal
HYD000572,4674771489,Gilbert Bakers,bakery,Food,17.477719,78.320146,5800442287,17.821,Normal
HYD000573,1693981324,Golden Gate Bakery,bakery,Food,17.4100297,78.4857405,315057183,22.86,Normal
HYD000574,4713381393,Goodluck Bakery,bakery,Food,17.4799346,78.3201433,10600434120,18.263,Normal
HYD000575,1280016641,Gulf Bakers,bakery,Food,17.4635193,78.4733755,13303090283,12.342,Normal
HYD000576,4684686490,H.K. Bakers,bakery,Food,17.363004,78.4773803,2461314124,6.296,Normal
HYD000577,7088463400,HI-King Bakery,bakery,Food,17.3524083,78.5071291,3894084721,14.177,Normal
HYD000578,4691759899,Heritage Bakery,bakery,Food,17.4170476,78.4119034,3579915412,23.857,Normal
HYD000579,9768759055,High Kings Bakery,bakery,Food,17.2736742,78.5890165,3614581135,15.3,Normal
HYD000580,1124063179,Indiana Bakery,bakery,Food,17.359271914285713,78.44299984285715,3202602061,24.0,Normal
HYD000581,6248948386,Ironhill Roastery,bakery,Food,17.4384127,78.3993212,3178232866,35.906,Normal
HYD000582,8111064550,Iyangar Bakery,bakery,Food,17.455132,78.4480863,2785785374,15.43,Normal
HYD000583,7244019235,Iyengar,bakery,Food,17.3292418,78.5816498,1325217148,13.139,Normal
HYD000584,6935376213,Iyengar's Bakery,bakery,Food,17.5225204,78.3960299,2237525096,23.243,Normal
HYD000585,4614311147,Just Bake,bakery,Food,17.440778,78.4823217,11563601441,21.727,Normal
HYD000586,5539124265,Just bake,bakery,Food,17.406229,78.5923652,11502704996,9.416,Normal
HYD000587,6255329589,KFC,bakery,Food,17.395004,78.4758433,3154121064,18.451,Normal
HYD000588,5147728421,KS BAKERS,bakery,Food,17.3429847,78.555566,6755868199,21.026,Normal
HYD000589,5404960012,KS Bakers,bakery,Food,17.441682,78.3579946,1753608432,15.059,Normal
HYD000590,5405055357,KS Bakers,bakery,Food,17.4416808,78.358006,1753608432,15.713,Normal
HYD000591,6822126476,KS Bakers,bakery,Food,17.4319006,78.4465177,1312229423,37.861,Normal
HYD000592,7243969068,KS Bakers,bakery,Food,17.4958615,78.3592481,3164238261,26.259,Normal
HYD000593,7473077625,KS Bakers,bakery,Food,17.3984063,78.5605589,13575308815,9.082,Normal
HYD000594,8389425007,KS Bakery,bakery,Food,17.4621317,78.4750143,3148642320,8.184,Normal
HYD000595,5405056142,KS bakers,bakery,Food,17.4417721,78.3579534,1753608432,4.119,Normal
HYD000596,9370052912,KS bakery,bakery,Food,17.5004939,78.5857437,11890727938,17.733,Normal
HYD000597,6264953385,Karachi,bakery,Food,17.4250487,78.5354801,11873248822,7.457,Normal
HYD000598,1038346116,Karachi Bakery,bakery,Food,17.3834635,78.4749018,11947658743,16.546,Normal
HYD000599,3159027235,Karachi Bakery,bakery,Food,17.4387547,78.4427872,1337406680,36.451,Normal
HYD000600,4187314091,Karachi Bakery,bakery,Food,17.4410326,78.4934118,14053108870,12.47,Normal
HYD000601,4410193789,Karachi Bakery,bakery,Food,17.3610124,78.5445215,1340809939,22.505,Normal
HYD000602,4729093293,Karachi Bakery,bakery,Food,17.442794,78.3552544,13347810927,32.44,Normal
HYD000603,4769496364,Karachi Bakery,bakery,Food,17.4071388,78.4018325,9650811780,20.161,Normal
HYD000604,5639638304,Karachi Bakery,bakery,Food,17.3524236,78.507091,3894084721,13.851,Normal
HYD000605,5682128844,Karachi Bakery,bakery,Food,17.4450313,78.3855711,11033804441,30.635,Normal
HYD000606,6267412486,Karachi Bakery,bakery,Food,17.4428697,78.3553118,10072585046,34.093,Normal
HYD000607,6314113487,Karachi Bakery,bakery,Food,17.4105662,78.4498855,3146860371,13.971,Normal
HYD000608,6779723325,Karachi Bakery,bakery,Food,17.4993387,78.4766368,13432069669,3.091,Normal
HYD000609,8193147568,Karachi Bakery,bakery,Food,17.5217307,78.3965224,1906537126,37.43,Normal
HYD000610,13290111925,Karachi Bakery,bakery,Food,17.235508,78.4342678,9758851872,79.566,Normal
HYD000611,7248877415,Karachi bakery,bakery,Food,17.4415728,78.3768334,11482282110,28.258,Normal
HYD000612,6191414043,Keshav Reddy Sweets,bakery,Food,17.4434527,78.3871634,1836644087,12.369,Normal
HYD000613,6219939386,King & Cardinal,bakery,Food,17.4005149,78.4882514,4433969588,11.749,Normal
HYD000614,12536226055,Kochin Bakers,bakery,Food,17.4755713,78.5680966,2795965462,39.449,Normal
HYD000615,5405053470,Ks bakers,bakery,Food,17.4418231,78.3580404,1753608432,11.211,Normal
HYD000616,14107474770,Labonel Fine Baking,bakery,Food,17.4540273,78.4972466,7713795173,23.66,Normal
HYD000617,6822126620,Laxmi Pathi Bakery,bakery,Food,17.401295,78.570875,2593896773,10.806,Normal
HYD000618,2062757345,Lords Bakery,bakery,Food,17.4296499,78.4280308,354243345,24.168,Normal
HYD000619,3010555004,Lot,bakery,Food,17.4542853,78.498213,3207195570,8.853,Normal
HYD000620,1233335262,MGIT canteen,bakery,Food,17.3911183,78.3223228,11066895029,4.476,Normal
HYD000621,5608451168,MGM Bakery,bakery,Food,17.4197715,78.5165633,309707236,16.908,Normal
HYD000622,8387157873,MOM,bakery,Food,17.4036057,78.5145507,3670021338,60.472,Normal
HYD000623,11690892951,MONGINIS cake shop,bakery,Food,17.4745985,78.5512571,4021573391,4.671,Normal
HYD000624,5539327274,Meena Bakery,bakery,Food,17.4196902,78.5177093,309707234,20.5,Normal
HYD000625,6246439586,Mid Land,bakery,Food,17.4517083,78.3917913,8354326562,24.164,Normal
HYD000626,6652837385,Milano Bakery,bakery,Food,17.384475,78.4894688,5517896717,11.544,Normal
HYD000627,4650620094,Mitaiwalla Sweets and Bakery's,bakery,Food,17.3376921,78.5696504,11521342919,4.79,Normal
HYD000628,3201283436,Morine bakery,bakery,Food,17.3956557,78.4277166,3145205959,8.93,Normal
HYD000629,513014493,Mountain Bakery,bakery,Food,17.4262826,78.4379315,13350797294,14.282,Normal
HYD000630,10806671047,Mysore Bakery,bakery,Food,17.4949063,78.5965356,2795779269,6.692,Normal
HYD000631,356512661,New Bangalore Iyenger Bakery,bakery,Food,17.3715784,78.54082598,312813281,11.312,Normal
HYD000632,6822126621,New Farmaish Cafe And Bakery,bakery,Food,17.3605222,78.3889604,4327990341,13.397,Normal
HYD000633,7246812293,New deccan bakers,bakery,Food,17.3935855,78.437752,1312715074,61.349,Normal
HYD000634,5465091379,Nikhil's Bakery,bakery,Food,17.4978204,78.5463461,982234725,15.336,Normal
HYD000635,902309949,Ofen Bakery,bakery,Food,17.4158016,78.4431221,7682662037,11.064,Normal
HYD000636,4674828690,Om Bakers,bakery,Food,17.4899824,78.3142129,4328527166,26.543,Normal
HYD000637,13707192599,Paradise Bakery,bakery,Food,17.4416997,78.4871283,2792122616,29.362,Normal
HYD000638,5539124268,Park Bakers,bakery,Food,17.4065371,78.593562,6629546513,26.791,Normal
HYD000639,6195718285,Pista House Bakery,bakery,Food,17.3933143,78.4642148,8348447221,12.974,Normal
HYD000640,6779839369,Raja Bakery,bakery,Food,17.5130163,78.5544468,11502871300,17.673,Normal
HYD000641,3010475756,Reliance Bakery,bakery,Food,17.4444478,78.4676014,4614442656,19.455,Normal
HYD000642,11084918144,Rose Bakery,bakery,Food,17.4541724,78.4108594,2249841590,11.813,Normal
HYD000643,8386135933,Ruby bakery,bakery,Food,17.3571645,78.529875,2245835097,7.841,Normal
HYD000644,6850830254,S.L.J. Bangalore Iyengars Bakery,bakery,Food,17.5126537,78.5574534,989991568,16.496,Normal
HYD000645,6593421944,S.S.K. Bakers,bakery,Food,17.4230365,78.5680497,3598305125,26.211,Normal
HYD000646,7244233137,SK Bakers,bakery,Food,17.5300237,78.2651487,2763873997,34.255,Normal
HYD000647,7244480651,SK bakers,bakery,Food,17.3946263,78.4350764,2859822957,13.099,Normal
HYD000648,776428025,SVS Bakery,bakery,Food,17.352300133333333,78.37710338333333,307096152,15.326,Normal
HYD000649,7088336251,Sai Banglore Iyengar's Bakery,bakery,Food,17.3553183,78.511223,2243960046,19.786,Normal
HYD000650,7113994986,Sai swagath,bakery,Food,17.4322186,78.4260349,354243449,27.383,Normal
HYD000651,4674783599,Sampradaya,bakery,Food,17.4873903,78.3136374,12154729008,22.742,Normal
HYD000652,1038396969,Sarvi Hotel,bakery,Food,17.4401085,78.4879619,1866846108,22.614,Normal
HYD000653,6390378849,Serena Bakery,bakery,Food,17.36803,78.5222952,2243963484,32.228,Normal
HYD000654,4531933390,Seven Hills Bakery,bakery,Food,17.3763121,78.5580303,2591794831,5.455,Normal
HYD000655,4432355495,Sherton bakery,bakery,Food,17.3917167,78.5127794,12704188682,14.308,Normal
HYD000656,10806671064,Shree bakery,bakery,Food,17.5018792,78.5892786,989991438,18.243,Normal
HYD000657,1161963687,Shree bakery,bakery,Food,17.50187716,78.5892646,989991438,16.748,Normal
HYD000658,5439862052,Silicon valley bakery,bakery,Food,17.4784961,78.5529624,978107681,15.734,Normal
HYD000659,8739601734,Sind Bakery,bakery,Food,17.4622016,78.4913567,7702786435,7.147,Normal
HYD000660,7174142692,Sree Bakers,bakery,Food,17.5103653,78.3007423,2763929308,17.846,Normal
HYD000661,7025820872,Sri Hari Hara Sweets,bakery,Food,17.4406288,78.3930501,349267642,14.975,Normal
HYD000662,6853049452,Sri Sai Baba Foods & Bakery,bakery,Food,17.514551,78.447803,3598285751,19.935,Normal
HYD000663,6263697386,Srinivasa Bakery,bakery,Food,17.4064095,78.5554004,2236889926,22.035,Normal
HYD000664,6822126595,Star Cakes & Bakes,bakery,Food,17.2077586,78.4764224,3602479469,36.678,Normal
HYD000665,6208400185,Stop N Go,bakery,Food,17.4027485,78.4609743,11524101450,22.353,Normal
HYD000666,6218904788,Stop N Go,bakery,Food,17.3987304,78.449246,2177264482,21.859,Normal
HYD000667,6195718085,Subhan Bakery,bakery,Food,17.3922369,78.4651338,3379442215,22.288,Normal
HYD000668,13673869075,Sweets shop,bakery,Food,17.37885,78.4785131,1320827349,9.018,Normal
HYD000669,11447318960,Swiss Castle,bakery,Food,17.3934095,78.3407147,2244916321,15.871,Normal
HYD000670,356456407,TAJ BAKERS,bakery,Food,17.39801714,78.534914,3612567304,26.257,Normal
HYD000671,2052603973,Taiba Bakery,bakery,Food,17.4023435,78.456848,1820079887,25.842,Normal
HYD000672,6822126616,Taj Bakery,bakery,Food,17.460324,78.452218,2781136048,20.276,Normal
HYD000673,7021303718,The Kids center,bakery,Food,17.4333615,78.3998784,5675328472,33.694,Normal
HYD000674,12404635101,Tip Max Bakers,bakery,Food,17.4047672,78.5103262,11972076768,21.51,Normal
HYD000675,7244029380,Tipsytopsy Bakers,bakery,Food,17.4073762,78.3827032,2803513125,17.303,Normal
HYD000676,9903794536,Tirumala Bakery,bakery,Food,17.5128056,78.4470261,3598284880,44.203,Normal
HYD000677,5431063900,Tirumala bakery,bakery,Food,17.4991961,78.4763222,11118303525,12.675,Normal
HYD000678,5966849986,Treat Time Bakers,bakery,Food,17.4447778,78.3876968,1042264818,21.316,Normal
HYD000679,8387157862,Universal bakery,bakery,Food,17.4073283,78.5129101,308613902,32.936,Normal
HYD000680,11447353969,Vac's,bakery,Food,17.4007847,78.3386624,12800078118,31.365,Normal
HYD000681,3155668173,Vellanki Foods,bakery,Food,17.4392718,78.4367006,12639952973,17.159,Normal
HYD000682,6822126522,Vineela Bakers Den & Fast Food,bakery,Food,17.498516,78.394167,1427645970,10.952,Normal
HYD000683,10279748930,Vinston bakers,bakery,Food,17.3057422,78.4392666,2730570133,22.883,Normal
HYD000684,6029139571,Yoki bakery,bakery,Food,17.362196,78.526284,312810284,32.917,Normal
HYD000685,7244264220,brown bear,bakery,Food,17.3988067,78.4852629,13922150189,10.883,Normal
HYD000686,11690951839,corner bakers,bakery,Food,17.3621251,78.5446045,1596288351,55.725,Normal
HYD000687,9869489146,enjoy bakery,bakery,Food,17.4000488,78.5985154,3598396814,6.81,Normal
HYD000688,776403333,grace,bakery,Food,17.338651899999995,78.3631508,7690332435,11.658,Normal
HYD000689,8386487187,iyengar Bakery,bakery,Food,17.5187349,78.3968283,1906537076,10.702,Normal
HYD000690,11690930738,karachy bakery,bakery,Food,17.3585588,78.5444057,2422989112,32.681,Normal
HYD000691,11690216711,kings bakers,bakery,Food,17.4897995,78.4506554,11137934716,5.545,Normal
HYD000692,7244256679,kks bakers,bakery,Food,17.4830425,78.3946869,1987984277,53.473,Normal
HYD000693,7244033616,masterchef bakery,bakery,Food,17.3672732,78.5218406,6444901483,17.048,Normal
HYD000694,13335598240,mysore,bakery,Food,17.5061766,78.4668095,13335598252,0.0,Normal
HYD000695,7246509930,navatha,bakery,Food,17.3699039,78.5733435,1595338534,32.712,Normal
HYD000696,10279867447,sai ram bakery,bakery,Food,17.3243358,78.5269265,2247608218,17.805,Normal
HYD000697,7244226217,sri ram,bakery,Food,17.4791845,78.5862831,6390395969,12.741,Normal
HYD000698,10185568925,sri sai bakery,bakery,Food,17.4058615,78.590268,3496413171,5.541,Normal
HYD000699,7244270985,ss bakery,bakery,Food,17.4846331,78.3936596,4208492221,14.18,Normal
HYD000700,343684667,ss bakery,bakery,Food,17.484630539999998,78.39364148000001,4208492221,12.953,Normal
HYD000701,7244243969,swiss castel,bakery,Food,17.4005727,78.5080255,6308211156,8.934,Normal
HYD000702,3388942902,tipsy topsy bakery,bakery,Food,17.491231,78.4080843,3388939893,3.84,Normal
HYD000703,2710721819,valentine's bakery,bakery,Food,17.3332122,78.5692825,14045188880,14.544,Normal
HYD000704,6435602652,vasavi bakery,bakery,Food,17.4746457,78.5380538,4013994537,11.157,Normal
HYD000705,8077218174,فردوس بیکری,bakery,Food,17.3588608,78.5050701,2244119463,16.961,Normal
HYD000706,12854654625,Five star pad band,bandstand,Entertainment,17.5040056,78.4298749,2028554627,13.491,Normal
HYD000707,7246509850,anand band shop,bandstand,Entertainment,17.4162216,78.5086863,3612576366,20.539,Normal
HYD001482,1361329785,Tarnaka,beach_resort,Accommodation,17.4285479,78.5379433,4209020162,25.837,Normal
HYD001561,4919832521,Bharkadevi ice creams,beverages,Food,17.4313958,78.5245684,2236750472,26.046,Normal
HYD001562,5246834621,C5 Juices,beverages,Food,17.3242905,78.5384939,2247658710,9.923,Normal
HYD001563,5966837987,Cocunut Water,beverages,Food,17.4448188,78.3876259,1042264818,12.581,Normal
HYD001564,6651445085,Drunken monkey,beverages,Food,17.4974218,78.3358771,9684884090,31.978,Normal
HYD001565,6651444885,London Bubbles Co.,beverages,Food,17.4975968,78.335951,9684884090,13.333,Normal
HYD001566,7244480653,Pan.com,beverages,Food,17.3949437,78.4351768,308528080,13.64,Normal
HYD001567,5279762421,Rythu Bazar KPHB,beverages,Food,17.4937442,78.3941619,11331180485,14.436,Normal
HYD001568,6653388787,Sri Sai Fruit Juices,beverages,Food,17.4947847,78.3213809,4169678451,13.483,Normal
HYD001569,11736410524,Sugar Cane,beverages,Food,17.4952902,78.3944975,350457130,21.492,Normal
HYD001570,11099914705,Tea Time,beverages,Food,17.3933038,78.536918,2234831389,16.837,Normal
HYD001571,4796516422,Yadav diary house,beverages,Food,17.3588185,78.5054784,2244119476,26.728,Normal
HYD001572,6087127987,coconut street vendor,beverages,Food,17.4259925,78.5371071,2236749362,19.79,Normal
HYD001573,11696715769,lemon drink shop,beverages,Food,17.3610507,78.544431,1340809939,11.997,Normal
HYD001574,4369845292,paradise,beverages,Food,17.4009802,78.4856317,2847633965,33.728,Normal
HYD001575,6087127988,tea stall,beverages,Food,17.4268591,78.5382217,321712784,3.362,Normal
HYD001595,3388801524,ADARSH BOOK DEPOT,books,Shopping,17.3983594,78.5055588,6308211161,23.446,Normal
HYD001596,1475754232,Balaji Stationery Stores,books,Shopping,17.4077538,78.5120356,308943103,11.679,Normal
HYD001597,2708238426,Bhavani Book Store,books,Shopping,17.3987818,78.5127435,11071269055,6.289,Normal
HYD001598,602908701,Book Selection Centre,books,Shopping,17.4416828,78.4888218,4614088301,8.826,Normal
HYD001599,726190926,British Library,books,Shopping,17.4074623,78.472319,13856477195,37.865,Normal
HYD001600,890308901,Crossword,books,Shopping,17.4152099,78.4492751,3204224973,23.16,Normal
HYD001601,5626709742,Crossword,books,Shopping,17.4193842,78.4484056,2126214174,29.809,Normal
HYD001602,12538789711,Deepa's Reading Room,books,Shopping,17.4764674,78.5668232,3164348360,19.599,Normal
HYD001603,4433084090,Dhanalakshmi,books,Shopping,17.4093435,78.4898074,13336034282,18.33,Normal
HYD001604,9796786631,Falcon Medical Books,books,Shopping,17.3830624,78.4821854,7306465216,36.142,Normal
HYD001605,9903887157,Friends Net,books,Shopping,17.5156374,78.4271322,2852309684,5.7,Normal
HYD001606,7569823600,Guru Nanak Book Depot,books,Shopping,17.4788761,78.5142581,5486109281,7.266,Normal
HYD001607,7039571991,Haziq & Mohi Rare Books,books,Shopping,17.3619929,78.4700679,14086856081,28.718,Normal
HYD001608,13227600328,Himalaya Book Depot,books,Shopping,17.4099619,78.3979188,13385608574,18.965,Normal
HYD001609,2613147035,Himalaya Book World,books,Shopping,17.4262464,78.4511378,2178003464,17.402,Normal
HYD001610,6208269988,Himalaya Book World,books,Shopping,17.3864932,78.4725084,2178294849,19.83,Normal
HYD001611,9913821022,Himalaya Book world,books,Shopping,17.3953393,78.4424358,3178448039,13.593,Normal
HYD001612,5405059613,Just books,books,Shopping,17.4452419,78.362885,1310996192,22.762,Normal
HYD001613,12541130555,Pallavi,books,Shopping,17.4736902,78.5695416,3164348467,20.191,Normal
HYD001614,13737355509,Pen 'N' Paper Stationary & More,books,Shopping,17.2491554,78.3315673,13737379660,21.989,Normal
HYD001615,1500229454,Pen 'N' Paper Stationary & More,books,Shopping,17.24916606,78.33157242,13737379660,21.475,Normal
HYD001616,4187284390,Prithvi Exchange - liberty plaza,books,Shopping,17.4065478,78.4770265,3170114034,9.001,Normal
HYD001617,6371886379,Pushpa Books & Stationary,books,Shopping,17.4059065,78.5869405,7716299120,12.049,Normal
HYD001618,7569850766,R K Book Centre,books,Shopping,17.4790282,78.5142485,5486109298,9.124,Normal
HYD001619,9796824020,Radiant Publishers,books,Shopping,17.3850632,78.4853134,3612562111,8.056,Normal
HYD001620,13536912479,Shardha Book Depot,books,Shopping,17.434848,78.5035741,11989520867,15.216,Normal
HYD001621,10279859270,Soujanya Book  Store,books,Shopping,17.3302208,78.5693155,2710743814,28.162,Normal
HYD001622,12541130559,Spark Academy,books,Shopping,17.4736598,78.5696556,11876281461,18.53,Normal
HYD001623,2712660827,Sri Ayyappa Book Stall,books,Shopping,17.4117167,78.4889559,4262208991,29.299,Normal
HYD001624,12536226067,Sri Ganesh,books,Shopping,17.4759292,78.5674753,3164363649,21.642,Normal
HYD001625,1215774409,Stationery,books,Shopping,17.4642128,78.3671414,10573065555,3.646,Normal
HYD001626,4431132190,Telugu academy,books,Shopping,17.3986766,78.485669,11219686998,28.77,Normal
HYD001627,331792499,UNIVERSAL BO0K DEPOT,books,Shopping,17.47952676,78.55706644,2225437060,9.577,Normal
HYD001628,9732460761,Universal Bools Store,books,Shopping,17.4817596,78.5547644,2653211594,35.805,Normal
HYD001629,7244487796,Universal book depot,books,Shopping,17.3944731,78.4395206,10142227658,24.767,Normal
HYD001630,4433084989,Vikas,books,Shopping,17.4091919,78.4898151,12049270427,20.358,Normal
HYD001631,7569354372,Vishal Enterprises -Dev Collection Book Depot,books,Shopping,17.479758,78.5248929,2222307222,18.708,Normal
HYD001632,4415334993,dhanalakshmi book store,books,Shopping,17.4093204,78.4897955,13336034282,20.667,Normal
HYD001633,1082288740,naveen statinoary,books,Shopping,17.46593232,78.47321818,8389425217,5.509,Normal
HYD001634,7244033615,naveen stationary,books,Shopping,17.3670447,78.5211568,2243963217,17.649,Normal
HYD001635,7244119471,sri veerabhadra bookstore,books,Shopping,17.3672466,78.5216699,2243963357,19.027,Normal
HYD001636,7244123809,sri venkateshwara book store,books,Shopping,17.3668391,78.521005,2243963217,20.226,Normal
HYD001637,4415335990,telugu academy,books,Shopping,17.3985426,78.4855068,11219686998,21.215,Normal
HYD001638,2712636666,times books and stationery,books,Shopping,17.4099351,78.4891777,308938340,28.14,Normal
HYD001639,7244033589,tirupati book store,books,Shopping,17.3677307,78.5249533,307047903,14.546,Normal
HYD001640,7246500105,venkateshwara book store,books,Shopping,17.3670948,78.521475,2243963303,17.902,Normal
HYD001641,4415250601,vikas book store,books,Shopping,17.4092288,78.4898063,12049270427,22.844,Normal
HYD001642,6822126653,Aadya's Let Fashion Reign,boutique,Shopping,17.4713003,78.4195185,3602310691,16.307,Normal
HYD001643,6850830250,panache boutiqe,boutique,Shopping,17.465696,78.42907,3670022838,23.563,Normal
HYD001646,361409838,Errum Manzil Palace,building;castle,Culture & Heritage,17.419590887179485,78.45453134871796,11036776571,8.274,Normal
HYD001724,1306272823,A1 Mutton Shop,butcher,Food,17.4806279,78.5016382,3598273021,15.771,Normal
HYD001725,6400631769,A1 Mutton and Chicken Shop,butcher,Food,17.3683366,78.5137078,3670020472,12.567,Normal
HYD001726,9627168425,Alinoor chicken centre,butcher,Food,17.3874234,78.5198728,13304501464,15.327,Normal
HYD001727,4713465891,Ameen Chicken Center,butcher,Food,17.4827137,78.3205476,5234741868,12.236,Normal
HYD001728,6850830228,Bharat Chicken Center,butcher,Food,17.4694049,78.4257737,3602310405,19.176,Normal
HYD001729,7925039785,Bhavani Chicken Center,butcher,Food,17.517123,78.441826,2852326101,10.419,Normal
HYD001730,4715182291,Bismilla Chicken World,butcher,Food,17.4406858,78.360317,3193022181,20.542,Normal
HYD001731,2062743772,Chicken Butcher,butcher,Food,17.4318607,78.4262374,9073649781,11.88,Normal
HYD001732,6765562776,Chicken Centre,butcher,Food,17.4237576,78.5140964,309707745,6.125,Normal
HYD001733,12207914967,Chicken Centre,butcher,Food,17.4235887,78.5149826,2234275854,20.041,Normal
HYD001734,11082456160,Chicken Shop,butcher,Food,17.4557577,78.4089518,1284260203,12.27,Normal
HYD001735,8113820142,Chicken center,butcher,Food,17.449883,78.4455143,3598263608,26.065,Normal
HYD001736,8113828147,Chicken center,butcher,Food,17.4495603,78.4464672,1498270982,14.516,Normal
HYD001737,868229951,DR Chicken Mart,butcher,Food,17.531403899999997,78.39236158,2780909656,16.492,Normal
HYD001738,6593421932,Dhaara Chicken Centre,butcher,Food,17.4227238,78.5684012,7694365545,20.627,Normal
HYD001739,4225073692,Eagle Fisheries,butcher,Food,17.442255,78.4986452,4317365442,16.168,Normal
HYD001740,6581371233,Famous Chicken Centre,butcher,Food,17.41328,78.5598881,2236748579,9.05,Normal
HYD001741,4713381791,Farm Fresh Chicken,butcher,Food,17.4795327,78.3200836,3817562675,11.812,Normal
HYD001742,6570905720,GK Fresh Chicken,butcher,Food,17.422319,78.5659728,310446960,13.828,Normal
HYD001743,750233205,Godavari Cuts,butcher,Food,17.45120026,78.39675032,5458722458,26.185,Normal
HYD001744,872918945,Godhavari Cuts,butcher,Food,17.525386466666664,78.3944609,2780909417,26.449,Normal
HYD001745,8111064547,Golden mutton and chicken center,butcher,Food,17.4513881,78.44697,2822568848,6.486,Normal
HYD001746,5405053587,Kiran chicken center,butcher,Food,17.4395666,78.362122,1318404779,6.828,Normal
HYD001747,7025820875,Kishore Kumar Chicken & Mutton Center,butcher,Food,17.4406073,78.3931213,3210142868,13.235,Normal
HYD001748,8620379445,MK Chicken Centre,butcher,Food,17.5287874,78.3889814,2780887856,20.361,Normal
HYD001749,4313532552,Mashallah Beef Shop,butcher,Food,17.3956151,78.4100802,3579911604,12.136,Normal
HYD001750,626926303,Murgi chowk,butcher,Food,17.3608502,78.4699088,308560219,37.657,Normal
HYD001751,1215747403,Mutton,butcher,Food,17.4645918,78.3654624,1301937937,14.435,Normal
HYD001752,1224527817,Mutton,butcher,Food,17.4386561,78.364363,13800505758,4.544,Normal
HYD001753,6765562769,Mutton Shop,butcher,Food,17.4294992,78.512733,7712429919,11.542,Normal
HYD001754,6772788277,Mutton Shop,butcher,Food,17.4230982,78.5122576,309707742,11.671,Normal
HYD001755,6773025660,Mutton Shop,butcher,Food,17.4248974,78.5152078,11846358958,24.944,Normal
HYD001756,1215747402,"Mutton, Chicken",butcher,Food,17.4643564,78.3664602,1301942367,11.38,Normal
HYD001757,6710912127,Naine Pork Shop,butcher,Food,17.4401871,78.4978204,3598259599,8.505,Normal
HYD001758,8739653950,Proteins,butcher,Food,17.4615066,78.5006139,308962022,12.169,Normal
HYD001759,6593421941,Quality Poultry,butcher,Food,17.4230734,78.5682564,310446955,18.961,Normal
HYD001760,4790969222,Ram Reddy Chicken Centre,butcher,Food,17.4915754,78.3982139,350438733,16.016,Normal
HYD001761,4972143054,Ramreddy Fresh Chicken,butcher,Food,17.4893753,78.3314735,5156482781,11.051,Normal
HYD001762,6773025665,Reddy Chicken,butcher,Food,17.4253651,78.5149741,2234501054,11.222,Normal
HYD001763,8386739333,Reddy Chicken center,butcher,Food,17.4718273,78.3893768,2249842079,22.79,Normal
HYD001764,253218751,SVR & VVR Chicken Centre,butcher,Food,17.374136319999998,78.56074960000001,1594489492,22.955,Normal
HYD001765,6765562777,Sabiha Poultry & Chicken,butcher,Food,17.4298879,78.5130714,7712429918,36.493,Normal
HYD001766,2062743546,Sheep Butcher,butcher,Food,17.4318633,78.4261837,9073649781,9.032,Normal
HYD001767,1172957616,Sholay Mutton Shop,butcher,Food,17.395450959999998,78.53648966,1316991352,26.153,Normal
HYD001768,6773025669,Sneha Chicken,butcher,Food,17.4198723,78.5167967,309707236,10.651,Normal
HYD001769,6805085665,Sneha Chicken,butcher,Food,17.4245773,78.5157794,3598255351,14.942,Normal
HYD001770,11878120270,Sneha Chicken Center,butcher,Food,17.3968465,78.5416224,1317036767,21.55,Normal
HYD001771,4225073693,Sneha Chicken Shop,butcher,Food,17.4417589,78.4990357,4317365437,12.311,Normal
HYD001772,7243974416,Sneha cheken shop,butcher,Food,17.3964562,78.5032786,2236747693,11.846,Normal
HYD001773,12972170847,Suguna Chicken Center,butcher,Food,17.4979571,78.3572254,2231949676,10.69,Normal
HYD001774,356493313,Vencobb Chicken,butcher,Food,17.419560171428575,78.56516191428571,2841186708,14.79,Normal
HYD001775,1623388199,Vencobb Chicken Centre,butcher,Food,17.4394763,78.3621619,1318404779,17.647,Normal
HYD001776,14022778131,Vencobb Fresh Chicken,butcher,Food,17.4198715,78.3518521,1318445160,20.363,Normal
HYD001777,8111043514,Venkob Chicken,butcher,Food,17.3587177,78.5215864,2243960801,15.561,Normal
HYD001778,6408252033,freshen,butcher,Food,17.513649,78.388124,2852259366,8.835,Normal
HYD001779,7244271150,kakatiya chicken shop,butcher,Food,17.4943791,78.3587324,663138487,16.104,Normal
HYD001780,357153463,sholay mutton shop,butcher,Food,17.395450959999998,78.53648966,1316991352,26.153,Normal
HYD001781,14098845100,.RAW Cafe,cafe,Food,17.4904534,78.5383527,1001548812,20.15,Normal
HYD001782,7025820863,7Ten Spa,cafe,Food,17.435928,78.4029825,11047608329,24.698,Normal
HYD001783,11084918135,A.K cafe,cafe,Food,17.4542528,78.4105217,2249841590,28.941,Normal
HYD001784,6308262617,AM PM Hotel,cafe,Food,17.4084627,78.492225,315058906,17.811,Normal
HYD001785,6909347687,Aaha Coffee Shop,cafe,Food,17.4066812,78.3903555,3579913483,19.334,Normal
HYD001786,13535859847,Accro,cafe,Food,17.4211321,78.4476841,12850800022,12.589,Normal
HYD001787,4187300502,Adarsh Cafe,cafe,Food,17.405848,78.4729232,2847575127,12.832,Normal
HYD001788,11084918136,Ali Cafe,cafe,Food,17.4542841,78.4109675,2249841585,11.0,Normal
HYD001789,13361820588,Almond House,cafe,Food,17.4408488,78.503202,2234141676,26.574,Normal
HYD001790,793742731,Am- Pm cafe,cafe,Food,17.446919180000002,78.35325407999999,13350757501,38.02,Normal
HYD001791,9766930174,Amano Cafe,cafe,Food,17.3371073,78.5709175,12813521903,34.466,Normal
HYD001792,9093598817,Ammamagari Illu,cafe,Food,17.4029173,78.4571119,1820079601,18.953,Normal
HYD001793,4378873492,Aqua Cafe,cafe,Food,17.3886699,78.5036851,2240856234,5.946,Normal
HYD001794,10279842278,Asiatic cafe,cafe,Food,17.4221402,78.4548339,11987679689,23.698,Normal
HYD001795,11597368919,Autumn Leaf,cafe,Food,17.4337892,78.4020089,3602301347,36.51,Normal
HYD001796,6840941123,B. DUBS,cafe,Food,17.4337768,78.4049578,3602301304,9.227,Normal
HYD001797,6935469225,BAKE 2 BAKE,cafe,Food,17.4796444,78.4806952,3598272738,21.494,Normal
HYD001798,4508429695,Balaji darshan,cafe,Food,17.4087261,78.4904922,5486729264,9.732,Normal
HYD001799,1042239883,Barista,cafe,Food,17.4579701,78.3717132,11033607287,6.269,Normal
HYD001800,9803882488,Barista,cafe,Food,17.4461437,78.3640624,11032185975,34.501,Normal
HYD001801,12857134679,Barista,cafe,Food,17.5207432,78.3977186,6150673180,15.623,Normal
HYD001802,2466611427,Barista Lavazza,cafe,Food,17.42367,78.4125626,1948881747,14.808,Normal
HYD001803,356233926,Beyond Coffee,cafe,Food,17.42963648,78.41270466,6438321293,34.971,Normal
HYD001804,14022778150,Big Star,cafe,Food,17.4240561,78.3336853,11033892356,11.359,Normal
HYD001805,6205211485,Blue Moon Irani Chai Cafe,cafe,Food,17.4404997,78.4938821,3207159879,19.205,Normal
HYD001806,6822126581,"Broadway Cafe, Bakers & Tiffins",cafe,Food,17.469468,78.425618,3602310446,12.792,Normal
HYD001807,6935457683,CELEBRATIONS,cafe,Food,17.4800874,78.4754095,2789775765,14.34,Normal
HYD001808,2729406949,Cafe,cafe,Food,17.4091667,78.4900649,315060301,19.066,Normal
HYD001809,6209822886,Cafe 555,cafe,Food,17.4029924,78.4512671,1324048052,25.33,Normal
HYD001810,4526392729,Cafe Bahar,cafe,Food,17.4414545,78.4476425,2426827706,21.077,Normal
HYD001811,12110291337,Cafe Chit Chat Chai - Kondapur,cafe,Food,17.4676094,78.3605499,2231576227,13.44,Normal
HYD001812,12852305277,Cafe Coffe day,cafe,Food,17.4056483,78.515799,11865839570,12.053,Normal
HYD001813,817353816,Cafe Coffee Day,cafe,Food,17.435846,78.4016464,11124401074,17.987,Normal
HYD001814,817354267,Cafe Coffee Day,cafe,Food,17.4261299,78.4484993,3205890365,13.019,Normal
HYD001815,888520029,Cafe Coffee Day,cafe,Food,17.4131908,78.44904,739173413,17.988,Normal
HYD001816,1275490956,Cafe Coffee Day,cafe,Food,17.4460255,78.3861105,12561131646,17.953,Normal
HYD001817,1344110839,Cafe Coffee Day,cafe,Food,17.4412248,78.381208,11041669339,38.367,Normal
HYD001818,1447172214,Cafe Coffee Day,cafe,Food,17.3984645,78.4820951,11038795038,17.357,Normal
HYD001819,1610991383,Cafe Coffee Day,cafe,Food,17.4152669,78.4088878,13354937091,17.039,Normal
HYD001820,1885685950,Cafe Coffee Day,cafe,Food,17.4238942,78.4247167,356328170,25.923,Normal
HYD001821,2014856040,Cafe Coffee Day,cafe,Food,17.4388354,78.3967696,1836661846,11.23,Normal
HYD001822,2352123652,Cafe Coffee Day,cafe,Food,17.416347,78.4479294,1324198379,16.821,Normal
HYD001823,2612239214,Cafe Coffee Day,cafe,Food,17.4418023,78.4469069,3146913655,22.727,Normal
HYD001824,3159027232,Cafe Coffee Day,cafe,Food,17.437519,78.4416304,7718905857,11.534,Normal
HYD001825,4614310917,Cafe Coffee Day,cafe,Food,17.440538,78.4817501,7699838800,18.123,Normal
HYD001826,4674762291,Cafe Coffee Day,cafe,Food,17.4799731,78.3165957,4206336802,41.371,Normal
HYD001827,4729107489,Cafe Coffee Day,cafe,Food,17.4426308,78.355663,4729118789,15.065,Normal
HYD001828,5358760122,Cafe Coffee Day,cafe,Food,17.4147537,78.4482967,12791582600,13.751,Normal
HYD001829,5405056431,Cafe Coffee Day,cafe,Food,17.442773,78.3556843,4729118789,3.361,Normal
HYD001830,6772788275,Cafe Coffee Day,cafe,Food,17.4254896,78.5339369,4315742158,30.496,Normal
HYD001831,7066081507,Cafe Coffee Day,cafe,Food,17.4497262,78.3641927,1310979636,17.625,Normal
HYD001832,7243946128,Cafe Coffee Day,cafe,Food,17.4959372,78.3596841,3614648268,26.795,Normal
HYD001833,7244243972,Cafe Coffee Day,cafe,Food,17.4003341,78.5077415,6308211156,45.471,Normal
HYD001834,7611073999,Cafe Coffee Day,cafe,Food,17.4575081,78.364418,13713352132,41.422,Normal
HYD001835,11015782751,Cafe Coffee Day,cafe,Food,17.4265089,78.4575557,12530038581,20.385,Normal
HYD001836,756217349,Cafe Coffee Day,cafe,Food,17.435526680000002,78.36696926,1709116096,30.082,Normal
HYD001837,1361329777,Cafe Coffee day,cafe,Food,17.4170067,78.5439087,10199301897,21.005,Normal
HYD001838,3166130282,Cafe Ice Magic,cafe,Food,17.3940604,78.4423952,5573811040,6.235,Normal
HYD001839,1866946860,Cafe Latte,cafe,Food,17.4648023,78.5032716,13397597124,19.833,Normal
HYD001840,11771783710,Cafe Niloufer,cafe,Food,17.413327,78.4277314,3167938019,30.094,Normal
HYD001841,892055989,Cafe Sarvi,cafe,Food,17.4131835,78.459351,2847727896,14.127,Normal
HYD001842,1313207393,Cafeteria 2,cafe,Food,17.447898411111108,78.63255503333333,7576698111,36.754,Normal
HYD001843,1242249939,Cafeteria in Krishnakanth Park,cafe,Food,17.4413822,78.4313251,11846392132,47.483,Normal
HYD001844,12601237442,Cake Cafe - mallampet,cafe,Food,17.5562278,78.3626582,3614504668,7.919,Normal
HYD001845,3159027234,Cake Exotica,cafe,Food,17.4372961,78.4414105,353720873,29.169,Normal
HYD001846,256686042,Canteen,cafe,Food,17.44066102,78.48909384000001,2257794874,20.502,Normal
HYD001847,13965391471,Chai Buster,cafe,Food,17.4257686,78.3294351,11064883422,31.996,Normal
HYD001848,13536912467,Chai Club,cafe,Food,17.4414305,78.4995252,308796009,19.961,Normal
HYD001849,13285248845,Chai Kings,cafe,Food,17.4484875,78.3601297,9898045916,10.745,Normal
HYD001850,6126434685,Chai Party,cafe,Food,17.5278976,78.4854232,11058033405,11.479,Normal
HYD001851,6137324485,Chai Party Irani Cafe,cafe,Food,17.5280475,78.4854248,11058033405,8.734,Normal
HYD001852,7043245719,Chai Point,cafe,Food,17.443382,78.3917089,7018541122,14.413,Normal
HYD001853,10171328916,Chai Point,cafe,Food,17.4496259,78.3919495,3602306536,57.422,Normal
HYD001854,10806671042,Chai Point,cafe,Food,17.4943888,78.5967468,2795779145,2.661,Normal
HYD001855,13715452798,Chai Point,cafe,Food,17.4943681,78.3927001,760461434,11.713,Normal
HYD001856,466833777,Chai Shai Bar,cafe,Food,17.440324139999998,78.48018892,7699838814,27.108,Normal
HYD001857,6369867752,Chai village,cafe,Food,17.4409109,78.4431992,349934421,26.123,Normal
HYD001858,13715498350,Chithra Vindu,cafe,Food,17.4948082,78.395381,350457146,21.371,Normal
HYD001859,2794485602,Chocolate Room,cafe,Food,17.4391952,78.3983227,1365115099,14.632,Normal
HYD001860,12976261868,Churrolto,cafe,Food,17.4565417,78.3762981,11268591788,17.687,Normal
HYD001861,14022778139,Churrolto,cafe,Food,17.4232031,78.346702,12706492018,11.08,Normal
HYD001862,7025820854,Ciclo Cafe & Bicycle Shop,cafe,Food,17.4336999,78.4043358,1948637905,42.705,Normal
HYD001863,5257229421,Ciclo Café,cafe,Food,17.4336528,78.4047279,3602301304,34.662,Normal
HYD001864,9924632185,City Cafe,cafe,Food,17.4762955,78.4826301,1255128748,17.45,Normal
HYD001865,339702114,Cliff Cafe,cafe,Food,17.45213752,78.39258878,3602307066,39.499,Normal
HYD001866,14107474771,Coffee Cup,cafe,Food,17.4540512,78.4972913,3147189502,22.794,Normal
HYD001867,6481305276,Coffee Day,cafe,Food,17.5366451,78.3845617,1814704161,9.908,Normal
HYD001868,2630309964,Coffee Food & Art,cafe,Food,17.501725,78.550842,5571207433,14.41,Normal
HYD001869,11117599908,Coffee Maniac,cafe,Food,17.4294695,78.3254817,9774168204,18.707,Normal
HYD001870,2579739895,Coffee Tree,cafe,Food,17.4902649,78.3928719,12898564652,14.165,Normal
HYD001871,7246803474,Coffee day,cafe,Food,17.3944076,78.4349784,1312715041,10.337,Normal
HYD001872,14144416901,Conçu,cafe,Food,17.4223998,78.4340276,365209277,34.352,Normal
HYD001873,1235253343,Conçu,cafe,Food,17.418503788461535,78.36427593461539,13854435220,54.731,Normal
HYD001874,6134655288,Coronation Cafe,cafe,Food,17.4059762,78.4652407,3612571456,18.33,Normal
HYD001875,6209984886,Coronation Cafe,cafe,Food,17.4063217,78.4653375,513021111,12.21,Normal
HYD001876,10171328871,Cosa de Rosa,cafe,Food,17.447691,78.3919352,1302063229,67.847,Normal
HYD001877,1426461988,Cosmos Cafe,cafe,Food,17.36354258571429,78.54416385714285,12198765337,32.804,Normal
HYD001878,6690779940,Crown Cafe,cafe,Food,17.396105,78.4963731,14053168845,12.3,Normal
HYD001879,6868660419,DELHI WALA SWEETS,cafe,Food,17.4566065,78.4225875,6297948164,41.915,Normal
HYD001880,356516843,Daffodils cafe,cafe,Food,17.403767999999996,78.51457545999997,3670021338,45.66,Normal
HYD001881,854960921,Diamond Point Hotel,cafe,Food,17.4623762,78.4909487,7702786428,10.709,Normal
HYD001882,6352370685,Dostea Chai Café,cafe,Food,17.4414944,78.3916686,3164043321,44.195,Normal
HYD001883,5877511806,Driven Cafe,cafe,Food,17.4219679,78.3386411,11043736668,10.614,Normal
HYD001884,6822126558,Drunken Monkey,cafe,Food,17.367843,78.529818,2245835987,13.656,Normal
HYD001885,12410036601,F3 Café and Bistro,cafe,Food,17.4872568,78.5438478,2222307909,35.782,Normal
HYD001886,626897768,Farasha Cafe,cafe,Food,17.3615306,78.4739962,2460386342,22.976,Normal
HYD001887,6246440085,Freak Shake,cafe,Food,17.4540505,78.3829633,1310963756,26.202,Normal
HYD001888,6822126495,Fresh And Honest Cafe Ltd,cafe,Food,17.4853,78.398959,6536120747,19.133,Normal
HYD001889,11332747887,Fruzos,cafe,Food,17.4696404,78.366851,884909411,31.443,Normal
HYD001890,3384194299,GOUSIA CAFE,cafe,Food,17.4643217,78.3759154,321717905,10.936,Normal
HYD001891,1866948270,Golden Point,cafe,Food,17.4677843,78.5066536,10074500029,10.034,Normal
HYD001892,6772788273,Golden Point,cafe,Food,17.4230951,78.5121871,309707741,12.572,Normal
HYD001893,6131962785,Golden Special Irani Chai,cafe,Food,17.5312157,78.4875159,3618933584,21.82,Normal
HYD001894,1334686105,Good Luck Cafe,cafe,Food,17.4413319,78.448238,12143967951,15.925,Normal
HYD001895,6375069342,Good Will Hotel,cafe,Food,17.5074308,78.4076729,2783285720,8.425,Normal
HYD001896,3638804612,Grand Ma Bakery,cafe,Food,17.41697,78.4384751,7682662016,13.672,Normal
HYD001897,11773916556,Hangout,cafe,Food,17.4922715,78.4059143,11817898427,31.402,Normal
HYD001898,6213051887,Harika Tiffins &Snacks,cafe,Food,17.4290162,78.4052452,353759591,25.812,Normal
HYD001899,11402746855,Harley’s,cafe,Food,17.2351878,78.4337816,4795606959,36.718,Normal
HYD001900,8921450263,Hashtag,cafe,Food,17.3743811,78.5526913,12833496683,8.802,Normal
HYD001901,3010475772,HeartCup Coffee,cafe,Food,17.4440522,78.4691906,4614442660,20.01,Normal
HYD001902,4920193221,Heavenz,cafe,Food,17.396742,78.4847267,308775888,21.725,Normal
HYD001903,6187870385,Himalaya Cafe,cafe,Food,17.3961227,78.4625614,308532093,13.265,Normal
HYD001904,11082456164,Hina J.K Point,cafe,Food,17.4557125,78.4091484,1284260203,11.564,Normal
HYD001905,1309296596,Hotel Astoria,cafe,Food,17.4048814,78.4675629,2422989056,10.888,Normal
HYD001906,6133852986,Hotel Skylab Irani Chai Cafe,cafe,Food,17.4359573,78.5187439,12322961849,16.699,Normal
HYD001907,9150847517,HummingBird Café,cafe,Food,17.440457,78.3974255,1365115098,22.27,Normal
HYD001908,4187283992,Hyder Cafe,cafe,Food,17.3658039,78.4807565,2854813671,15.762,Normal
HYD001909,6697930152,Imroze Cafe,cafe,Food,17.4342826,78.4457999,289511426,21.385,Normal
HYD001910,7246564074,Indian cafe,cafe,Food,17.3479666,78.547559,11883536566,18.347,Normal
HYD001911,356175873,Industrial cafe,cafe,Food,17.491361400000002,78.43942756,7691325191,26.071,Normal
HYD001912,3507964234,Irani hotel,cafe,Food,17.3935904,78.5222355,2234831460,18.694,Normal
HYD001913,13285248850,Iron Hill Cafe,cafe,Food,17.4480536,78.3611554,13351216696,13.752,Normal
HYD001914,13196312447,Isabel,cafe,Food,17.4441112,78.3847992,352765073,22.252,Normal
HYD001915,331213192,JNTU - Canteen,cafe,Food,17.49423298,78.39277104,760461434,26.679,Normal
HYD001916,11343121738,Jack & Jill,cafe,Food,17.4952063,78.544394,5569686498,22.759,Normal
HYD001917,2843585223,Jalakanya Hotel,cafe,Food,17.5043639,78.415797,1578270746,6.394,Normal
HYD001918,357589514,Joy cafe,cafe,Food,17.36974252,78.5397904,11380781115,17.828,Normal
HYD001919,5409224603,Just Bake,cafe,Food,17.4038651,78.5147033,3670021338,28.31,Normal
HYD001920,14051979366,Just Bake,cafe,Food,17.368325,78.5767055,3598389019,9.444,Normal
HYD001921,5259994123,Kaficko,cafe,Food,17.4246579,78.4101163,10225123889,42.815,Normal
HYD001922,13657608396,Kahani Cafe,cafe,Food,17.3567284,78.5590319,1596101673,16.601,Normal
HYD001923,1489792397,Kahani Cafe,cafe,Food,17.35678742,78.55889988000001,1596101673,22.414,Normal
HYD001924,14107474775,Karachi Bakery and Cafe,cafe,Food,17.4541382,78.4975398,3147189503,19.635,Normal
HYD001925,10718148977,Karachi Cafe,cafe,Food,17.4415605,78.3767286,11482282110,30.07,Normal
HYD001926,7015780388,Karma Kaapi,cafe,Food,17.4483027,78.6368688,3598311102,37.283,Normal
HYD001927,4784090873,Labonel fine baking,cafe,Food,17.4368647,78.3665736,2246173607,26.141,Normal
HYD001928,7113996685,Laiba's cafe,cafe,Food,17.4314834,78.4260064,11829722764,40.133,Normal
HYD001929,7004557287,Lassi Shop,cafe,Food,17.3546889,78.4728822,306621386,13.013,Normal
HYD001930,7860471142,Lassi Shop,cafe,Food,17.4975812,78.3580038,1344080529,13.931,Normal
HYD001931,356234447,Le Vantage Cafe Bar,cafe,Food,17.430084400000002,78.41779122,356322847,30.699,Normal
HYD001932,5644406041,Limrah Tea & Snaks,cafe,Food,17.3568846,78.4399451,2738997890,7.466,Normal
HYD001933,728328520,Lucky Hotel,cafe,Food,17.404463,78.4643425,1263253341,13.667,Normal
HYD001934,360462644,Lush Cafe | By the Lake,cafe,Food,17.43646468,78.39198919999998,1323700134,16.08,Normal
HYD001935,2580734986,Maitree Cafetaria,cafe,Food,17.4239569,78.5261771,2578021680,28.513,Normal
HYD001936,356555646,Marjan hotel,cafe,Food,17.395472200000004,78.45498928,308532081,27.669,Normal
HYD001937,6582353398,Masthanamma Canteen,cafe,Food,17.4211212,78.5647834,3317426080,13.683,Normal
HYD001938,10718145768,McCafé,cafe,Food,17.4480798,78.3790681,13041357151,8.922,Normal
HYD001939,13290111923,Millet Travels,cafe,Food,17.2355707,78.434252,11028319164,78.701,Normal
HYD001940,2403426783,Minerva,cafe,Food,17.4372461,78.4459874,2697421197,17.891,Normal
HYD001941,11402746859,Minerva,cafe,Food,17.2356685,78.4342342,11028319164,67.702,Normal
HYD001942,613410619,Minerva Coffee House,cafe,Food,17.4013136,78.4853821,11038746956,5.072,Normal
HYD001943,5942734591,Minevera Coffee Shop,cafe,Food,17.4461557,78.384665,13361464081,15.747,Normal
HYD001944,356021831,Monginis Cake Shop,cafe,Food,17.495040783333334,78.34798993333334,13251063891,32.364,Normal
HYD001945,8866661348,Moon Bean Cafe bar,cafe,Food,17.3690624,78.5164337,2243963561,28.739,Normal
HYD001946,3010587655,Mother India,cafe,Food,17.4621741,78.4913844,7702786435,5.041,Normal
HYD001947,355962356,Mr Monk,cafe,Food,17.512068714999998,78.51312885,2783189170,15.721,Normal
HYD001948,11084918128,Mubarak Cafe And Restarunt,cafe,Food,17.4468771,78.4232229,4185218650,8.929,Normal
HYD001949,7016789694,Mumtaz,cafe,Food,17.3630966,78.477355,2461314124,8.344,Normal
HYD001950,6131962786,My Friend’s Irani Chai,cafe,Food,17.4992034,78.4771905,13008902639,13.995,Normal
HYD001951,9731704308,N S Pizza Hub,cafe,Food,17.4236387,78.5077151,11865925640,11.407,Normal
HYD001952,2710767846,NFC,cafe,Food,17.493049,78.40946,3602320494,22.125,Normal
HYD001953,1271894842,Nartaki Cafe,cafe,Food,17.4943491,78.5129347,2221879874,22.54,Normal
HYD001954,6758497452,Nebraska Hotel,cafe,Food,17.4083364,78.5144366,3669911895,5.808,Normal
HYD001955,6822126589,New Banjara Cafe,cafe,Food,17.469455,78.422083,3602310415,18.508,Normal
HYD001956,6187870785,New Nilofer,cafe,Food,17.3996049,78.4629214,11980030028,5.817,Normal
HYD001957,2052610437,Nilofer Cafe,cafe,Food,17.3996015,78.4627111,11980154949,3.571,Normal
HYD001958,13906515288,Niloufer,cafe,Food,17.4342994,78.3770261,12131061342,43.417,Normal
HYD001959,6187870386,Niloufer Bakery,cafe,Food,17.4005982,78.4628453,308532102,25.502,Normal
HYD001960,2710929650,Nimrah,cafe,Food,17.361389,78.4742856,306593148,15.224,Normal
HYD001961,9903904325,Orient Cafe,cafe,Food,17.4440151,78.4458097,2964316838,13.918,Normal
HYD001962,13707212259,Paradise Cafe,cafe,Food,17.4417083,78.487255,2792122616,18.203,Normal
HYD001963,11447318966,Prezmo,cafe,Food,17.3936422,78.3409298,2244916321,23.167,Normal
HYD001964,341366884,RIO,cafe,Food,17.440518,78.49563782,3790504692,14.56,Normal
HYD001965,1713960847,Raghavendra Tiffins,cafe,Food,17.3651684,78.5568071,1596690636,12.702,Normal
HYD001966,6935318131,Rams,cafe,Food,17.4402465,78.361869,11811064797,24.005,Normal
HYD001967,2352094397,Red rose cafe,cafe,Food,17.4213813,78.4557705,2185099457,12.434,Normal
HYD001968,6710912114,Rio Cafe,cafe,Food,17.4404949,78.4956406,3147189448,12.352,Normal
HYD001969,1059327349,Roast CCx,cafe,Food,17.423571366666668,78.43229176666667,12390004362,13.032,Normal
HYD001970,11597323663,Roastery,cafe,Food,17.4232807,78.4315491,365209218,12.178,Normal
HYD001971,11027534546,Rose land cafe,cafe,Food,17.4321204,78.4461681,1312229423,9.009,Normal
HYD001972,2710632106,Rumaan Cafe,cafe,Food,17.3988889,78.4164898,6829353284,15.982,Normal
HYD001973,10262083190,SATYA NARAYANA CAFE,cafe,Food,17.4469498,78.5328389,1333810875,11.245,Normal
HYD001974,11361156221,SUSHMA TEA POINT,cafe,Food,17.4927364,78.3843766,1655560260,15.391,Normal
HYD001975,5404824143,SVK canteen,cafe,Food,17.4359971,78.3600653,5391741261,10.459,Normal
HYD001976,4684713994,Salarjung Museum Tea Stall,cafe,Food,17.3711694,78.4799305,3612556322,12.919,Normal
HYD001977,6246300070,Sangam Hotel,cafe,Food,17.3841607,78.4938074,1557486521,9.126,Normal
HYD001978,2817350830,Santhi Bakers,cafe,Food,17.3863828,78.4400604,1321359616,12.236,Normal
HYD001979,6693360867,Sarvi Hotel,cafe,Food,17.3944202,78.4398023,10100669507,18.966,Normal
HYD001980,6936812106,Scidmore Park,cafe,Food,17.4177652,78.6284241,6936812112,12.524,Normal
HYD001981,12854596350,Sea Rock Cafe,cafe,Food,17.4196215,78.4624516,1780127619,13.658,Normal
HYD001982,7088103681,Shadhab bekary & cafe,cafe,Food,17.5297619,78.2635143,12237152216,14.425,Normal
HYD001983,10732489637,Shazaan Cafe,cafe,Food,17.3974757,78.4009687,2852222437,8.092,Normal
HYD001984,6765562759,Shine Cafe,cafe,Food,17.4254761,78.5150008,3598255544,12.461,Normal
HYD001985,6822126623,Sikander Irani Tea And Snacks Point,cafe,Food,17.4377802,78.4401942,7718905845,14.33,Normal
HYD001986,6209990590,Sitara Cafe,cafe,Food,17.4014076,78.4641416,13271948202,10.584,Normal
HYD001987,5608451451,Sree Balaji Sweet Shop,cafe,Food,17.4198866,78.5172634,309707235,20.065,Normal
HYD001988,6503654492,"Sri Balaji Tiffins, Meals & Curry Point",cafe,Food,17.4203544,78.5657599,3317426075,18.461,Normal
HYD001989,6593421940,Sri Karthikeya's Turning Point Food Court,cafe,Food,17.4229644,78.5683869,310446955,10.829,Normal
HYD001990,6593421949,Sri Sai Narmadha Tea & Tiffins,cafe,Food,17.423248,78.5678261,11478251906,9.216,Normal
HYD001991,7345777442,Sri Siddi Chamundeshwari,cafe,Food,17.3211198,78.3713579,7602686015,6.363,Normal
HYD001992,5448265105,Starbucks,cafe,Food,17.4329059,78.4071232,2570967689,18.492,Normal
HYD001993,5515637837,Starbucks,cafe,Food,17.4414532,78.3807897,5901582663,30.958,Normal
HYD001994,5620024292,Starbucks,cafe,Food,17.4193666,78.4482191,2126214170,11.135,Normal
HYD001995,9803882481,Starbucks,cafe,Food,17.4496549,78.3635165,12832950554,7.131,Normal
HYD001996,10718145770,Starbucks,cafe,Food,17.4478744,78.379037,13041357151,16.577,Normal
HYD001997,11447355806,Starbucks,cafe,Food,17.3859602,78.3337107,2244916010,34.596,Normal
HYD001998,356233723,Starbucks,cafe,Food,17.41696418,78.41607164,13328021711,33.965,Normal
HYD001999,7088581772,Surekha Tiffins,cafe,Food,17.5333019,78.5160871,2852246673,14.645,Normal
HYD002000,357040594,Suruchi,cafe,Food,17.31768654,78.40321784,2531898118,58.675,Normal
HYD002001,1340889258,Swathi Tiffins,cafe,Food,17.3765194,78.5575132,3219751012,22.908,Normal
HYD002002,13715420823,THE STUDY SIP,cafe,Food,17.493429,78.3930988,1427606374,34.618,Normal
HYD002003,13715448258,THE STUDY SIP,cafe,Food,17.4952122,78.3927568,7683005493,26.521,Normal
HYD002004,11772090397,Tawakal Cafe,cafe,Food,17.4970169,78.3613839,11828158694,14.533,Normal
HYD002005,7021303711,Tea Trails Cafe,cafe,Food,17.4373534,78.3853935,5901568004,50.706,Normal
HYD002006,11422123769,Tea and Snacks,cafe,Food,17.4270007,78.4582636,2854544661,22.908,Normal
HYD002007,13673574376,Tea house,cafe,Food,17.4033357,78.4834177,315057063,25.32,Normal
HYD002008,6822126533,Telangana Tea Stall,cafe,Food,17.4192438,78.4418493,356345185,25.885,Normal
HYD002009,6089840786,Terrasen Cafe,cafe,Food,17.4204876,78.4410872,312822841,24.849,Normal
HYD002010,7025820780,The Blender's Cafe,cafe,Food,17.4442543,78.3973902,324210243,39.099,Normal
HYD002011,7003041686,The Stop 'n Go,cafe,Food,17.457032,78.5086176,7003041721,19.243,Normal
HYD002012,13715402826,The Study Sip,cafe,Food,17.4950064,78.3927064,7683005493,5.837,Normal
HYD002013,13715429716,The Study Sip,cafe,Food,17.4943481,78.3930671,987738172,22.132,Normal
HYD002014,960681063,Theory Cafe & Desert Bar,cafe,Food,17.43179992,78.41467686,356322888,22.6,Normal
HYD002015,11597368004,Third Wave Coffee,cafe,Food,17.4574395,78.372086,1334701775,25.326,Normal
HYD002016,13196312446,This The Place!,cafe,Food,17.4440806,78.3847896,7035373883,21.281,Normal
HYD002017,6582335081,Tiffin Center,cafe,Food,17.4220289,78.565441,2841186713,11.451,Normal
HYD002018,2715299136,Tiffin center,cafe,Food,17.4103182,78.4855958,12049270432,12.735,Normal
HYD002019,1435322442,Turning Point,cafe,Food,17.4524881,78.5335279,1332770402,8.815,Normal
HYD002020,5539317124,Turning Point Cafe,cafe,Food,17.4194736,78.5196532,309707230,14.576,Normal
HYD002021,6153763385,Venkataramana Irani Chai Cafe,cafe,Food,17.5430347,78.4911353,13851802904,18.755,Normal
HYD002022,9094232018,Vindhu Tiffins,cafe,Food,17.4419954,78.4440716,355647271,20.153,Normal
HYD002023,6411856963,WAFL Café,cafe,Food,17.422361,78.3477331,1755781051,14.878,Normal
HYD002024,7025820838,Waffle House,cafe,Food,17.4346129,78.3939618,8299098781,19.112,Normal
HYD002025,12298767100,Wraps & Broast,cafe,Food,17.4504422,78.4253744,1749996294,18.228,Normal
HYD002026,6822126474,Yaqoob Ali Cafe,cafe,Food,17.355401,78.463582,4204667095,12.778,Normal
HYD002027,7608653251,Ye Lo Chai,cafe,Food,17.4646797,78.3653234,11490268709,6.713,Normal
HYD002028,13436947596,Zam Zam,cafe,Food,17.3682554,78.4003585,2461504276,7.341,Normal
HYD002029,6208309286,Zam Zam Cafe,cafe,Food,17.4019737,78.4695787,289916812,36.6,Normal
HYD002030,10732482012,Zeeshaan Cafe,cafe,Food,17.397285,78.4006455,11907017665,15.369,Normal
HYD002031,7027876786,Zeeshan hotel,cafe,Food,17.3878813,78.3999564,2594354870,9.951,Normal
HYD002032,10226921318,Zen Bowls,cafe,Food,17.3998847,78.3672763,2245932416,34.519,Normal
HYD002033,626897176,ali cafe,cafe,Food,17.3653731,78.4870928,308559898,16.923,Normal
HYD002034,776398749,ali's cafe,cafe,Food,17.339833059999997,78.36958044000001,11512953552,21.843,Normal
HYD002035,4415336191,andhra cafe,cafe,Food,17.4111893,78.4926794,308938372,17.044,Normal
HYD002036,11690847010,arch cafe,cafe,Food,17.3612924,78.544728,3612552262,36.91,Normal
HYD002037,357354905,arun icecream,cafe,Food,17.357680819999995,78.52154656,3612550463,21.22,Normal
HYD002038,11484352543,cafe coffee,cafe,Food,17.3469468,78.5509249,3612547250,19.356,Normal
HYD002039,10903231372,cafe day,cafe,Food,17.330489,78.5745238,1324667396,14.305,Normal
HYD002040,343607169,cafe shop,cafe,Food,17.49398364,78.40338352,12882939080,17.512,Normal
HYD002041,10277927482,cafe1,cafe,Food,17.4381232,78.5423587,2234141313,12.347,Normal
HYD002042,620548223,canteen,cafe,Food,17.20976752,78.62279464,2491309380,28.599,Normal
HYD002043,1465001200,coffee centre,cafe,Food,17.4031153,78.49638215,315062470,21.03,Normal
HYD002044,11696546991,dlite shakes,cafe,Food,17.3587788,78.5423089,2245835228,23.101,Normal
HYD002045,3506878893,ganga jamuna hotel,cafe,Food,17.443833,78.5175911,2232016649,8.847,Normal
HYD002046,6372463303,irani,cafe,Food,17.372511,78.5442504,1596679960,20.204,Normal
HYD002047,7246498944,makers of milkshake,cafe,Food,17.4871866,78.3914828,10694262994,12.709,Normal
HYD002048,343856415,mrect canteen,cafe,Food,17.5621225,78.45519274,7669037197,37.685,Normal
HYD002049,626897179,new ali cafe,cafe,Food,17.3677078,78.4857088,12048772328,13.708,Normal
HYD002050,11690820970,nio o nine,cafe,Food,17.3601769,78.544075,13366696887,8.404,Normal
HYD002051,1544837614,ouce canteen,cafe,Food,17.40656484,78.51963638000001,13415028469,15.917,Normal
HYD002052,6935202898,ram,cafe,Food,17.3946119,78.6207427,3598395728,44.109,Normal
HYD002053,6935357885,ramc,cafe,Food,17.3041232,78.5141196,7676891206,8.898,Normal
HYD002054,9713129747,roobaroo cafe,cafe,Food,17.3524157,78.5114738,312780874,27.213,Normal
HYD002055,626897044,seven star cafe,cafe,Food,17.3692876,78.4783351,626898622,44.633,Normal
HYD002056,9903987779,shakes N slices,cafe,Food,17.5379012,78.3641789,3614500564,7.187,Normal
HYD002057,7243974415,sheela cafe,cafe,Food,17.3963694,78.5031801,2236747693,18.707,Normal
HYD002058,6372301072,tea,cafe,Food,17.3756784,78.5409623,2241233024,11.722,Normal
HYD002059,9960782562,tea time,cafe,Food,17.5701711,78.4319123,6151014058,33.241,Normal
HYD002060,13436948447,tea time,cafe,Food,17.3988158,78.4997957,2236282832,4.908,Normal
HYD002061,13437221822,tea time,cafe,Food,17.5223238,78.6684764,2714800911,10.7,Normal
HYD002062,7010429408,the chocolate room,cafe,Food,17.4056683,78.4791361,3158888367,22.242,Normal
HYD002063,596783347,white board cafe,cafe,Food,17.44605542857143,78.37773082857143,6149806096,23.065,Normal
HYD002064,626896819,zeeshan hotel,cafe,Food,17.3618613,78.4865451,308559908,14.747,Normal
HYD002066,13518983724,military training area,camp_site,Accommodation,17.3744581,78.4071211,2403623802,113.841,Extended
HYD002260,10255197311,Zafrsha,caravan_site,Accommodation,17.3912744,78.458892,6518032069,26.165,Normal
HYD002261,4677239589,بيت أمي في الهند,caravan_site,Accommodation,17.3093434,78.4847055,3612534218,31.434,Normal
HYD002263,361691482,Chiraan Palace,castle,Culture & Heritage,17.420361638095237,78.42110163809525,634098166,438.502,Extended
HYD002264,281501992,Hill Fort,castle,Culture & Heritage,17.403385544444443,78.47351076666668,4260579988,60.791,Normal
HYD002265,344499895,Raja Dhanrajgir Palace,castle,Culture & Heritage,17.379922725925923,78.46561394814816,11046385832,39.26,Normal
HYD003722,3954738717,Masjid El Salam,church,Religion,17.395103,78.4558436,3977560963,35.63,Normal
HYD003723,10789422583,AAA Cinemas,cinema,Entertainment,17.4371929,78.448703,13848414946,29.189,Normal
HYD003724,9660169817,ALLU Studios,cinema,Entertainment,17.3882767,78.344712,10567488617,12.364,Normal
HYD003725,6771713703,AMB Cinemas,cinema,Entertainment,17.457321,78.3634764,2807852291,56.984,Normal
HYD003726,116019626,Amaravathi,cinema,Entertainment,17.404996259999997,78.46327352,3612571023,15.509,Normal
HYD003727,321714892,Aradhana Theatre,cinema,Entertainment,17.4250205,78.5332669,309700157,22.166,Normal
HYD003728,10789525446,Arjun Theatre,cinema,Entertainment,17.4969319,78.3969152,349020732,17.956,Normal
HYD003729,355678189,Arjun Theatre,cinema,Entertainment,17.496871759999998,78.39698546,349020732,27.973,Normal
HYD003730,5532681291,Asian Cine Square,cinema,Entertainment,17.4022414,78.571963,8195784241,35.451,Normal
HYD003731,722762248,Asian Cinemas,cinema,Entertainment,17.52963036,78.48583547999999,10223019096,47.931,Normal
HYD003732,265212777,Asian GPR Multiplex,cinema,Entertainment,17.499235499999998,78.3906245,7100963046,18.38,Normal
HYD003733,10577814637,Asian M Cube,cinema,Entertainment,17.371653,78.4297834,6555285234,20.555,Normal
HYD003734,10789525444,Asian Mukta Cinemas (Konark),cinema,Entertainment,17.3678946,78.5243451,11987094838,24.691,Normal
HYD003735,8110782547,Asian Shiva Ganga,cinema,Entertainment,17.3612558,78.5232186,11033768978,29.306,Normal
HYD003736,10789525449,BR Hitech Theatre,cinema,Entertainment,17.4444549,78.3881266,1042264819,29.042,Normal
HYD003737,356020284,BR Hitech Theatre,cinema,Entertainment,17.4443827625,78.38820989999999,1049684449,20.736,Normal
HYD003738,3819453369,Bhujanga Theatre,cinema,Entertainment,17.5121487,78.4486692,11484519902,24.935,Normal
HYD003739,354534764,Chandrakala (Asian Lakshmikala),cinema,Entertainment,17.4675083,78.4282422,10279933628,36.293,Normal
HYD003740,1344433412,Cine Town & Laxmi 70 MM,cinema,Entertainment,17.4954057,78.3533726,13386200365,34.628,Normal
HYD003741,2579737598,Cinepolis,cinema,Entertainment,17.4899688,78.3927279,11066414999,35.591,Normal
HYD003742,1122014051,Cinepolis,cinema,Entertainment,17.353660825,78.42073020000001,12025556538,15.467,Normal
HYD003743,12885855106,Cinepolis TNR North City,cinema,Entertainment,17.5028949,78.4776483,13417973262,41.748,Normal
HYD003744,902979412,Cinepolis-mantra mall,cinema,Entertainment,17.353660825,78.42073020000001,12025556538,15.467,Normal
HYD003745,677300639,Deepak Theatre,cinema,Entertainment,17.3980757,78.492579,3612567306,40.334,Normal
HYD003746,357102420,Devi,cinema,Entertainment,17.406199480000005,78.49494134,3612571623,36.743,Normal
HYD003747,3390852922,Flanker Cinema,cinema,Entertainment,17.3763919,78.4199912,11505257956,7.139,Normal
HYD003748,7243983823,Galaxy Theatre,cinema,Entertainment,17.4036256,78.409811,1295726560,16.865,Normal
HYD003749,10789443671,Gokul Theatre,cinema,Entertainment,17.4536439,78.4345742,7925366219,17.599,Normal
HYD003750,5620024293,INOX,cinema,Entertainment,17.4195272,78.4486519,2126214181,15.813,Normal
HYD003751,890312487,INOX Cinema,cinema,Entertainment,17.418803,78.4484007,2126214148,3.948,Normal
HYD003752,11770993377,INOX Leisure,cinema,Entertainment,17.4792324,78.4175627,12285163484,34.371,Normal
HYD003753,12990861170,INOX Leisure,cinema,Entertainment,17.4946087,78.3550513,3205667405,37.456,Normal
HYD003754,6651571856,Inox -Cinemas,cinema,Entertainment,17.4962888,78.3357316,4206603362,31.209,Normal
HYD003755,206633094,Konark theatre,cinema,Entertainment,17.367873633333332,78.52435604,11987094838,22.093,Normal
HYD003756,2447310770,Kumar 70 mm,cinema,Entertainment,17.3889362,78.4962342,12045548769,21.133,Normal
HYD003757,1905171010,Lakshmikala,cinema,Entertainment,17.4673137,78.428333,3602309902,22.463,Normal
HYD003758,7537445024,MCEME Cinema Hall Manoranjan,cinema,Entertainment,17.4847676,78.5135811,7675953949,16.553,Normal
HYD003759,3842496350,Maheshwari Parmeshwari INOX Cinemas,cinema,Entertainment,17.3906881,78.4883506,13347258023,16.776,Normal
HYD003760,582824598,Manju Cinema,cinema,Entertainment,17.4404726,78.4935719,3207159878,34.005,Normal
HYD003761,2429327991,Megha Theatre,cinema,Entertainment,17.3679685,78.5266084,2243963419,53.517,Normal
HYD003762,7025820767,Mic Movies,cinema,Entertainment,17.4436886,78.4008906,1284170969,17.785,Normal
HYD003763,4415867094,Miraj Cinemas,cinema,Entertainment,17.3676916,78.5362891,2217960490,18.468,Normal
HYD003764,2217960486,Miraj Cinemas Shalini,cinema,Entertainment,17.3677496,78.5363059,2217960490,22.858,Normal
HYD003765,9605387516,Miraj cinemas,cinema,Entertainment,17.4941537,78.3182236,660578481,29.649,Normal
HYD003766,2217960488,Miraj cinemas Shivani,cinema,Entertainment,17.3673912,78.5361718,2217960500,23.45,Normal
HYD003767,10277755878,Movie Max,cinema,Entertainment,17.4633897,78.5604988,7716704156,39.655,Normal
HYD003768,1271894851,Nartaki Theatre,cinema,Entertainment,17.4945639,78.5134819,11224373444,11.498,Normal
HYD003769,634135188,Odeon complex,cinema,Entertainment,17.4054697,78.4965246,11043523508,29.029,Normal
HYD003770,344033748,PVR Cinemas,cinema,Entertainment,17.4233743,78.4278935,3602299800,19.125,Normal
HYD003771,6771713701,PVR Cinemas,cinema,Entertainment,17.4267669,78.4531002,7701119341,23.35,Normal
HYD003772,9803882486,PVR Cinemas,cinema,Entertainment,17.4463392,78.3642127,11032185974,35.267,Normal
HYD003773,10789486270,"PVR Cinemas, Icon",cinema,Entertainment,17.4481318,78.3844627,7100608023,27.346,Normal
HYD003774,10789477897,PVR Next Galleria,cinema,Entertainment,17.4286801,78.4504275,5956936309,36.726,Normal
HYD003775,10789488362,PVR Next Premia,cinema,Entertainment,17.4208001,78.4554217,7030710342,18.561,Normal
HYD003776,8583160409,PVR Preston Prime,cinema,Entertainment,17.4308333,78.3734976,9512781524,14.087,Normal
HYD003777,7066081505,Platinum,cinema,Entertainment,17.4522209,78.3627119,13350856577,34.504,Normal
HYD003778,1883484106,Platinum Cinemas,cinema,Entertainment,17.4302638,78.4484072,7159840159,40.607,Normal
HYD003779,10789496134,Prasads Imax,cinema,Entertainment,17.4127019,78.4657508,11502416498,47.812,Normal
HYD003780,1534935432,Prasads Lab preview Theatre,cinema,Entertainment,17.4238,78.4263912,12744239834,11.032,Normal
HYD003781,582824405,Prashanth theatre,cinema,Entertainment,17.4395738,78.4985352,11068360058,25.187,Normal
HYD003782,6771713702,Pvr Cinemas,cinema,Entertainment,17.4351644,78.3867947,6150752511,43.842,Normal
HYD003783,11358156626,Pvr Nexus mall,cinema,Entertainment,17.4844074,78.3889568,10244259975,40.361,Normal
HYD003784,6030048697,Radhika Movieplex,cinema,Entertainment,17.4767375,78.5630832,11066130148,17.496,Normal
HYD003785,232958171,Rajdhani Theatre 30mm,cinema,Entertainment,17.369114166666666,78.52727513333333,13798029133,30.766,Normal
HYD003786,184108727,Ram Theatre,cinema,Entertainment,17.437273299999998,78.54450283999999,4275283719,28.382,Normal
HYD003787,1038351374,Ramakrishna Theatre,cinema,Entertainment,17.3861153,78.4763073,11173370175,8.505,Normal
HYD003788,2742570656,Ranga Theatre,cinema,Entertainment,17.5121042,78.448187,11484519902,26.687,Normal
HYD003789,116015021,Regal Theatre,cinema,Entertainment,17.407339380000003,78.46258742,712982498,28.065,Normal
HYD003790,4769974088,SSV Cine Park,cinema,Entertainment,17.5319836,78.2709295,11513370443,28.661,Normal
HYD003791,10789553718,SVC Cinemas,cinema,Entertainment,17.3694742,78.5397713,1596680135,34.112,Normal
HYD003792,232954450,SVC Cinemas,cinema,Entertainment,17.369535714285714,78.53976515714287,11380781115,33.315,Normal
HYD003793,10789525450,SVC Eshwar Theatre,cinema,Entertainment,17.3665498,78.4276294,11486152575,20.773,Normal
HYD003794,10789525445,SVC Theatre,cinema,Entertainment,17.513403,78.2866416,4204212094,32.842,Normal
HYD003795,1438252859,Sai Ram Theatre,cinema,Entertainment,17.4463533,78.5354401,3989442100,28.285,Normal
HYD003796,2705349440,Sai Ranga,cinema,Entertainment,17.4954631,78.3597482,2231949556,29.54,Normal
HYD003797,3613131720,Sampoorna Theater,cinema,Entertainment,17.3311387,78.5760357,2803084499,24.174,Normal
HYD003798,10789553717,Sandhya 70mm,cinema,Entertainment,17.4070181,78.4973309,4262208470,33.758,Normal
HYD003799,579468932,Sandhya cinemas,cinema,Entertainment,17.40701994,78.49734228,4262208470,33.449,Normal
HYD003800,414123776,Saptagiri,cinema,Entertainment,17.408142220000002,78.49665977999999,12043446968,17.753,Normal
HYD003801,246103772,Sarada Theatre,cinema,Entertainment,17.483278,78.55515485999999,2225461356,28.035,Normal
HYD003802,5596003522,Select,cinema,Entertainment,17.5115108,78.5106747,3598284355,35.823,Normal
HYD003803,3249112572,Sensation Insomnia,cinema,Entertainment,17.4069137,78.4635188,11038535684,41.688,Normal
HYD003804,3249112573,Sensation Sunshine,cinema,Entertainment,17.40713,78.4635409,11038535684,31.856,Normal
HYD003805,3249112574,Shaam Theatre,cinema,Entertainment,17.4074371,78.4630567,12041124270,59.06,Normal
HYD003806,10789525452,Shanti Cinema Theatre,cinema,Entertainment,17.396027,78.4898863,11033838298,37.902,Normal
HYD003807,142300260,Shanti Cinema Theatre,cinema,Entertainment,17.396106425,78.48985105,11033838298,42.998,Normal
HYD003808,354534765,Shashikala,cinema,Entertainment,17.4678001,78.428118,11867921235,27.875,Normal
HYD003809,10789422582,Sheesh Mahal,cinema,Entertainment,17.4346495,78.448776,3598257906,13.587,Normal
HYD003810,355678227,Shiva Parvathi,cinema,Entertainment,17.4966072,78.39699183333333,1427661303,47.312,Normal
HYD003811,10789525447,Shiva Parvathi Theatre,cinema,Entertainment,17.4966507,78.3969378,349020732,46.507,Normal
HYD003812,414123735,Sree Mayuri,cinema,Entertainment,17.407374026666663,78.49622181333334,4003605868,34.082,Normal
HYD003813,410554609,Sri Devi Theatre,cinema,Entertainment,17.431347860000002,78.51305041999998,11330403286,35.675,Normal
HYD003814,10789525453,Sri Krishna Theatre,cinema,Entertainment,17.4007447,78.5678691,11043966058,13.596,Normal
HYD003815,354534763,Sri Ramulu,cinema,Entertainment,17.4677936,78.4293808,3602310016,28.434,Normal
HYD003816,771240789,Sri Sai Raja theatre,cinema,Entertainment,17.4146824,78.4981191,12047215294,13.775,Normal
HYD003817,4153380189,Sridevi,cinema,Entertainment,17.498316,78.3170317,11505240803,27.613,Normal
HYD003818,10789538087,Sridevi Theatre,cinema,Entertainment,17.4314082,78.5129425,11330403284,24.723,Normal
HYD003819,4707187893,Srilatha,cinema,Entertainment,17.4980929,78.3170177,11505240796,34.285,Normal
HYD003820,357101987,Sudarshan 35mm,cinema,Entertainment,17.4065551,78.49500043999998,3612572022,15.79,Normal
HYD003821,6685486361,Suresh Theatre,cinema,Entertainment,17.4267722,78.5161035,13542483299,28.105,Normal
HYD003822,357093875,Suresh Theatre,cinema,Entertainment,17.426853946666668,78.51611391333334,13542483299,36.232,Normal
HYD003823,2431770746,Sushma Theatre,cinema,Entertainment,17.3357552,78.5735654,13401330255,29.394,Normal
HYD003824,10280090373,Swapna 35MM,cinema,Entertainment,17.3114051,78.4387192,3659674722,26.183,Normal
HYD003825,10280090372,Swapna Theatre 70MM,cinema,Entertainment,17.3117365,78.438697,2730570202,22.445,Normal
HYD003826,10789525451,Talluri Theatre,cinema,Entertainment,17.4776455,78.5722863,11890923016,7.786,Normal
HYD003827,357130502,Tarakarama Cinema,cinema,Entertainment,17.390531959999997,78.48791666,11036720362,26.102,Normal
HYD003828,361374180,Tivoli Cinema,cinema,Entertainment,17.448190610526314,78.49301185263157,3148550371,39.203,Normal
HYD003829,79911348,Tivoli Extreme Cinema,cinema,Entertainment,17.44733915,78.4923423,3147213795,24.902,Normal
HYD003830,10789538086,Venkatadri theatre,cinema,Entertainment,17.3680535,78.5234477,11082995796,36.636,Normal
HYD003831,206633095,Venkatadri theatre,cinema,Entertainment,17.36799796875,78.5235421375,11082995796,25.584,Normal
HYD003832,636456848,Venkatesa Cinema Theatre,cinema,Entertainment,17.3992059,78.4928268,11501895097,32.532,Normal
HYD003833,2447148659,Vijayalakshmi Theatre,cinema,Entertainment,17.3437077,78.554271,6755868197,26.838,Normal
HYD003834,6868678696,Vijetha Cinemas,cinema,Entertainment,17.4543396,78.4191447,7655106950,16.482,Normal
HYD003835,90559496,Vimal 70mm,cinema,Entertainment,17.463882100000003,78.45130171666666,11037163048,19.011,Normal
HYD003836,1242158851,Vimal Theater,cinema,Entertainment,17.4637221,78.451276,11037163049,31.293,Normal
HYD003837,2429900519,Vishnu Theatre,cinema,Entertainment,17.338962,78.5657429,3598383886,44.426,Normal
HYD003838,10789525448,Vishwanath Theatre,cinema,Entertainment,17.4969894,78.3964773,13347246073,32.833,Normal
HYD003839,851481714,Vishwanath Theatre,cinema,Entertainment,17.496773500000003,78.3965186857143,349020732,42.23,Normal
HYD003840,10789538085,asian Rajalaxmi Theatre,cinema,Entertainment,17.3967087,78.5603211,8196164970,29.742,Normal
HYD003841,331634315,shiva sakthi,cinema,Entertainment,17.4765004,78.56279558000001,11878471536,18.87,Normal
HYD003842,331995269,sree ramana,cinema,Entertainment,17.392433863636363,78.51558277272729,12704188688,42.79,Normal
HYD003845,8354312479,Chanda Naik Nagar Arch,city_gate,Culture & Heritage,17.4536155,78.391449,3602307436,1.887,Normal
HYD003846,576023427,Char Kaman,city_gate,Culture & Heritage,17.36247782857143,78.47483134285714,11041674054,41.071,Normal
HYD003847,1447127342,Golden Charminar,city_gate,Culture & Heritage,17.45701172,78.37714697999999,6132359363,18.066,Normal
HYD003848,753429553,Machli Kaman,city_gate,Culture & Heritage,17.364394499999996,78.47523722857144,3678640438,4.134,Normal
HYD003849,356428521,main gate,city_gate,Culture & Heritage,17.51391844,78.54955247999999,3598285560,36.475,Normal
HYD003850,971139858,پرانے پل دروازہ,city_gate,Culture & Heritage,17.366567579999998,78.45853486000001,306598208,22.956,Normal
HYD003851,4917114980,Ganga Bowli Pahaad,cliff,Nature & Outdoors,17.3785281,78.4563999,4191598554,99.262,Normal
HYD003852,11521904419,manasa hills,cliff,Nature & Outdoors,17.3130666,78.3742137,3550386341,84.116,Normal
HYD004213,12545949026,4G Colons,clothes,Shopping,17.4780702,78.5607571,12522778362,32.07,Normal
HYD004214,7025820882,4ME,clothes,Shopping,17.4403628,78.3924141,349267616,19.417,Normal
HYD004215,5620024299,AEROPOSTAL,clothes,Shopping,17.4190714,78.4483781,2126214152,16.791,Normal
HYD004216,5626709751,AND,clothes,Shopping,17.4197582,78.4483813,2126214189,17.813,Normal
HYD004217,5620024302,ARROW,clothes,Shopping,17.4189166,78.4485084,2126214148,15.95,Normal
HYD004218,9903887119,Aakarshan Ladies & Kids Wear,clothes,Shopping,17.5114781,78.4245173,2852309102,5.395,Normal
HYD004219,12536226092,Agrawal footware,clothes,Shopping,17.4744637,78.5683288,5293806474,11.76,Normal
HYD004220,7246812302,Aisha's Garments Shop,clothes,Shopping,17.3986841,78.449237,2177264482,24.952,Normal
HYD004221,7246812303,Akbar garments,clothes,Shopping,17.3985932,78.4490216,1321304596,15.451,Normal
HYD004222,2794877053,Amrapali,clothes,Shopping,17.4428413,78.4826972,4615708039,7.664,Normal
HYD004223,2794877097,Andhra Hosiery,clothes,Shopping,17.4385499,78.4889731,321709801,23.674,Normal
HYD004224,4377146789,Anil Traders,clothes,Shopping,17.431469,78.4483784,13848133478,11.956,Normal
HYD004225,1333758088,Anil Trading Centre,clothes,Shopping,17.4706019,78.5091286,7702230074,25.117,Normal
HYD004226,1435322438,Anutex,clothes,Shopping,17.4508248,78.5324444,1332764086,38.443,Normal
HYD004227,5539124267,Anutex Shopping Mall,clothes,Shopping,17.4064637,78.5934586,3598399254,34.237,Normal
HYD004228,6822126572,Archana Sarees,clothes,Shopping,17.438779,78.440564,349249238,12.045,Normal
HYD004229,10279859263,Arivind Clothing Store,clothes,Shopping,17.3340743,78.5696883,3598382845,40.55,Normal
HYD004230,5622280680,Armani Exchange,clothes,Shopping,17.419413,78.4483258,2126214174,20.827,Normal
HYD004231,9903872410,Atc Mens's Clothing House,clothes,Shopping,17.5135693,78.4260995,2852309366,6.135,Normal
HYD004232,5942847666,Avvari,clothes,Shopping,17.4453893,78.386632,1042264821,34.911,Normal
HYD004233,6575179569,Ayappa Matching Centre,clothes,Shopping,17.4199198,78.5654352,3317426073,7.542,Normal
HYD004234,12545949016,BIBA Clothes,clothes,Shopping,17.4782969,78.5602636,7698179005,39.216,Normal
HYD004235,12538926490,Babyhug Kids store,clothes,Shopping,17.4767059,78.5642416,7713492561,22.034,Normal
HYD004236,1015408852,Bachpan Kids wear,clothes,Shopping,17.39124854,78.47634962,308767069,19.555,Normal
HYD004237,6570905730,Balaji Garments,clothes,Shopping,17.4226206,78.566066,6634762311,8.228,Normal
HYD004238,13532195610,Banana Club,clothes,Shopping,17.425492,78.4482822,12334415854,33.287,Normal
HYD004239,2428097403,Barikha Fashions,clothes,Shopping,17.4916768,78.3933842,11041649472,21.432,Normal
HYD004240,12538926493,Bata Footware,clothes,Shopping,17.4765934,78.5643965,3164348356,25.438,Normal
HYD004241,6593421960,Bhavik Dresses,clothes,Shopping,17.4205613,78.5647516,3317426077,11.719,Normal
HYD004242,5626709748,Biba,clothes,Shopping,17.419613,78.4482575,2126214186,16.592,Normal
HYD004243,7035236533,Biba,clothes,Shopping,17.4346743,78.3866224,13313072583,65.299,Normal
HYD004244,12536257505,Big Hello clothes,clothes,Shopping,17.4740231,78.5688163,6149977289,16.478,Normal
HYD004245,6261508386,Blue House Fashions,clothes,Shopping,17.4860362,78.3870828,2249764830,26.526,Normal
HYD004246,2708174485,Body Language,clothes,Shopping,17.3973843,78.5118873,636402844,15.665,Normal
HYD004247,6822126548,Bombay Collection,clothes,Shopping,17.444137,78.387909,3706807530,10.352,Normal
HYD004248,8233372360,Botique,clothes,Shopping,17.5341329,78.3914309,3614499389,16.83,Normal
HYD004249,13673822788,Boutique fashons,clothes,Shopping,17.3763057,78.4666475,2852277993,12.623,Normal
HYD004250,1883487157,Brand Factory,clothes,Shopping,17.4259903,78.4353031,11846315439,27.424,Normal
HYD004251,2710640347,Brand Factory,clothes,Shopping,17.4058896,78.403235,1709116148,26.055,Normal
HYD004252,4415331904,Brand Factory,clothes,Shopping,17.4015469,78.4858527,11499864226,33.679,Normal
HYD004253,4739366221,Brand Factory,clothes,Shopping,17.4361806,78.4007578,5499173939,26.54,Normal
HYD004254,5828748273,Brand Factory,clothes,Shopping,17.4832489,78.3934199,1987984273,42.132,Normal
HYD004255,6983255278,Brand Factory,clothes,Shopping,17.3693704,78.4287607,11313445500,24.905,Normal
HYD004256,9626752899,Brand Factory,clothes,Shopping,17.4960588,78.3163232,10738468336,24.977,Normal
HYD004257,6575179554,Brand Yuva Mens Wear,clothes,Shopping,17.4201331,78.5656665,3317426075,9.409,Normal
HYD004258,4436525400,Brand factory,clothes,Shopping,17.392412,78.4775694,11909196777,37.57,Normal
HYD004259,7021303714,Breya,clothes,Shopping,17.4499447,78.3854643,3602306626,32.237,Normal
HYD004260,12536257501,Bull Jeans Co,clothes,Shopping,17.4741667,78.5686307,6149977289,16.348,Normal
HYD004261,13673773627,Bung exclusive,clothes,Shopping,17.3730363,78.4690174,734864095,8.772,Normal
HYD004262,1492056630,Bung exclusive,clothes,Shopping,17.37199893333333,78.46573173333333,3612556868,13.245,Normal
HYD004263,12545936094,CMR Fashion mall,clothes,Shopping,17.4788409,78.5590331,9780805231,20.022,Normal
HYD004264,6822126641,Calcutta Saree House,clothes,Shopping,17.391779,78.480016,308775898,19.713,Normal
HYD004265,12541130542,Carigar,clothes,Shopping,17.4764234,78.5676181,7716713809,13.849,Normal
HYD004266,12536226100,Casa Flora clothes,clothes,Shopping,17.4742361,78.5685492,3164348465,19.531,Normal
HYD004267,7025820864,Celio,clothes,Shopping,17.4360683,78.4027686,11047608327,14.157,Normal
HYD004268,660566533,Chandana Brothers,clothes,Shopping,17.4312684,78.4477849,11039762177,20.152,Normal
HYD004269,3388790060,Chandana Brothers,clothes,Shopping,17.4956956,78.3989059,10752734962,26.391,Normal
HYD004270,5405045517,Chandana bros,clothes,Shopping,17.4353786,78.3679933,308971480,12.448,Normal
HYD004271,12545949023,Charitha Clothes,clothes,Shopping,17.4781104,78.5606749,12522778362,29.506,Normal
HYD004272,11422123569,Chemis,clothes,Shopping,17.4258258,78.4573463,3154040847,18.754,Normal
HYD004273,2217960513,Chennai Shopping Mall,clothes,Shopping,17.3626533,78.5433375,3670020175,41.537,Normal
HYD004274,6255329186,Chennai Silks,clothes,Shopping,17.4763057,78.423221,5759825697,15.922,Normal
HYD004275,4377117290,Chennai shopping mall,clothes,Shopping,17.4333023,78.446643,353721845,22.625,Normal
HYD004276,7025820876,Chennis,clothes,Shopping,17.4404387,78.3932958,3210142869,24.919,Normal
HYD004277,11015823657,Cheris,clothes,Shopping,17.42591,78.4573183,1779040754,15.505,Normal
HYD004278,2403829359,Cherma's,clothes,Shopping,17.4315317,78.4475377,1754236151,27.365,Normal
HYD004279,357311125,Cherma's,clothes,Shopping,17.393587020000002,78.47641583999999,11041761325,20.574,Normal
HYD004280,2428132968,Chermas,clothes,Shopping,17.4990427,78.3848891,11817937864,3.635,Normal
HYD004281,5596353867,Chermas,clothes,Shopping,17.4395039,78.4879515,1866846107,32.295,Normal
HYD004282,1242158837,City Top,clothes,Shopping,17.4663672,78.4825436,3598268938,14.826,Normal
HYD004283,1215774388,Clothes Footwear,clothes,Shopping,17.4629136,78.367028,1699091396,25.995,Normal
HYD004284,6244458986,Cotton Expo,clothes,Shopping,17.4089176,78.461816,726154935,11.655,Normal
HYD004285,13700641001,DBR EXTENSION,clothes,Shopping,17.4284288,78.5165612,3598256383,15.286,Normal
HYD004286,8220811706,Daaram,clothes,Shopping,17.4445837,78.4666532,10736877967,15.8,Normal
HYD004287,356508112,Daaram Handloom,clothes,Shopping,17.4436907,78.46899492,4002040342,36.088,Normal
HYD004288,7025820865,Dayals Silks & Sarees,clothes,Shopping,17.4350796,78.4028662,353759539,35.164,Normal
HYD004289,13673538295,Deepak cloth centre,clothes,Shopping,17.3765426,78.4731355,308779598,18.724,Normal
HYD004290,12536226090,Denim,clothes,Shopping,17.4745027,78.5683207,5293806474,12.724,Normal
HYD004291,12545949025,Denim Clothes,clothes,Shopping,17.4781236,78.5606759,12522778362,28.1,Normal
HYD004292,2794877051,Diva,clothes,Shopping,17.4429654,78.4826998,4615708039,19.418,Normal
HYD004293,7244480654,Dubai abaya collection,clothes,Shopping,17.3946366,78.4353299,1312714966,16.013,Normal
HYD004294,6822126508,Eye on You Designer Boutique,clothes,Shopping,17.4391648,78.4355924,12639952972,21.379,Normal
HYD004295,9903766086,F Z Suits And Sarees,clothes,Shopping,17.5165985,78.4371281,2852309769,16.299,Normal
HYD004296,5626709749,Fabindia,clothes,Shopping,17.4195286,78.4482999,2126214174,19.678,Normal
HYD004297,297194698,Fabindia,clothes,Shopping,17.444320600000005,78.46807262000002,366532448,16.132,Normal
HYD004298,11082456194,Faishon_Hyderabad,clothes,Shopping,17.4547246,78.4099973,2249841625,10.653,Normal
HYD004299,6822126546,Fantoosh Cloth Store,clothes,Shopping,17.433897,78.446135,2403829323,8.123,Normal
HYD004300,13295395526,Fazal Garments,clothes,Shopping,17.3692809,78.4779192,3658523365,12.164,Normal
HYD004301,8386939112,Fllow me,clothes,Shopping,17.4074821,78.4948408,3612572342,28.914,Normal
HYD004302,5620024300,Flying Machine,clothes,Shopping,17.4190213,78.448413,2126214152,14.437,Normal
HYD004303,6422739596,GAS,clothes,Shopping,17.4340623,78.4050323,1578599723,23.451,Normal
HYD004304,6837577437,GK Sarees,clothes,Shopping,17.5117463,78.3018756,2764031385,14.981,Normal
HYD004305,6218467285,Gas,clothes,Shopping,17.4340597,78.4050505,1578599723,25.133,Normal
HYD004306,6241806485,Gas,clothes,Shopping,17.434071,78.4050442,1578599723,24.999,Normal
HYD004307,12545949019,Glitz,clothes,Shopping,17.4782048,78.5604178,12522778362,41.55,Normal
HYD004308,13673574375,Go colours Pants store,clothes,Shopping,17.4050739,78.4806065,2847575103,12.044,Normal
HYD004309,12536226057,Gokulam,clothes,Shopping,17.4756167,78.5680322,2795965462,30.996,Normal
HYD004310,12541130566,Gokulam,clothes,Shopping,17.4735946,78.5699611,3164348468,12.589,Normal
HYD004311,5513155030,H&M,clothes,Shopping,17.4329505,78.4069035,3146877637,31.241,Normal
HYD004312,4413452541,HIJAB COLLECTIONS,clothes,Shopping,17.3979709,78.4164413,2852561431,18.647,Normal
HYD004313,10727523805,Habiller,clothes,Shopping,17.4355392,78.4575719,3598258260,15.709,Normal
HYD004314,6208269989,Handloom House,clothes,Shopping,17.3893515,78.4703305,2178294841,34.282,Normal
HYD004315,12545949028,Haryana Handloom,clothes,Shopping,17.4780526,78.5608107,12522778362,34.191,Normal
HYD004316,8231024534,House,clothes,Shopping,17.3361245,78.5536151,12082937389,12.192,Normal
HYD004317,4907021352,Hyderabad Central,clothes,Shopping,17.4270521,78.4533217,7701119335,12.245,Normal
HYD004318,12545949006,INDIAN TERRAIN CLOTHES,clothes,Shopping,17.4784412,78.5598978,2225461242,13.666,Normal
HYD004319,13227600350,Ifraa Collections,clothes,Shopping,17.4047654,78.405577,13162292534,7.799,Normal
HYD004320,8111012818,Inches boutique,clothes,Shopping,17.3984842,78.3778891,3579912092,21.734,Normal
HYD004321,6868660401,JAGADAMBA,clothes,Shopping,17.4555631,78.4221733,2822548632,39.031,Normal
HYD004322,1015408853,Jannat,clothes,Shopping,17.39125242,78.47646762,3612564959,11.929,Normal
HYD004323,6853049405,Jaya Laxmi Selections,clothes,Shopping,17.539682,78.436316,3614500838,15.697,Normal
HYD004324,2794877099,Jockey,clothes,Shopping,17.4389543,78.488796,4191164887,10.823,Normal
HYD004325,5405056317,Jockey,clothes,Shopping,17.4354357,78.3671303,1966832106,33.933,Normal
HYD004326,6191414045,Jockey,clothes,Shopping,17.4431738,78.3872869,1836644104,13.129,Normal
HYD004327,8739601738,Jockey,clothes,Shopping,17.4618933,78.4917742,3010587658,9.862,Normal
HYD004328,10150942415,Jockey,clothes,Shopping,17.4600746,78.3546019,7663584211,12.016,Normal
HYD004329,11447318958,Jockey,clothes,Shopping,17.39399,78.3408519,2244916326,49.056,Normal
HYD004330,13295366151,Jockey,clothes,Shopping,17.4360741,78.4446271,12743949565,14.78,Normal
HYD004331,10171328868,Jockey Store,clothes,Shopping,17.4503142,78.3918608,1302063230,13.455,Normal
HYD004332,12536226045,Jockey Store,clothes,Shopping,17.4740382,78.569594,3164348467,29.95,Normal
HYD004333,11015823656,Jockeys,clothes,Shopping,17.4260155,78.45733,1779040754,17.616,Normal
HYD004334,11690884999,Jyothika fashions,clothes,Shopping,17.4743011,78.5511631,2225283787,20.679,Normal
HYD004335,12544193789,KADHI TRENDS,clothes,Shopping,17.4779883,78.5610481,978107725,25.067,Normal
HYD004336,9626752894,KLM Shopping mall,clothes,Shopping,17.4949488,78.3329806,3164238313,33.328,Normal
HYD004337,6255318387,KLM shopping Mall,clothes,Shopping,17.4319427,78.4478898,353721744,28.798,Normal
HYD004338,5405053471,Kaira,clothes,Shopping,17.4410469,78.3597649,701228146,14.143,Normal
HYD004339,7246579367,Kaira,clothes,Shopping,17.4952733,78.3997474,11042027073,11.901,Normal
HYD004340,2428097402,KalaKunj Sarees,clothes,Shopping,17.4925931,78.3941127,11036706089,32.667,Normal
HYD004341,6868661742,Kalamandir Shopping mall,clothes,Shopping,17.431721,78.4470686,353721770,27.548,Normal
HYD004342,6273886288,Kalanjali,clothes,Shopping,17.4945187,78.3985024,1989047037,18.754,Normal
HYD004343,6822126569,Kalanjali Saree Center,clothes,Shopping,17.4698664,78.424047,3602310497,11.494,Normal
HYD004344,3862449363,Kalash,clothes,Shopping,17.464404,78.484401,11158861168,12.028,Normal
HYD004345,13417735801,Kalkarni Silk,clothes,Shopping,17.405084,78.5085145,11572101240,10.481,Normal
HYD004346,413791769,Kallepally Brothers,clothes,Shopping,17.40223838,78.49491732000001,2859546219,10.676,Normal
HYD004347,6575179576,Karthikeya Mens Wear 999,clothes,Shopping,17.419783,78.5653455,3317426073,15.767,Normal
HYD004348,6575179571,Keshav Collections,clothes,Shopping,17.4198475,78.5655163,3317426073,18.228,Normal
HYD004349,7025820880,Kevin Garments,clothes,Shopping,17.4407022,78.3926333,3210142888,15.412,Normal
HYD004350,12488402370,Khadi World,clothes,Shopping,17.3589067,78.5440662,13366659832,30.143,Normal
HYD004351,6822126489,Khuranas,clothes,Shopping,17.401346,78.41237,13387938821,22.696,Normal
HYD004352,12545936089,Killer,clothes,Shopping,17.4790993,78.5585171,7698179006,18.571,Normal
HYD004353,9516478320,Kilol,clothes,Shopping,17.4172211,78.4454276,312822856,21.077,Normal
HYD004354,6850830263,Kiran Cloth Shop,clothes,Shopping,17.4698577,78.4242629,10958967504,13.828,Normal
HYD004355,7246495323,Konark,clothes,Shopping,17.5294044,78.2627932,4009677259,7.688,Normal
HYD004356,9903766112,Kumar Shirts,clothes,Shopping,17.5135378,78.4471011,2852572132,32.964,Normal
HYD004357,12536226085,Kumar Shirts clothes,clothes,Shopping,17.4746966,78.5681596,3164363648,23.177,Normal
HYD004358,12545949001,LEVEIS CLOTHES,clothes,Shopping,17.4785481,78.5596121,978107717,18.235,Normal
HYD004359,4576306090,LPT shopping Mall,clothes,Shopping,17.3436699,78.5556053,12086553432,6.371,Normal
HYD004360,7021303612,La Femme Boutique,clothes,Shopping,17.4467436,78.3917294,1302063233,23.87,Normal
HYD004361,12545949021,Laasya,clothes,Shopping,17.4781719,78.5604949,12522778362,36.206,Normal
HYD004362,3774755388,Ladies Collection,clothes,Shopping,17.4641225,78.4836667,854941025,7.736,Normal
HYD004363,6822126600,Lakshmi Narasimha Swami Boutique,clothes,Shopping,17.456052,78.432458,3602308046,18.573,Normal
HYD004364,2758080621,Lakshmi Saree Centre,clothes,Shopping,17.4619022,78.3518222,6151749751,13.883,Normal
HYD004365,270841463,Lakshmi Saree Centre,clothes,Shopping,17.461886099999997,78.35185015,6151749751,14.531,Normal
HYD004366,6837577435,Lakshmi venkata sai fashions,clothes,Shopping,17.509897,78.303579,2763929290,21.102,Normal
HYD004367,5620033632,Levi's,clothes,Shopping,17.4189423,78.448856,2126214153,11.623,Normal
HYD004368,7025820856,Levi's,clothes,Shopping,17.4343129,78.4032348,6994508294,31.952,Normal
HYD004369,6261501991,Levi's exclusive store,clothes,Shopping,17.4850867,78.3890935,6150020424,35.153,Normal
HYD004370,6771713704,Lifestyle,clothes,Shopping,17.4571523,78.364038,10301765791,65.017,Normal
HYD004371,13227600326,Linen Club,clothes,Shopping,17.4116365,78.3959609,12578282001,13.459,Normal
HYD004372,5405058163,Linen club,clothes,Shopping,17.4464067,78.3632733,13351249803,10.337,Normal
HYD004373,6208364685,Looks,clothes,Shopping,17.4026497,78.4617154,2177311064,4.706,Normal
HYD004374,5620024301,Louis Philippe,clothes,Shopping,17.4189741,78.4484653,2126214152,16.855,Normal
HYD004375,11447318962,Louis Philippe,clothes,Shopping,17.393948,78.3408625,2244916321,46.271,Normal
HYD004376,2579746892,Louis Phillipe,clothes,Shopping,17.4918139,78.3934442,8332881342,16.724,Normal
HYD004377,4665359090,Lucky Jeans Corner,clothes,Shopping,17.494845,78.3320934,11817956814,20.118,Normal
HYD004378,7244480645,M brands,clothes,Shopping,17.3918509,78.4373376,1314165990,28.58,Normal
HYD004379,3388924516,MAX,clothes,Shopping,17.4786243,78.5592958,2653198665,22.995,Normal
HYD004380,10214805586,MaMa kids wear,clothes,Shopping,17.512541,78.4978285,7688051863,25.699,Normal
HYD004381,7113988985,Maangalya,clothes,Shopping,17.4958672,78.3952687,12761937852,18.813,Normal
HYD004382,6822126544,Madan Dresses,clothes,Shopping,17.335523,78.531364,2247609568,8.78,Normal
HYD004383,9914161644,Maha Lakshmi Matching center,clothes,Shopping,17.3311758,78.5884272,2724686914,19.35,Normal
HYD004384,8386711876,Mangalya Shopping Mall,clothes,Shopping,17.4940429,78.4524013,2786981558,17.427,Normal
HYD004385,5620024295,Mango,clothes,Shopping,17.4194765,78.4482207,2126214174,9.684,Normal
HYD004386,14022786435,Mango,clothes,Shopping,17.4846293,78.3891151,10244259975,11.066,Normal
HYD004387,12541130560,Manoj,clothes,Shopping,17.473635,78.5697316,3164348468,15.669,Normal
HYD004388,7035236532,Manyavaar,clothes,Shopping,17.434453,78.3867632,13313072583,42.894,Normal
HYD004389,5626709754,Manyavar,clothes,Shopping,17.4195556,78.4485583,2126214181,19.548,Normal
HYD004390,7113643287,Manyavar,clothes,Shopping,17.495757,78.3956608,7305954393,13.275,Normal
HYD004391,10279728114,Manyavar,clothes,Shopping,17.4246022,78.4533781,1754247379,27.982,Normal
HYD004392,12545936086,Manyavar,clothes,Shopping,17.4792167,78.5583153,2653198666,11.906,Normal
HYD004393,5620033631,Marks & Spencers,clothes,Shopping,17.4188529,78.4488523,2126214146,10.525,Normal
HYD004394,7246550855,Matching centre,clothes,Shopping,17.5044852,78.4154084,1578270754,2.627,Normal
HYD004395,7113622286,Max,clothes,Shopping,17.4980797,78.3900308,3602322714,21.928,Normal
HYD004396,13208170226,Max,clothes,Shopping,17.4559039,78.434786,13995162053,44.262,Normal
HYD004397,13227600351,Max,clothes,Shopping,17.4093366,78.3985313,13383353457,23.938,Normal
HYD004398,7244264231,Max clothing store,clothes,Shopping,17.4006549,78.4867299,2847634938,21.71,Normal
HYD004399,5626709753,Mebaz,clothes,Shopping,17.4196029,78.4485052,2126214185,15.739,Normal
HYD004400,6273893486,Mebaz,clothes,Shopping,17.4949566,78.3979957,1428985384,28.051,Normal
HYD004401,13532195608,Mebaz,clothes,Shopping,17.4236668,78.4487259,2185099494,19.658,Normal
HYD004402,6248946491,Meebaz,clothes,Shopping,17.4353342,78.4014259,1948662053,31.422,Normal
HYD004403,13673825480,Men collections,clothes,Shopping,17.3757692,78.4696927,3612559160,14.386,Normal
HYD004404,6582353389,Mens Fashion,clothes,Shopping,17.4212869,78.5650391,2841186709,17.186,Normal
HYD004405,4199097090,Models-1 multi branded Garments,clothes,Shopping,17.4459035,78.4470259,14119426072,16.29,Normal
HYD004406,813570679,Mugdha,clothes,Shopping,17.4251709,78.433279,3146872998,14.814,Normal
HYD004407,7021303597,Mugdha Art Studio,clothes,Shopping,17.4366041,78.4011941,3164037423,29.839,Normal
HYD004408,2613291612,Narsing,clothes,Shopping,17.4990718,78.3850242,6714428714,8.53,Normal
HYD004409,7246751302,Narsingh,clothes,Shopping,17.4765391,78.5647781,3164348357,28.9,Normal
HYD004410,8891813189,Narsingh Ameerpet,clothes,Shopping,17.4324983,78.4473202,6536461931,19.827,Normal
HYD004411,7867756285,Navya Dresses,clothes,Shopping,17.4965657,78.3592856,7710596798,14.305,Normal
HYD004412,4592526390,Neeru's,clothes,Shopping,17.3945627,78.4801573,2847634220,26.373,Normal
HYD004413,5620024298,Neerus,clothes,Shopping,17.4191213,78.4483461,2126214159,15.969,Normal
HYD004414,14022786438,Neerus,clothes,Shopping,17.4851389,78.3900355,11066379984,11.953,Normal
HYD004415,10280159815,Neerus Emporio Classic,clothes,Shopping,17.4153845,78.4499209,11052809565,35.682,Normal
HYD004416,6248864086,Neeru’s Emporium,clothes,Shopping,17.4388091,78.3997171,3178232866,31.047,Normal
HYD004417,12544193791,New Cotton,clothes,Shopping,17.4774752,78.5622838,2225461234,23.521,Normal
HYD004418,5626709757,New U,clothes,Shopping,17.4193023,78.4485972,2126214171,14.107,Normal
HYD004419,5626709745,Nike,clothes,Shopping,17.4191943,78.4484167,2126214159,24.328,Normal
HYD004420,7025820861,Nike,clothes,Shopping,17.4340349,78.4038158,3164037428,17.339,Normal
HYD004421,4242714091,Numa,clothes,Shopping,17.3558125,78.4817153,2859680423,19.323,Normal
HYD004422,5620033633,ONLY,clothes,Shopping,17.4190273,78.4488469,2126214153,8.197,Normal
HYD004423,3388911680,PARK AVENUE,clothes,Shopping,17.4786585,78.5591672,9780805231,25.945,Normal
HYD004424,11411700921,PRASANNA YANUMULA,clothes,Shopping,17.4185411,78.4370662,11066247019,18.236,Normal
HYD004425,2255867552,PVT Complex,clothes,Shopping,17.3674832,78.5387492,12401596341,16.6,Normal
HYD004426,6308262635,Padamvathi saree shop,clothes,Shopping,17.4108729,78.4926729,11043377613,16.191,Normal
HYD004427,1387931951,Pantalons,clothes,Shopping,17.365756260000005,78.55745465999999,7709991170,18.811,Normal
HYD004428,13437133814,Pantaloons,clothes,Shopping,17.3588115,78.3873875,11809180965,45.29,Normal
HYD004429,1258254075,Pantaloons,clothes,Shopping,17.48173668,78.55452008,2653211597,21.461,Normal
HYD004430,5626709747,Pepe Jeans,clothes,Shopping,17.4190828,78.4485194,2126214152,27.525,Normal
HYD004431,5273410870,Peter England,clothes,Shopping,17.4954581,78.3447417,7668279812,34.475,Normal
HYD004432,12538789712,Peter England,clothes,Shopping,17.4764319,78.5669255,3164363653,19.944,Normal
HYD004433,12544193787,Pink Panel Clothes,clothes,Shopping,17.4779672,78.5610451,978107725,26.395,Normal
HYD004434,9903794532,Priyanka Cloth Store,clothes,Shopping,17.5159372,78.4467057,3598285975,22.84,Normal
HYD004435,8386697007,Purnima cloth store,clothes,Shopping,17.4715193,78.3900319,3602310674,16.615,Normal
HYD004436,2403829368,R.S. Brothers,clothes,Shopping,17.4324877,78.4477642,7700976464,21.942,Normal
HYD004437,4665272199,R.S. Brothers,clothes,Shopping,17.4955564,78.3318738,1705549172,18.845,Normal
HYD004438,7050269392,R.S. Brothers,clothes,Shopping,17.51649,78.44726,3664722270,26.288,Normal
HYD004439,6868850204,RAYMONDS SUITS AND CLOTHING,clothes,Shopping,17.4078127,78.5961505,2586710518,25.475,Normal
HYD004440,3392212516,Raja's Dresses,clothes,Shopping,17.4843066,78.412911,1578270415,36.996,Normal
HYD004441,6582353396,Ramdev Readymade Selection,clothes,Shopping,17.42117,78.5648357,3317426080,20.198,Normal
HYD004442,9903794519,Ramesh Brothers,clothes,Shopping,17.5161403,78.4467051,11173454157,32.608,Normal
HYD004443,8891813190,Ramraj Cotton,clothes,Shopping,17.4324332,78.4467229,11033707365,28.516,Normal
HYD004444,608643364,Ramraj Cotton - Boduppal,clothes,Shopping,17.40780664,78.59582836000001,11980115204,27.433,Normal
HYD004445,13673796750,Ramraj clothes,clothes,Shopping,17.5021503,78.4259561,3602325421,13.164,Normal
HYD004446,7056389084,Ramu Tailors,clothes,Shopping,17.51589,78.4473,11052296147,28.881,Normal
HYD004447,10279859267,Raymond,clothes,Shopping,17.3294043,78.5692118,12778203993,16.214,Normal
HYD004448,11447318959,Raymond,clothes,Shopping,17.3940312,78.3408452,2244916351,47.112,Normal
HYD004449,12545936093,Raymond,clothes,Shopping,17.4788828,78.5589617,9780805231,26.941,Normal
HYD004450,7244487807,Raymond show room,clothes,Shopping,17.3942999,78.4421261,3145250141,30.76,Normal
HYD004451,12538877500,Raymond showroom,clothes,Shopping,17.4766701,78.565344,3164348349,20.355,Normal
HYD004452,6209990589,Raymonds,clothes,Shopping,17.4070025,78.4678247,289904514,12.022,Normal
HYD004453,9903766111,Real Value,clothes,Shopping,17.5133467,78.447138,2852572132,13.848,Normal
HYD004454,813570922,Reebok,clothes,Shopping,17.4452403,78.4639333,366528775,17.661,Normal
HYD004455,817353817,Reebok,clothes,Shopping,17.4276555,78.4145161,9307995241,76.383,Normal
HYD004456,5626709744,Reebok,clothes,Shopping,17.4192648,78.4483659,2126214159,23.12,Normal
HYD004457,12545949011,Rekha Fashions,clothes,Shopping,17.4783136,78.5600584,2225461242,29.643,Normal
HYD004458,12545949014,Rekha Fashions,clothes,Shopping,17.4783026,78.5601533,7698179005,35.572,Normal
HYD004459,1416848359,Relaince Trendz,clothes,Shopping,17.4442217,78.4665896,366532359,24.814,Normal
HYD004460,2579753162,Reliance Trends,clothes,Shopping,17.4832027,78.3932617,1987984273,24.622,Normal
HYD004461,3159028265,Reliance Trends,clothes,Shopping,17.4265516,78.415034,11947104633,18.675,Normal
HYD004462,7572164930,Reliance Trends,clothes,Shopping,17.4650912,78.503596,308962026,53.199,Normal
HYD004463,9724129623,Reliance Trends,clothes,Shopping,17.3629189,78.4750316,2460435049,43.996,Normal
HYD004464,10279582819,Reliance Trends,clothes,Shopping,17.4342609,78.4450829,12313490756,12.865,Normal
HYD004465,11770988866,Reliance Trends,clothes,Shopping,17.4635134,78.4518729,11037163051,33.399,Normal
HYD004466,11772090394,Reliance Trends,clothes,Shopping,17.496379,78.3585077,663138161,44.914,Normal
HYD004467,13965391458,Reliance Trends,clothes,Shopping,17.4279578,78.3282284,1311044354,30.651,Normal
HYD004468,232954466,Reliance Trends,clothes,Shopping,17.36806686,78.5396217,1598149501,26.093,Normal
HYD004469,6810839256,Reliance Trendz,clothes,Shopping,17.4792439,78.554078,2232017991,19.008,Normal
HYD004470,5405054241,Relince trends,clothes,Shopping,17.4366365,78.3668883,1042241374,30.182,Normal
HYD004471,11027588537,Rks grand shopping mall,clothes,Shopping,17.433153,78.4468366,353721845,24.991,Normal
HYD004472,12545949020,Roopnikhar,clothes,Shopping,17.4781828,78.5604699,12522778362,37.776,Normal
HYD004473,6218894186,Rukmini,clothes,Shopping,17.3991145,78.4489446,2177264530,20.069,Normal
HYD004474,12541130548,S kumar clothes,clothes,Shopping,17.473735,78.5693707,3164348467,11.507,Normal
HYD004475,9914161638,SLN Fashions Rymond,clothes,Shopping,17.3327753,78.5887753,12595099885,10.657,Normal
HYD004476,6982988486,SM Men's Wear & Hoisery,clothes,Shopping,17.3625438,78.4316099,2739329297,38.774,Normal
HYD004477,6822126513,SRI SAI TIRUMALA TEXTILES,clothes,Shopping,17.323819,78.556596,2249776501,22.555,Normal
HYD004478,6868660414,SRUTHI GARMENTS,clothes,Shopping,17.4556369,78.4227178,2822548632,35.063,Normal
HYD004479,6575179573,Sai Vijaya Sarees Centre,clothes,Shopping,17.4200139,78.5653344,3317426073,10.553,Normal
HYD004480,11690746620,Sailaja clothing store,clothes,Shopping,17.4735692,78.5509038,2232017839,16.439,Normal
HYD004481,7021303713,Sangeetha studio,clothes,Shopping,17.4345701,78.4002209,3602301620,25.979,Normal
HYD004482,6868655474,Santhosh sarees,clothes,Shopping,17.4565412,78.4221845,7701468018,38.881,Normal
HYD004483,6220440488,Sarah Designer,clothes,Shopping,17.4063713,78.4512784,309713917,31.181,Normal
HYD004484,13673773629,Saree store,clothes,Shopping,17.3727874,78.4690503,3612557225,1.899,Normal
HYD004485,5620033634,Satya Paul,clothes,Shopping,17.4194448,78.4486518,2126214171,16.334,Normal
HYD004486,11736410531,Seasons,clothes,Shopping,17.4938976,78.3942749,1428985381,16.027,Normal
HYD004487,9903766108,Serina Shopping Mall,clothes,Shopping,17.5128318,78.447012,3598284880,41.528,Normal
HYD004488,6822126552,Shabarisha Cloth Store,clothes,Shopping,17.4640913,78.4270476,13278961756,15.711,Normal
HYD004489,6575179570,Sharon Collections,clothes,Shopping,17.4198699,78.5654853,3317426073,14.17,Normal
HYD004490,12545949015,She Trends,clothes,Shopping,17.4783107,78.5601569,2225461242,35.525,Normal
HYD004491,6224967806,Shilpa,clothes,Shopping,17.4089646,78.4508183,3612572966,15.467,Normal
HYD004492,13227600332,Shiv Bhole Military Store,clothes,Shopping,17.3751962,78.419076,3835262490,19.454,Normal
HYD004493,5620024291,Shoppers Stop,clothes,Shopping,17.4186746,78.4487814,2126214140,17.863,Normal
HYD004494,357414794,South India Shopping Mall Uppal,clothes,Shopping,17.401105960000002,78.56832116,12508594331,28.24,Normal
HYD004495,7113668685,South Shopping mall Ameerpet,clothes,Shopping,17.4353734,78.4452594,11032121191,7.581,Normal
HYD004496,8909177647,Sree Dress Palace,clothes,Shopping,17.4389564,78.4891511,11059332178,4.009,Normal
HYD004497,14022778133,Sree Ganesh Textiles,clothes,Shopping,17.4202239,78.3501146,1318445176,17.906,Normal
HYD004498,12544193798,Sree Ganesha Clothes,clothes,Shopping,17.4773014,78.5629407,978107748,28.318,Normal
HYD004499,6575179568,Sree Mokshalakshmi Sarees Centre,clothes,Shopping,17.4199412,78.5654635,3317426073,10.72,Normal
HYD004500,6581371228,Sree Sree Mahalaxmi Fashions,clothes,Shopping,17.4236175,78.5670399,3663312383,10.514,Normal
HYD004501,6574777337,Sri Dharma Sasta Textiles,clothes,Shopping,17.4203968,78.565932,2841186710,13.803,Normal
HYD004502,6582335082,Sri Jagadamba Dresses,clothes,Shopping,17.4220045,78.5654178,2841186713,13.932,Normal
HYD004503,4576382090,Sri NARSING CLOTH EMPORIUM,clothes,Shopping,17.3456456,78.5517409,14063989814,12.028,Normal
HYD004504,6574777348,Sri Nithya Boutique Maggam Works,clothes,Shopping,17.4203447,78.5654535,3317426075,26.269,Normal
HYD004505,6629546517,Sri RS Fashion,clothes,Shopping,17.4078002,78.5880593,3598399677,24.148,Normal
HYD004506,6822126478,Sri shiva & brothers cloth shop,clothes,Shopping,17.4692712,78.4226239,11853920295,6.093,Normal
HYD004507,12538926488,Srinivasa mall,clothes,Shopping,17.4766829,78.5641652,7713492561,22.436,Normal
HYD004508,6241798586,Steve Madden,clothes,Shopping,17.4340005,78.4051404,3602301304,30.199,Normal
HYD004509,12536257508,Subham Trendy,clothes,Shopping,17.4739304,78.5689747,3164348466,26.411,Normal
HYD004510,10279842286,Suits Studio,clothes,Shopping,17.4265912,78.453174,7701119336,17.527,Normal
HYD004511,7025820904,Sumanoharam,clothes,Shopping,17.4427763,78.3907592,11533195460,11.264,Normal
HYD004512,6422740088,Superdry,clothes,Shopping,17.4340386,78.4050842,1578599723,27.851,Normal
HYD004513,12545936097,Supriya Womens Fashion,clothes,Shopping,17.4787456,78.5592363,2653198665,14.236,Normal
HYD004514,12545949022,Suti,clothes,Shopping,17.4781284,78.5605985,12522778362,31.655,Normal
HYD004515,12545936075,Suvidha for women,clothes,Shopping,17.4793863,78.5576105,978107765,15.354,Normal
HYD004516,13673586500,Tailor shop,clothes,Shopping,17.3730512,78.4662819,2852277920,10.125,Normal
HYD004517,7021303617,Tanya Suits,clothes,Shopping,17.4399921,78.3861809,13361435907,19.574,Normal
HYD004518,5405054244,Taruni,clothes,Shopping,17.4348427,78.3686652,7492349753,10.002,Normal
HYD004519,6255631789,Taruni,clothes,Shopping,17.4309647,78.4478939,9392367036,14.634,Normal
HYD004520,6853049441,Tejashwi Collections,clothes,Shopping,17.509798,78.303717,2763929290,12.869,Normal
HYD004521,4750922023,Telkars,clothes,Shopping,17.4955204,78.33166,2228839532,28.263,Normal
HYD004522,13532195611,The Bear House,clothes,Shopping,17.4253564,78.4481255,12334415854,31.975,Normal
HYD004523,4665332405,The Chennai Shopping Mall,clothes,Shopping,17.4956419,78.332608,1705548552,20.91,Normal
HYD004524,12497585026,The Italian Store,clothes,Shopping,17.4160859,78.4479605,1324198379,12.943,Normal
HYD004525,7246495322,Tirumala saree center,clothes,Shopping,17.5309518,78.2625783,4194620990,2.058,Normal
HYD004526,7113561285,Trends,clothes,Shopping,17.498085,78.3901863,6690138091,20.5,Normal
HYD004527,13532195628,Trends,clothes,Shopping,17.4259889,78.4508315,3180128889,25.819,Normal
HYD004528,12541130552,Trendz,clothes,Shopping,17.4737158,78.5694622,3164348467,13.343,Normal
HYD004529,7025820857,Trisha Jubilee Hills,clothes,Shopping,17.4346689,78.4025348,1948637906,37.031,Normal
HYD004530,12545936085,Twills,clothes,Shopping,17.4792077,78.5583109,2653198666,12.868,Normal
HYD004531,8389357771,Unlimited store,clothes,Shopping,17.369931,78.429663,12786431934,39.832,Normal
HYD004532,11736402180,Unseen Styles,clothes,Shopping,17.4954639,78.3955535,13037575472,12.132,Normal
HYD004533,6247954285,VRK Silks,clothes,Shopping,17.4954493,78.3968938,350456991,20.592,Normal
HYD004534,6296086666,VRK Silks,clothes,Shopping,17.4954062,78.3969126,350456991,20.079,Normal
HYD004535,12545936099,VRK Silks,clothes,Shopping,17.478666,78.5593918,2653198665,18.692,Normal
HYD004536,12532085104,Vaidurya Fashion Hub,clothes,Shopping,17.4034603,78.3716486,3670021326,8.814,Normal
HYD004537,6574777349,Vaishnavi Collections,clothes,Shopping,17.4203587,78.5654334,3317426075,28.907,Normal
HYD004538,5626709743,Van Heusen,clothes,Shopping,17.4189372,78.4486046,2126214148,25.957,Normal
HYD004539,12543855065,Varamahlakshmi,clothes,Shopping,17.476932,78.5632686,3164363861,27.141,Normal
HYD004540,11361011742,Veda Boutique,clothes,Shopping,17.4942475,78.3834301,2249765126,9.864,Normal
HYD004541,7021303716,Vedic Boutique,clothes,Shopping,17.4430492,78.3870585,352765291,15.031,Normal
HYD004542,14022786436,Victoria's Secret,clothes,Shopping,17.483912,78.3891498,6150020405,31.103,Normal
HYD004543,9913821064,Vinamrutha Ladies Emporium,clothes,Shopping,17.3781347,78.4372186,3668658038,16.783,Normal
HYD004544,8386135932,Vrk silks,clothes,Shopping,17.3576026,78.5292803,2245835125,8.96,Normal
HYD004545,6629546514,WOW Kids,clothes,Shopping,17.4079215,78.5880268,3598399677,24.27,Normal
HYD004546,12544193793,Walkway Footwear,clothes,Shopping,17.4774946,78.5622772,2225461234,21.743,Normal
HYD004547,10279582820,Westside,clothes,Shopping,17.4345337,78.4449343,12313490748,12.551,Normal
HYD004548,11358156625,Westside,clothes,Shopping,17.4845354,78.3886403,3602315608,42.44,Normal
HYD004549,13208186042,Westside,clothes,Shopping,17.4267187,78.453204,7701119341,14.581,Normal
HYD004550,14022778144,Westside,clothes,Shopping,17.4421517,78.3591109,10055662811,33.573,Normal
HYD004551,6822126523,Women fashion store,clothes,Shopping,17.526646,78.482311,7676833600,13.429,Normal
HYD004552,13673824536,Women saree centre,clothes,Shopping,17.3760649,78.4702258,1813453049,25.179,Normal
HYD004553,6247960585,Women’s world,clothes,Shopping,17.495087,78.397669,1428985384,20.557,Normal
HYD004554,14022786434,Zara,clothes,Shopping,17.4845454,78.388925,6150020424,28.317,Normal
HYD004555,4364249793,Zareen Sarees,clothes,Shopping,17.3677475,78.4742105,3612554461,36.006,Normal
HYD004556,10704766694,Zudio,clothes,Shopping,17.4688477,78.3666587,11482281059,24.977,Normal
HYD004557,11770993378,Zudio,clothes,Shopping,17.4831016,78.3901354,12237645105,34.213,Normal
HYD004558,13088190920,Zudio,clothes,Shopping,17.5152824,78.3964752,2237524997,10.006,Normal
HYD004559,13208170224,Zudio,clothes,Shopping,17.4560587,78.4346478,13995162053,24.828,Normal
HYD004560,13208186043,Zudio,clothes,Shopping,17.4268278,78.4531964,7701119341,13.618,Normal
HYD004561,13295366150,Zudio,clothes,Shopping,17.4361339,78.444478,12743949565,15.41,Normal
HYD004562,13532195612,Zudio,clothes,Shopping,17.4252055,78.4481521,12334415854,24.636,Normal
HYD004563,13961743507,Zudio,clothes,Shopping,17.4873704,78.5671025,989991609,28.269,Normal
HYD004564,8389405334,Zudio Clothing Store,clothes,Shopping,17.4819231,78.4485672,8366601354,21.269,Normal
HYD004565,13335598225,arke collections,clothes,Shopping,17.5075874,78.4636131,13519231779,10.804,Normal
HYD004566,7244113108,bachpan,clothes,Shopping,17.368344,78.5216682,2243963494,27.23,Normal
HYD004567,10903229942,be fit,clothes,Shopping,17.3304849,78.5743563,1325262025,10.425,Normal
HYD004568,7244271145,bhavani boutique,clothes,Shopping,17.4939782,78.3588365,3602320808,14.662,Normal
HYD004569,4415311797,brand factory,clothes,Shopping,17.392438,78.4775396,11909196777,36.195,Normal
HYD004570,341366709,brandfactory,clothes,Shopping,17.44059922,78.49049027999999,4120884142,25.15,Normal
HYD004571,9838656985,chandana brothers,clothes,Shopping,17.4036684,78.495143,9713126183,27.167,Normal
HYD004572,265416449,chennai shopping mall,clothes,Shopping,17.440224840000003,78.49464699999999,3207159882,31.709,Normal
HYD004573,1312715010,chennai silks,clothes,Shopping,17.3945145,78.4379611,12201373354,23.084,Normal
HYD004574,7246509965,denim,clothes,Shopping,17.3756556,78.5575885,13503589273,5.561,Normal
HYD004575,2794877052,f,clothes,Shopping,17.4429078,78.4827005,4615708039,13.581,Normal
HYD004576,4691759900,fuchsia pink,clothes,Shopping,17.4208059,78.4025491,1293110580,29.476,Normal
HYD004577,5626709750,global desi,clothes,Shopping,17.4197211,78.448307,2126214186,11.513,Normal
HYD004578,7244113140,jagadamba,clothes,Shopping,17.3673039,78.5231685,2243963301,12.78,Normal
HYD004579,7246479707,jockey,clothes,Shopping,17.4869873,78.3913936,3602316390,15.109,Normal
HYD004580,7246509966,kaira,clothes,Shopping,17.3762177,78.5574099,3219751012,22.522,Normal
HYD004581,331789553,levi's,clothes,Shopping,17.47850196,78.55958211999999,978107717,23.723,Normal
HYD004582,7244265296,manish cut piece,clothes,Shopping,17.3672411,78.5231754,2243963301,12.412,Normal
HYD004583,4377048692,narsingh,clothes,Shopping,17.4336895,78.4463356,353721832,19.65,Normal
HYD004584,6822126646,new look dress wear,clothes,Shopping,17.439241,78.4369157,12639952973,9.786,Normal
HYD004585,11696751801,pantaloons,clothes,Shopping,17.3591062,78.5451044,1596288285,38.839,Normal
HYD004586,7174101028,pooja dress material shop,clothes,Shopping,17.4509222,78.4434563,11854383014,4.83,Normal
HYD004587,10903212460,r k brothers,clothes,Shopping,17.3306522,78.5742595,1325262025,11.154,Normal
HYD004588,9840434898,ramraj,clothes,Shopping,17.4024226,78.4953217,315058855,20.315,Normal
HYD004589,7244113136,rs brothers,clothes,Shopping,17.3682951,78.5225011,3612554631,17.317,Normal
HYD004590,11696761504,shree shanti collection,clothes,Shopping,17.3586318,78.545086,12254609976,28.221,Normal
HYD004591,13673762420,sonali womens wear,clothes,Shopping,17.5018502,78.4263552,2036915563,11.02,Normal
HYD004592,7244113139,sri jagadamba,clothes,Shopping,17.367788,78.5230629,2243963435,7.346,Normal
HYD004593,11696720328,taruni,clothes,Shopping,17.3607138,78.5438703,3670020132,18.533,Normal
HYD004594,9840434897,trends,clothes,Shopping,17.4023603,78.4953064,315058855,15.821,Normal
HYD004595,10903035516,u and i mens wear,clothes,Shopping,17.3304588,78.5769418,2803084462,19.062,Normal
HYD004596,7244226204,varamaha laxmi store,clothes,Shopping,17.4893958,78.6012441,6390373725,15.453,Normal
HYD004597,7244264232,westside,clothes,Shopping,17.40093,78.486148,11042129979,29.489,Normal
HYD004598,13673762419,womens clothing,clothes,Shopping,17.5018431,78.4260372,2028554629,16.898,Normal
HYD004599,5405056316,Coffee day,coffee,Food,17.4358862,78.3667166,1709116129,21.96,Normal
HYD004600,5774459977,Dostea,coffee,Food,17.4517138,78.3915362,7733079841,13.311,Normal
HYD004601,12536226059,Samrudhi Amrutulya chai and snacks,coffee,Food,17.4758454,78.5679216,2795965462,18.409,Normal
HYD004602,5613609979,Talk Over Tea,coffee,Food,17.4443253,78.3919009,3670021192,20.09,Normal
HYD004603,7025820851,Trance,coffee,Food,17.4339868,78.4029546,353759702,52.651,Normal
HYD004604,7244119472,cafe time,coffee,Food,17.3672269,78.5216969,6444901483,20.245,Normal
HYD004605,13436972604,coffee manufacturing,coffee,Food,17.4112602,78.4870459,2857630860,31.093,Normal
HYD005008,6208399985,Adarsh Mithai Bhandar,confectionery,Food,17.4026748,78.4611804,11524101450,19.297,Normal
HYD005009,4418622011,Agarwala sweets,confectionery,Food,17.4004709,78.489172,3158994862,18.158,Normal
HYD005010,7244238209,Agra Mithai Shop,confectionery,Food,17.409153,78.5088663,308943096,4.924,Normal
HYD005011,357762902,Agra Mithai Wala,confectionery,Food,17.40167462,78.56668901999998,7710836467,28.006,Normal
HYD005012,9918846037,Agra Sweet House,confectionery,Food,17.5223511,78.4290387,6308390493,16.941,Normal
HYD005013,7113917986,Agra sweets,confectionery,Food,17.4069134,78.5930777,2586710516,32.875,Normal
HYD005014,726707787,Almond House,confectionery,Food,17.4011328,78.4858071,3204072399,15.743,Normal
HYD005015,6255292886,Almond house,confectionery,Food,17.4859641,78.3904096,7229983924,18.263,Normal
HYD005016,10262083209,Andal mixture Shop,confectionery,Food,17.4590338,78.5371001,13467895333,6.194,Normal
HYD005017,1475764341,BANGALORE IYENGAR BAKERY,confectionery,Food,17.4085886,78.5097679,2234832598,8.196,Normal
HYD005018,6220431486,Balaji Mahesh Mithai,confectionery,Food,17.4064158,78.4512735,309713917,30.082,Normal
HYD005019,7244134462,Balaji Mithai Bandhar,confectionery,Food,17.3289839,78.5831291,2725394136,13.498,Normal
HYD005020,7244174314,Balaji Papalal Mithai Bhandar,confectionery,Food,17.4105312,78.5077698,309707306,12.362,Normal
HYD005021,7244251155,Balaji Ramratan mithai bhandar,confectionery,Food,17.3530974,78.3778046,11513096737,18.824,Normal
HYD005022,8113670189,Balaji Sweet Shop,confectionery,Food,17.3640835,78.5263117,307047880,12.925,Normal
HYD005023,13335606965,Balaji Sweet shop,confectionery,Food,17.4936183,78.4516837,10292670678,27.4,Normal
HYD005024,1122005590,Balaji Sweet shop,confectionery,Food,17.45475374,78.424531,1748857050,15.285,Normal
HYD005025,7244480283,Balaji Sweethouse,confectionery,Food,17.5291003,78.2649068,2763873979,34.345,Normal
HYD005026,6263600086,Balaji Sweets,confectionery,Food,17.4084438,78.5567565,310445680,9.933,Normal
HYD005027,8110910881,Balaji sweet shop,confectionery,Food,17.4443977,78.567332,2805343908,25.349,Normal
HYD005028,6855217485,Bikaner Wala Sweet Shop,confectionery,Food,17.4578813,78.3732362,6656804093,9.618,Normal
HYD005029,6257501986,Cashew House,confectionery,Food,17.4737274,78.3878202,11192393943,44.275,Normal
HYD005030,1595854207,Dadu's Mithai Vatika,confectionery,Food,17.4056818,78.479066,3158888367,22.618,Normal
HYD005031,10806671053,Delhi Wala Sweet house,confectionery,Food,17.496648,78.595257,11045763780,8.9,Normal
HYD005032,9913821025,Delhi wala,confectionery,Food,17.3933889,78.4425157,10100669509,19.346,Normal
HYD005033,13208186039,Delhiwala Sweet Store,confectionery,Food,17.4276035,78.451608,6151849830,26.426,Normal
HYD005034,11084918146,Haji Mastan Bakery And Sweet Shop,confectionery,Food,17.4532993,78.4133451,2959415306,19.155,Normal
HYD005035,6208287187,Hameedi Confectioners,confectionery,Food,17.3841796,78.4743799,10593369188,9.852,Normal
HYD005036,13673513000,Hameedi sweets,confectionery,Food,17.3841172,78.4743865,10593369187,4.042,Normal
HYD005037,6218904885,Honey Sweets & Bakers,confectionery,Food,17.3987871,78.4488897,2177264518,14.357,Normal
HYD005038,4442006390,Hyderabad,confectionery,Food,17.4719293,78.4924365,1255128731,11.364,Normal
HYD005039,9919114777,Hyderabad Sweet House,confectionery,Food,17.469275,78.4775828,1945542442,15.58,Normal
HYD005040,4187300291,Ice Cre shop,confectionery,Food,17.3549885,78.473358,3789866565,10.162,Normal
HYD005041,10806671040,Kakarla sweet shop,confectionery,Food,17.4908547,78.5993102,3598320427,7.23,Normal
HYD005042,10150963017,Kesariya's Sweets,confectionery,Food,17.4600183,78.3553429,1301981505,34.729,Normal
HYD005043,7244184323,Kondareddy Sweet Shop,confectionery,Food,17.4957121,78.3586812,3205667400,29.409,Normal
HYD005044,8111012822,Lakshmi sweet shop,confectionery,Food,17.3968459,78.377668,3579911778,32.198,Normal
HYD005045,6218904787,Madhur Sweets,confectionery,Food,17.3987196,78.4491808,2177264482,18.288,Normal
HYD005046,10019985322,Mahadev Sweets,confectionery,Food,17.3648315,78.4197096,2720675220,12.67,Normal
HYD005047,5012231921,Mamagoto,confectionery,Food,17.4101885,78.4375025,3167938445,9.899,Normal
HYD005048,2794763814,Mamta Sweets,confectionery,Food,17.4401587,78.4858605,308796023,14.302,Normal
HYD005049,4187313589,Mathwalle Doodh Falloda and Lassi,confectionery,Food,17.3568367,78.4736068,3612550323,11.2,Normal
HYD005050,10229392518,Milagrow Nuts,confectionery,Food,17.3963761,78.370216,3579911720,22.477,Normal
HYD005051,6982974093,Mithas Vatika,confectionery,Food,17.3633929,78.428707,2739329336,22.962,Normal
HYD005052,6208364585,Mustafa Sweets & Namkeen,confectionery,Food,17.4026414,78.4615805,4343145634,6.26,Normal
HYD005053,11684799664,New Balaji Mithai Bhandar;New Balaji Jeetmal Mithai Bhandar,confectionery,Food,17.5226491,78.4439264,4193478944,22.335,Normal
HYD005054,7244140118,New Balaji Sweet House,confectionery,Food,17.5307372,78.2651318,12234508469,21.593,Normal
HYD005055,7021286959,New York Tavern,confectionery,Food,17.4457768,78.3844176,13361464082,30.948,Normal
HYD005056,13673538293,New satanaraya sweet shop,confectionery,Food,17.3762674,78.4749277,308525930,12.895,Normal
HYD005057,6248961887,Olive Mitai,confectionery,Food,17.452153,78.3809929,4331884706,20.351,Normal
HYD005058,7012057585,Pista House,confectionery,Food,17.3619884,78.4801587,11478628923,4.162,Normal
HYD005059,7016417970,Pista house,confectionery,Food,17.3705284,78.4771473,13086530383,5.467,Normal
HYD005060,7035151536,Pulla Reddy Sweets,confectionery,Food,17.4410032,78.3897093,7016185720,19.523,Normal
HYD005061,2261542805,Pullareddy Sweets shop,confectionery,Food,17.3870862,78.4730022,2261542805,0.0,Normal
HYD005062,7113964185,Rajasthani sweets,confectionery,Food,17.4323142,78.4253767,3602301007,10.058,Normal
HYD005063,6593421935,Shri Shiva Sai Suppliers,confectionery,Food,17.422864,78.5684824,310446955,19.693,Normal
HYD005064,8113828142,Sreeja home foods,confectionery,Food,17.4003777,78.3797254,2794197000,23.18,Normal
HYD005065,6634660419,Sri Balaji Balkishnan Mithai Bhandar,confectionery,Food,17.4179958,78.5659038,4269400034,8.003,Normal
HYD005066,6575179577,Sri Balaji Bansilal Mithai Bhandar,confectionery,Food,17.4198815,78.5650068,3317421185,18.715,Normal
HYD005067,12528930355,Sri Balaji Mithai Bhandar,confectionery,Food,17.4811493,78.5753196,2795820440,6.773,Normal
HYD005068,6868572423,Sudharshan,confectionery,Food,17.4248942,78.5358894,308597337,17.581,Normal
HYD005069,6222396189,Sweet Shop,confectionery,Food,17.3998818,78.4627205,11980154951,11.156,Normal
HYD005070,7244233173,Sweet pie,confectionery,Food,17.5406546,78.2323411,10129553315,17.637,Normal
HYD005071,13673666017,Sweets Shop,confectionery,Food,17.3708297,78.469652,4203989135,25.306,Normal
HYD005072,11402746858,The Mithai Box,confectionery,Food,17.2352135,78.4341072,9758851872,42.614,Normal
HYD005073,7025820768,The Sugar Connection,confectionery,Food,17.4470518,78.4019777,7000601825,24.05,Normal
HYD005074,7863571042,Vasireddy Swagruha Foods - Ruchi Caterers,confectionery,Food,17.4970934,78.3594826,11037057315,10.834,Normal
HYD005075,6257487585,Velanki Foods,confectionery,Food,17.4399509,78.3978501,3602302772,25.412,Normal
HYD005076,2466621819,Venkat Rami Reddy Sweets,confectionery,Food,17.4271881,78.5316614,7713048834,18.102,Normal
HYD005077,5386284431,Vijaya swagruha foods,confectionery,Food,17.3953912,78.4537772,1321320412,13.499,Normal
HYD005078,6263600288,Vishnu Sweets,confectionery,Food,17.4082493,78.5567404,7678984938,13.434,Normal
HYD005079,357618522,mithai wala,confectionery,Food,17.36769742,78.54034734,1598149461,23.267,Normal
HYD005080,7244265357,sai sudha sweet shop,confectionery,Food,17.3671394,78.5251361,307047900,14.215,Normal
HYD005081,7244226216,sri balaji,confectionery,Food,17.4791391,78.5864506,7101241564,15.301,Normal
HYD005082,7244226211,sri balaji mithai bhandar,confectionery,Food,17.4888447,78.6011254,6390373724,15.653,Normal
HYD005083,7847278627,vasantha reddy pure ghee sweets,confectionery,Food,17.453004,78.5639635,2795957533,13.807,Normal
HYD005123,355962300,Bhaskar Kirana and General Store,convenience,Shopping,17.471647033333333,78.53641243333334,2222561430,9.63,Normal
HYD005124,4713381792,Bhavani Kirana & General Store,convenience,Shopping,17.4827416,78.3205519,5234741868,12.657,Normal
HYD005125,4750922025,Bhavani Kirana & General Stores,convenience,Shopping,17.4854006,78.3204503,11478510664,4.974,Normal
HYD005126,1215747410,China Bazaar,convenience,Shopping,17.4645969,78.3671039,10573065556,14.465,Normal
HYD005127,875437633,Commercial complex,convenience,Shopping,17.35572942,78.5676472,3709504323,9.313,Normal
HYD005128,4209992495,Convenience Store,convenience,Shopping,17.3735899,78.5458222,1891818287,17.033,Normal
HYD005129,6209855785,Danube Hindware,convenience,Shopping,17.4034467,78.4513552,7712328219,11.476,Normal
HYD005130,4693618991,Deva Mini Super Market,convenience,Shopping,17.4910199,78.3278566,2231795284,22.667,Normal
HYD005131,8233202643,Dheeraj Kirana and General Store,convenience,Shopping,17.4996604,78.5117579,2232047873,17.241,Normal
HYD005132,2794745093,Dimmy's Paan Palace,convenience,Shopping,17.4398273,78.4841922,3182218394,20.365,Normal
HYD005133,6209979090,Ever Green Kirana Store,convenience,Shopping,17.3961431,78.4654068,7712674603,11.375,Normal
HYD005134,1048034648,Fresh and Natural,convenience,Shopping,17.4536406,78.3671227,2582234627,19.439,Normal
HYD005135,355961465,Ganapathi Kirana General Store,convenience,Shopping,17.47172942,78.53582784,2222561429,13.9,Normal
HYD005136,275791506,Ganesh General Store,convenience,Shopping,17.37074035,78.5686094,1594518971,15.619,Normal
HYD005137,3618980668,Grocery Shop,convenience,Shopping,17.516006,78.4389215,6308390528,19.806,Normal
HYD005138,9903794530,Grocery Shop,convenience,Shopping,17.518664,78.4356845,2852325928,12.726,Normal
HYD005139,11736236190,Hani,convenience,Shopping,17.5025846,78.3932028,11846815203,22.331,Normal
HYD005140,675642472,Heritage Fresh,convenience,Shopping,17.4090882,78.4893816,12049270386,14.259,Normal
HYD005141,3372041136,Heritage Fresh,convenience,Shopping,17.422196,78.3475582,10579173994,37.921,Normal
HYD005142,8318330147,Indian oil,convenience,Shopping,17.3953474,78.4306203,2859817829,14.413,Normal
HYD005143,9903794535,Kirana Store,convenience,Shopping,17.5169015,78.437731,6308390319,24.786,Normal
HYD005144,4764366411,Lakshmi Sai Provisional Store,convenience,Shopping,17.4895619,78.3282928,2231795156,9.711,Normal
HYD005145,4313532553,Manzoor Kirana and General Store,convenience,Shopping,17.3957725,78.4100829,3579911604,5.637,Normal
HYD005146,6208269990,Meenas Surgicals,convenience,Shopping,17.3908603,78.4702184,11240284609,15.824,Normal
HYD005147,13673515309,Milk shop,convenience,Shopping,17.3715129,78.4696086,3791315258,26.816,Normal
HYD005148,13673598445,Milk shop,convenience,Shopping,17.3721326,78.465858,2852277908,9.863,Normal
HYD005149,13673773656,Milk shop,convenience,Shopping,17.3724373,78.4712477,7682217661,22.94,Normal
HYD005150,1384409244,More,convenience,Shopping,17.4363961,78.3418779,3602301994,23.024,Normal
HYD005151,2062763951,More,convenience,Shopping,17.430295,78.425256,1312705954,17.359,Normal
HYD005152,2629339308,More,convenience,Shopping,17.501687,78.540273,2794316343,13.835,Normal
HYD005153,5407616165,More retail store,convenience,Shopping,17.4997237,78.4774555,7701660237,25.213,Normal
HYD005154,6208399685,Mustafa Dairy Farms,convenience,Shopping,17.4026488,78.4616104,4343145634,3.923,Normal
HYD005155,2062744013,Raghavendra General Store,convenience,Shopping,17.431848,78.4265727,354243455,11.265,Normal
HYD005156,888520036,Reliance Fresh,convenience,Shopping,17.4131832,78.4492268,739173413,10.966,Normal
HYD005157,12532085101,Rudra Kirana General Store,convenience,Shopping,17.4034493,78.3715456,3670021326,3.021,Normal
HYD005158,6219027189,SR Stationary,convenience,Shopping,17.3960575,78.4656534,2847726190,4.022,Normal
HYD005159,8386196957,SS Bhavani Foods and Millets,convenience,Shopping,17.4896079,78.3279003,5156482776,14.12,Normal
HYD005160,6208364686,Safari Bags,convenience,Shopping,17.4026513,78.4617945,4343145636,7.537,Normal
HYD005161,2580738025,Sagar Shop,convenience,Shopping,17.4239707,78.5260171,2578021681,14.515,Normal
HYD005162,6087170685,Sahaja Aharam,convenience,Shopping,17.426757,78.5400399,1939290885,29.03,Normal
HYD005163,355879220,Sai Puja Kirana & General Stores,convenience,Shopping,17.473344540000003,78.29617066,4133151435,14.762,Normal
HYD005164,8233123029,Sai general kirana store,convenience,Shopping,17.514081,78.5567757,2794317055,12.778,Normal
HYD005165,7608585731,Saravana Ghee Store,convenience,Shopping,17.4386942,78.4970416,3598259223,20.829,Normal
HYD005166,6199004286,Shankar Shop,convenience,Shopping,17.39184,78.5319181,1316999206,17.032,Normal
HYD005167,1224549902,Spencer's,convenience,Shopping,17.4412514,78.3589602,1753608446,19.143,Normal
HYD005168,8233202619,Sree Sai Ram Traders,convenience,Shopping,17.4995735,78.5126196,2232047818,25.149,Normal
HYD005169,5007142469,Sri Aditya Kirana & General Store,convenience,Shopping,17.4207267,78.4025692,1293113887,25.928,Normal
HYD005170,513439525,Sri Balaji Kirana,convenience,Shopping,17.4415504,78.448547,12082386917,13.438,Normal
HYD005171,2710832913,Sri Balaji Wines,convenience,Shopping,17.4886534,78.3920247,3602317273,36.524,Normal
HYD005172,4764366155,Sri Lakshmi Kirana & General Stores,convenience,Shopping,17.4894006,78.3300052,4357377652,17.956,Normal
HYD005173,4750952721,Sri Laxmi Kirana & General Stores,convenience,Shopping,17.4871225,78.3200176,2231949269,33.061,Normal
HYD005174,4665327691,Sri Ramdev Kirana & General Store,convenience,Shopping,17.4895738,78.3300996,4357377652,9.915,Normal
HYD005175,116017082,Taramandal Complex,convenience,Shopping,17.40692864,78.46807687999998,3170093988,38.323,Normal
HYD005176,8530486384,The Panditji Pooja Store,convenience,Shopping,17.3764799,78.4663721,2852278006,8.026,Normal
HYD005177,5025412822,UFRO,convenience,Shopping,17.4082921,78.518884,13400278164,1.925,Normal
HYD005178,6261749086,United Associates,convenience,Shopping,17.388128,78.4637211,3612562750,43.557,Normal
HYD005179,4415288806,heritage fresh,convenience,Shopping,17.4098406,78.4925972,3612573622,27.38,Normal
HYD005180,2710729572,jaya steel palace,convenience,Shopping,17.3308561,78.569402,14102657970,13.1,Normal
HYD005181,6829483776,lakshmi kirana general atores,convenience,Shopping,17.4715808,78.5375503,2222561419,7.032,Normal
HYD005182,626897095,needs bakery,convenience,Shopping,17.367503,78.4878868,11568664553,17.311,Normal
HYD005183,12854573915,shahi naan shop,convenience,Shopping,17.3923136,78.5192259,12704188662,12.189,Normal
HYD005184,6801208599,vasavi kirana and general store,convenience,Shopping,17.4746433,78.5380372,4013994537,10.991,Normal
HYD005185,5050917821,جديد صيرفه جامعه كاظم,convenience,Shopping,17.4261594,78.5239031,308796524,20.483,Normal
HYD005186,5047220122,حواله + صيرفه كاظم,convenience,Shopping,17.3919992,78.4578523,308779446,33.281,Normal
HYD005187,5025412821,دفع قصط الجامعه كاظم,convenience,Shopping,17.4076308,78.5192988,3612572303,10.743,Normal
HYD005188,5025412621,صيرفه جامعه كاظم,convenience,Shopping,17.4147416,78.5243953,308614001,16.023,Normal
HYD005189,5020612721,موبايل كاظم,convenience,Shopping,17.4082204,78.4507699,3146860417,3.702,Normal
HYD005190,5016542621,مول كاظم,convenience,Shopping,17.4169903,78.4499654,11568928774,11.416,Normal
HYD005196,14022786437,Bath & Body Works,cosmetics,Shopping,17.4836469,78.3890946,6150020414,26.605,Normal
HYD005197,6235740286,Bio,cosmetics,Shopping,17.4869482,78.3884039,7115968284,19.053,Normal
HYD005198,6429440285,Dr. Batra's,cosmetics,Shopping,17.4827938,78.4137537,2425535876,16.108,Normal
HYD005199,4674755095,Green Trends,cosmetics,Shopping,17.4894312,78.3141875,11890730742,26.905,Normal
HYD005200,6269697488,Green Trends,cosmetics,Shopping,17.4927232,78.3962102,1989048505,12.514,Normal
HYD005201,7027716887,Hans,cosmetics,Shopping,17.449083,78.400457,11038565005,25.537,Normal
HYD005202,6283691786,Hari,cosmetics,Shopping,17.4919514,78.4551306,3598277570,6.193,Normal
HYD005203,4614311071,Health & Glow,cosmetics,Shopping,17.4402213,78.4821607,3182218454,19.333,Normal
HYD005204,7114059585,Health and glow,cosmetics,Shopping,17.3927862,78.4975661,1475178056,24.512,Normal
HYD005205,6178998485,Himalaya,cosmetics,Shopping,17.4411015,78.3886407,6994553877,14.717,Normal
HYD005206,5405055428,J M J Cosmetic surgery,cosmetics,Shopping,17.4370451,78.3665156,3602302139,31.936,Normal
HYD005207,5942783248,Jawed Habib,cosmetics,Shopping,17.4459967,78.3861353,12561131646,21.485,Normal
HYD005208,2794877098,Kathiawad Stores,cosmetics,Shopping,17.4389184,78.4889355,321709800,9.109,Normal
HYD005209,5942740805,Lakmé,cosmetics,Shopping,17.4465491,78.3843524,11817694791,25.874,Normal
HYD005210,5620024297,MAC Cosmetics,cosmetics,Shopping,17.4191845,78.4483205,2126214159,14.309,Normal
HYD005211,4497762193,Mane Street salon and spa,cosmetics,Shopping,17.3375364,78.5696564,3180373230,10.286,Normal
HYD005212,4729069196,Mirrors,cosmetics,Shopping,17.4427664,78.3552314,13347810927,32.431,Normal
HYD005213,5942781126,Mirrors Saloons and Academy,cosmetics,Shopping,17.4461407,78.385662,1042264816,26.498,Normal
HYD005214,7244117098,Naturals,cosmetics,Shopping,17.4050245,78.515135,3164418517,16.485,Normal
HYD005215,6291085285,SK Beauty Parlour,cosmetics,Shopping,17.4428846,78.39128,1323570269,27.459,Normal
HYD005216,5620024294,The Body Shop,cosmetics,Shopping,17.4192461,78.4482913,2126214167,15.249,Normal
HYD005217,6275488988,The Glamour Lounge,cosmetics,Shopping,17.4408879,78.3979253,1054105939,21.881,Normal
HYD005218,6276380285,VLCC,cosmetics,Shopping,17.4928456,78.4018668,6308390705,9.456,Normal
HYD005219,11696660944,healthy glow,cosmetics,Shopping,17.3611008,78.5445275,1340809939,20.947,Normal
HYD005231,8386739330,Aarokya Milk center,dairy,Food,17.4723734,78.3891058,2249842093,13.798,Normal
HYD005232,5743508531,Dodla Dairy,dairy,Food,17.4054668,78.3914541,3579913345,12.333,Normal
HYD005233,6822126505,Dodla Dairy Limited,dairy,Food,17.400224,78.382965,2795871055,21.473,Normal
HYD005234,6822126530,Doodla Parlour,dairy,Food,17.4657293,78.4262847,2249914652,15.716,Normal
HYD005235,6575821853,Hatsun Daily / Arun Icecreams,dairy,Food,17.415507,78.5652811,2841168848,11.032,Normal
HYD005236,7246495324,Heritage,dairy,Food,17.5279323,78.2635696,2763577183,27.787,Normal
HYD005237,8386739332,Heritage Milk Center,dairy,Food,17.4727018,78.3890392,2249842096,11.777,Normal
HYD005238,6822126472,Heritage Parlour,dairy,Food,17.465795,78.428948,3670022838,8.638,Normal
HYD005239,6822126605,Heritage Sale Point,dairy,Food,17.493437,78.320932,3931671444,18.278,Normal
HYD005240,7021303635,Heritage Sale Point,dairy,Food,17.4422079,78.3865924,7012879988,18.115,Normal
HYD005241,11690901006,JERSEY,dairy,Food,17.474572,78.5512315,4021573391,7.025,Normal
HYD005242,9885051453,Lingam Dairy,dairy,Food,17.3767756,78.4884324,9885051453,0.0,Normal
HYD005243,11082456161,Masqati Dairy Shop,dairy,Food,17.4556334,78.4089153,1284260203,14.851,Normal
HYD005244,6822126535,Milk Point,dairy,Food,17.421239,78.513347,2234275681,27.151,Normal
HYD005245,5405053400,Milk shake factory,dairy,Food,17.4415455,78.3583761,1753608436,11.032,Normal
HYD005246,11373182369,Mother's Dairy,dairy,Food,17.4077229,78.5949535,3496413208,18.381,Normal
HYD005247,6575179574,Mukunda Dairy Products,dairy,Food,17.4200383,78.565311,3317426073,13.977,Normal
HYD005248,6478492458,Santosh Kirana & General Store,dairy,Food,17.4843729,78.3073964,2225419766,16.268,Normal
HYD005249,6479605609,Santosh Kirana & General Store,dairy,Food,17.4844097,78.3073846,2225419766,20.209,Normal
HYD005250,6571756951,Sri Laxmi Milk Parlour,dairy,Food,17.4229882,78.56658,3663312366,17.104,Normal
HYD005251,6629546519,Sri Sai Balaji Milk Agency,dairy,Food,17.4078211,78.5881355,3598399677,16.136,Normal
HYD005252,6853049453,Sri chakra milk point,dairy,Food,17.3211942,78.5684385,1324680895,17.23,Normal
HYD005253,13535855575,Vijaya Cafe,dairy,Food,17.4142221,78.4790164,308792944,27.933,Normal
HYD005254,2333116987,Vijaya Dairy Store,dairy,Food,17.4944876,78.3931502,987738172,36.131,Normal
HYD005255,13715437724,Vijaya telangana dairy parlour,dairy,Food,17.4944885,78.3922031,1427603916,40.697,Normal
HYD005256,8111077824,heritage,dairy,Food,17.3963133,78.376805,2794196867,15.463,Normal
HYD005257,680545362,model milk,dairy,Food,17.3710105,78.54095832,13329781729,9.55,Normal
HYD005258,6822126516,ss milk parlour,dairy,Food,17.3211922,78.5685801,1324680895,22.149,Normal
HYD005262,3947022825,Ruvira Dairy and Sweets,deli,Food,17.4376771,78.4842498,3670021930,24.031,Normal
HYD005313,6822126541,Aman Kirana Shop,department_store,Shopping,17.465501,78.426204,2249914640,11.283,Normal
HYD005314,7244134459,Automobiles,department_store,Shopping,17.3293451,78.5810447,1325217151,12.503,Normal
HYD005315,6847914825,Balaji Ramanandam Kirana & General Store,department_store,Shopping,17.543002,78.438485,3664722333,8.921,Normal
HYD005316,7569863055,Bharat Military & Department Stores,department_store,Shopping,17.4788777,78.5138911,5486109278,34.15,Normal
HYD005317,6255323686,Big Bazar,department_store,Shopping,17.4838225,78.4105388,1437305413,30.051,Normal
HYD005318,7537589461,Bison Unit Run Canteen,department_store,Shopping,17.4864785,78.5158862,11058022105,58.628,Normal
HYD005319,5405055301,Centro,department_store,Shopping,17.4345238,78.3687694,7492349754,12.436,Normal
HYD005320,4436560090,China bazar,department_store,Shopping,17.4083572,78.4923778,315058906,9.287,Normal
HYD005321,7114079086,Deekshitha general store,department_store,Shopping,17.4610768,78.5660369,2796376504,11.669,Normal
HYD005322,6822126517,Dhana Lakshmi Kirana & General,department_store,Shopping,17.510693,78.2884295,353630816,14.552,Normal
HYD005323,7244496580,Heritage,department_store,Shopping,17.4424848,78.4392927,3195196230,14.201,Normal
HYD005324,417224769,Heritage Store,department_store,Shopping,17.393487214285717,78.47370571428573,11140260187,22.423,Normal
HYD005325,4433085089,Heritage fresh,department_store,Shopping,17.4097113,78.4926128,2857511617,33.377,Normal
HYD005326,6822126636,Jagadamba Kirana & General Stores,department_store,Shopping,17.4621883,78.4945914,11050982923,14.692,Normal
HYD005327,7114079087,Jessica general store,department_store,Shopping,17.4612238,78.5660003,2796376502,10.03,Normal
HYD005328,6822126529,Kavitha General Store,department_store,Shopping,17.400683,78.565884,2585223835,11.397,Normal
HYD005329,6199004285,Kirana Shop,department_store,Shopping,17.3930794,78.531472,1317022561,11.097,Normal
HYD005330,6847914855,Kirana Store,department_store,Shopping,17.5266786,78.2655441,2763577150,12.196,Normal
HYD005331,8233372358,Kirana Store,department_store,Shopping,17.5341284,78.3915234,3614499390,17.098,Normal
HYD005332,7113766286,Kirana shop,department_store,Shopping,17.4549137,78.3996316,2249841639,8.604,Normal
HYD005333,7113765586,Kirana store,department_store,Shopping,17.4545941,78.3993763,2249841609,3.077,Normal
HYD005334,7113766686,Kirana store,department_store,Shopping,17.4543229,78.3993429,3602307628,8.303,Normal
HYD005335,6822126527,Laxmi stores,department_store,Shopping,17.421204,78.456416,7701439754,11.728,Normal
HYD005336,771240771,MORE,department_store,Shopping,17.4131673,78.4899867,308942941,14.271,Normal
HYD005337,6822126611,Mallikarjuna Kirana & General Store,department_store,Shopping,17.425308,78.518082,2234501049,6.788,Normal
HYD005338,7025820862,Marks & Spencer,department_store,Shopping,17.4345959,78.4036538,3164037435,27.712,Normal
HYD005339,5431066477,More,department_store,Shopping,17.4998221,78.4774556,7701973800,30.518,Normal
HYD005340,5537220631,More,department_store,Shopping,17.3636988,78.4235589,4245900844,23.921,Normal
HYD005341,6850830280,Murali Krishna Kirana Store,department_store,Shopping,17.5321879,78.4444753,2852844697,15.892,Normal
HYD005342,726716833,Nike Showroom,department_store,Shopping,17.4025481,78.4835044,3217076855,12.785,Normal
HYD005343,6822126512,Om Sai Kirana And General Stores,department_store,Shopping,17.543139,78.438322,3664722333,14.266,Normal
HYD005344,6822126656,Parameshwara Provisional Store,department_store,Shopping,17.48847,78.396826,350438534,16.347,Normal
HYD005345,4686176790,Prasads,department_store,Shopping,17.4131599,78.4657057,1309496175,22.459,Normal
HYD005346,6822126479,RAJU KIRANA & GENERAL STORES,department_store,Shopping,17.475791,78.654066,2714800514,16.077,Normal
HYD005347,12558369453,Ravi Kiranam,department_store,Shopping,17.4910659,78.5086825,2221878703,30.869,Normal
HYD005348,12618668130,Reliance SMART Superstore,department_store,Shopping,17.5458688,78.36361,3486475672,39.217,Normal
HYD005349,6822126649,SANTOSH Kirana & General Stores,department_store,Shopping,17.3221016,78.4802089,3612539556,19.148,Normal
HYD005350,6822126644,Sai Krupa Kirana & General Store,department_store,Shopping,17.469416,78.428425,11568925996,26.104,Normal
HYD005351,2579742615,Shoppers Stop,department_store,Shopping,17.4898355,78.3926814,11066414999,22.71,Normal
HYD005352,7035236534,Shoppers Stop,department_store,Shopping,17.4349673,78.3869939,6150752511,57.074,Normal
HYD005353,11015908542,Shri Saibaba Kirana General Store,department_store,Shopping,17.4252249,78.4569298,11036678466,15.28,Normal
HYD005354,8620379446,Sreenivas Kirana and General Store,department_store,Shopping,17.5287133,78.3889921,2780887856,12.772,Normal
HYD005355,6822126488,Sri Balaji Anil Kumar Dry Fruit Kirana & General Stores,department_store,Shopping,17.4958958,78.596059,2795743927,16.167,Normal
HYD005356,6261501993,Sri Datta Sai Kirana and General Stores,department_store,Shopping,17.4860243,78.3870097,2249764837,28.798,Normal
HYD005357,6847914816,Sri Jadhamba General Store,department_store,Shopping,17.4004609,78.5656306,7709421379,18.398,Normal
HYD005358,6837577388,Sri Manjunatha Kirana & General Store,department_store,Shopping,17.5359525,78.2618173,2763874598,11.669,Normal
HYD005359,6847914890,Sri Sai kirana & General store,department_store,Shopping,17.5417676,78.4386213,2781424707,18.278,Normal
HYD005360,7113870085,Sri venkateshwara general store,department_store,Shopping,17.3623992,78.5094056,306605285,16.855,Normal
HYD005361,7569456506,Station Workshop EME  Unit Run Canteen,department_store,Shopping,17.4708427,78.5230375,7679381153,24.378,Normal
HYD005362,6822126638,Surender Kirana Shop,department_store,Shopping,17.541783,78.438516,2781424707,7.645,Normal
HYD005363,6853049364,Tirumala Kirana & General Store,department_store,Shopping,17.559927,78.438386,11572718544,8.934,Normal
HYD005364,6308262637,ratnadeep,department_store,Shopping,17.4098159,78.4926179,3612573622,30.873,Normal
HYD005438,1222890641,High Field's Dog Park,dog_park,Nature & Outdoors,17.41628288571429,78.34119282857144,10798233889,16.899,Normal
HYD005439,852380431,Hyderabad Dog Park,dog_park,Nature & Outdoors,17.448913625,78.36173020833333,351877282,24.915,Normal
HYD005479,12541130539,AP care mobile,electronics,Shopping,17.4761707,78.5677845,2795822114,19.632,Normal
HYD005480,6273886386,Aadhishwar,electronics,Shopping,17.4945672,78.3988718,350444477,23.689,Normal
HYD005481,12536226089,Airtel 5gplus store,electronics,Shopping,17.4746114,78.5682411,5293806474,19.287,Normal
HYD005482,12538926486,Airtel WiFi Store,electronics,Shopping,17.4767475,78.5640109,3164348354,19.318,Normal
HYD005483,12541130558,Ajay mobiles,electronics,Shopping,17.4736829,78.569661,3164352067,20.95,Normal
HYD005484,4509832890,Akshay net cafe,electronics,Shopping,17.5220055,78.2928688,9914517667,44.113,Normal
HYD005485,7135117041,Amaron,electronics,Shopping,17.4033791,78.3910467,1534914409,10.396,Normal
HYD005486,12536226037,Anchor Electronics,electronics,Shopping,17.4738968,78.5704479,9635015412,20.477,Normal
HYD005487,11771783708,Aptronix,electronics,Shopping,17.4289829,78.3739652,7134891019,44.812,Normal
HYD005488,12545936100,BAJAJ Electronics,electronics,Shopping,17.4786185,78.5595171,978107717,25.956,Normal
HYD005489,5541547976,Baja Electronics,electronics,Shopping,17.4076993,78.597279,2586710526,33.476,Normal
HYD005490,2412762831,Bajaj Electronics,electronics,Shopping,17.3637172,78.5439103,12198838181,22.885,Normal
HYD005491,3523097048,Bajaj Electronics,electronics,Shopping,17.4253097,78.4537102,10279266018,30.294,Normal
HYD005492,4729087704,Bajaj Electronics,electronics,Shopping,17.4430558,78.3546787,2212506146,28.356,Normal
HYD005493,6185265085,Bajaj Electronics,electronics,Shopping,17.4064793,78.4651371,289903728,19.469,Normal
HYD005494,6208269786,Bajaj Electronics,electronics,Shopping,17.3689848,78.5224657,1152797196,31.302,Normal
HYD005495,6264953185,Bajaj Electronics,electronics,Shopping,17.4147379,78.5460033,1779592742,25.349,Normal
HYD005496,6710912137,Bajaj Electronics,electronics,Shopping,17.440666,78.4875535,4614088272,33.012,Normal
HYD005497,6822126509,Bajaj Electronics,electronics,Shopping,17.3936287,78.4727653,13337856819,6.833,Normal
HYD005498,7244140151,Bajaj Electronics,electronics,Shopping,17.5283271,78.2667278,11046420828,20.351,Normal
HYD005499,9887289817,Bajaj Electronics,electronics,Shopping,17.5113586,78.3846365,8386715649,17.463,Normal
HYD005500,12536257520,Bajaj Electronics,electronics,Shopping,17.473419,78.5705428,3164348469,12.775,Normal
HYD005501,563391810,Bajaj Electronics,electronics,Shopping,17.3991227,78.53805073999999,4185025522,27.342,Normal
HYD005502,7246491289,Bajaj electronics,electronics,Shopping,17.4632868,78.3674198,10573065531,31.691,Normal
HYD005503,12852211118,Bajaj electronics,electronics,Shopping,17.3991007,78.5380842,4185025522,30.842,Normal
HYD005504,12536257504,CP plus,electronics,Shopping,17.4740681,78.568744,6149977289,11.928,Normal
HYD005505,13695604154,CeX,electronics,Shopping,17.4210662,78.4553392,7030710342,32.564,Normal
HYD005506,14063278752,"CeX - Next Galleria Mall, Punjagutta",electronics,Shopping,17.4288729,78.4502102,5956936309,33.952,Normal
HYD005507,12536226049,Computers,electronics,Shopping,17.4741437,78.5694303,2081227002,25.37,Normal
HYD005508,8386274825,Croma,electronics,Shopping,17.45872,78.5004357,3207183152,29.775,Normal
HYD005509,813570356,Cromā,electronics,Shopping,17.435971,78.4009856,3146881477,15.4,Normal
HYD005510,13208170225,Cromā,electronics,Shopping,17.4559468,78.4345642,13612876305,29.404,Normal
HYD005511,13208186047,Cromā,electronics,Shopping,17.4223208,78.4554376,11137690155,10.373,Normal
HYD005512,14022778124,Cromā,electronics,Shopping,17.4175272,78.363413,13380610011,24.328,Normal
HYD005513,356514114,Cromā,electronics,Shopping,17.48139502,78.55400084,3388779897,24.465,Normal
HYD005514,12545936073,Dhanavanthri Studio,electronics,Shopping,17.4793497,78.5575954,978107765,17.902,Normal
HYD005515,12541130549,Electronics Hub,electronics,Shopping,17.4737622,78.5693851,3164348467,8.116,Normal
HYD005516,5289196966,Electronics market,electronics,Shopping,17.3861799,78.4823795,7682261029,26.94,Normal
HYD005517,7025820920,Fono Tech,electronics,Shopping,17.4423249,78.3884038,1323504821,15.402,Normal
HYD005518,5703832226,GIS INDIA trainings,electronics,Shopping,17.4302818,78.4575863,1891028128,17.862,Normal
HYD005519,10279859273,IFB Store,electronics,Shopping,17.3308429,78.5698684,1324669979,12.573,Normal
HYD005520,12544230503,Impact Mobiles,electronics,Shopping,17.4772573,78.5630997,3164363658,40.585,Normal
HYD005521,6822126588,JS Electronics,electronics,Shopping,17.5132367,78.5566124,2794317003,10.036,Normal
HYD005522,9903887122,K.G.N Electronics,electronics,Shopping,17.5108217,78.4241164,2852309052,23.169,Normal
HYD005523,886393911,Mobile Store,electronics,Shopping,17.4658052,78.4931471,1339491134,7.724,Normal
HYD005524,12541130543,Naveen Glass House,electronics,Shopping,17.4766086,78.5675139,7716713810,11.101,Normal
HYD005525,12545949012,One Stop,electronics,Shopping,17.4783206,78.5600691,2225461242,29.435,Normal
HYD005526,12536226044,Opus,electronics,Shopping,17.474034,78.5697304,3164352067,24.698,Normal
HYD005527,12538789710,Opus,electronics,Shopping,17.4764696,78.5667689,3164348360,20.049,Normal
HYD005528,6255640985,PAI,electronics,Shopping,17.426342,78.4502078,2178003429,12.738,Normal
HYD005529,596737026,Pai,electronics,Shopping,17.398979200000003,78.48158102,2847634526,22.745,Normal
HYD005530,5539030280,Pai International,electronics,Shopping,17.4079764,78.5983003,5539030285,29.568,Normal
HYD005531,7570534456,Pai International,electronics,Shopping,17.473122,78.5103647,5486693578,23.301,Normal
HYD005532,577899282,Pai International,electronics,Shopping,17.4079364,78.59829563999999,5539030285,31.974,Normal
HYD005533,7025820860,Pai International Electronics,electronics,Shopping,17.4350554,78.4028918,1578599739,38.123,Normal
HYD005534,1258253850,Pai International electronics,electronics,Shopping,17.481972419999998,78.55441546,2225461325,45.323,Normal
HYD005535,3392202348,Pai Showroom,electronics,Shopping,17.4823134,78.4139802,3602314537,22.532,Normal
HYD005536,12541130562,Pavan Mobiles,electronics,Shopping,17.4736157,78.5698141,3164348468,8.892,Normal
HYD005537,12536257502,Prestige,electronics,Shopping,17.4741066,78.5686693,6149977289,14.025,Normal
HYD005538,12545936082,Pro spice,electronics,Shopping,17.479326,78.5579485,2225461257,10.905,Normal
HYD005539,331357311,RELIANCE DIGITAL,electronics,Shopping,17.4049078,78.51505086,3415837336,30.48,Normal
HYD005540,12536226083,RK Shoppie Mobiles,electronics,Shopping,17.4747372,78.5681694,3164363648,18.694,Normal
HYD005541,6651585141,Reliance Digital,electronics,Shopping,17.4958836,78.3382867,7668314723,29.424,Normal
HYD005542,8386477097,Reliance Digital,electronics,Shopping,17.4554564,78.49865,3207195564,18.113,Normal
HYD005543,10244211020,Reliance Digital,electronics,Shopping,17.4303744,78.5534178,3159039525,38.476,Normal
HYD005544,11358156627,Reliance Digital,electronics,Shopping,17.4843639,78.388981,10244259975,42.713,Normal
HYD005545,11772090395,Reliance Digital,electronics,Shopping,17.4964102,78.3586505,11037074476,36.572,Normal
HYD005546,12538926483,Reliance Digital,electronics,Shopping,17.4767328,78.5638748,9713035758,22.387,Normal
HYD005547,1161963683,Reliance Digital,electronics,Shopping,17.49062654,78.60170382,3598320383,25.213,Normal
HYD005548,8389405335,Reliance Digital - Electronic Store,electronics,Shopping,17.4821169,78.4486083,8366601354,30.174,Normal
HYD005549,12852311123,Reliance Digital Electronics store,electronics,Shopping,17.4048651,78.5150566,3415837336,31.734,Normal
HYD005550,5589700021,Reliance Digital Kukatpalli,electronics,Shopping,17.4820942,78.414501,11043379039,22.399,Normal
HYD005551,643283831,Reliance Digital Store,electronics,Shopping,17.42547452,78.45355616,10279266017,33.326,Normal
HYD005552,12538889101,Rithwika Air Cooler Mela,electronics,Shopping,17.4766206,78.5654167,12545788677,22.607,Normal
HYD005553,12545949027,SS Digitals,electronics,Shopping,17.4780421,78.5608067,3550378292,35.011,Normal
HYD005554,6570905721,SVR Power Controls,electronics,Shopping,17.4224575,78.5658898,310446960,15.337,Normal
HYD005555,6847914737,Sabhi Computers and communications,electronics,Shopping,17.4014339,78.4121999,13387938821,24.446,Normal
HYD005556,12545936087,Sai Ram Tent House & Sounds,electronics,Shopping,17.4792061,78.5583401,2653198666,13.58,Normal
HYD005557,8386939113,Samsung,electronics,Shopping,17.4074908,78.494816,3612572342,27.132,Normal
HYD005558,11676166203,Samsung,electronics,Shopping,17.3597459,78.5439215,13366659845,25.691,Normal
HYD005559,12545936081,Samsung,electronics,Shopping,17.4793257,78.5579372,2225461257,10.663,Normal
HYD005560,12536257507,Show me MI Mobiles,electronics,Shopping,17.4739652,78.5689303,6149977289,27.371,Normal
HYD005561,12536226088,Sonata,electronics,Shopping,17.4746319,78.5682193,5293806474,21.452,Normal
HYD005562,6255318389,Sonovision,electronics,Shopping,17.4187517,78.457353,3598253717,28.421,Normal
HYD005563,10279266020,Sonovision,electronics,Shopping,17.4253669,78.4534931,2477255888,33.31,Normal
HYD005564,12545949002,TITAN WORLD WATCHES,electronics,Shopping,17.47857,78.5596181,978107717,16.571,Normal
HYD005565,3010475777,TMC,electronics,Shopping,17.4442192,78.4686789,3598260927,16.019,Normal
HYD005566,13678000574,Tej Kiran Electricals,electronics,Shopping,17.4312832,78.4914143,364672082,44.17,Normal
HYD005567,6390378848,Tirupati Electronics,electronics,Shopping,17.3689714,78.522324,312810319,43.916,Normal
HYD005568,10871685669,V3 Electronics,electronics,Shopping,17.5427483,78.4905999,4182571846,18.82,Normal
HYD005569,9939231261,V3 Enterprises,electronics,Shopping,17.5426508,78.4906223,7095914670,26.187,Normal
HYD005570,355631006,V3 Enterprises,electronics,Shopping,17.5427277,78.490625,4182571846,21.741,Normal
HYD005571,11034002425,Vijay Stationary and Computers,electronics,Shopping,17.425369,78.4573432,289509866,21.386,Normal
HYD005572,4575196089,Yes Mart,electronics,Shopping,17.3423601,78.557558,7241412556,31.262,Normal
HYD005573,12545936077,Zoom Studio,electronics,Shopping,17.4793646,78.5576868,978107765,22.855,Normal
HYD005574,12536226065,a-one,electronics,Shopping,17.4759827,78.5674024,3164348462,20.654,Normal
HYD005575,7246751298,bajaj electronics,electronics,Shopping,17.4733186,78.571205,5293806402,19.971,Normal
HYD005576,357612616,bajaj electronics,electronics,Shopping,17.3585307,78.54510552000002,12254609976,34.752,Normal
HYD005577,9885009626,chroma,electronics,Shopping,17.5319008,78.4877571,11047931330,18.398,Normal
HYD005578,7244226203,pai international,electronics,Shopping,17.4890036,78.6015756,2795966041,25.34,Normal
HYD005579,10903125832,srk electronics,electronics,Shopping,17.3304459,78.5770879,2803084459,15.257,Normal
HYD005580,3388923541,tmc,electronics,Shopping,17.4785855,78.5593919,2653198665,27.387,Normal
HYD005581,12854573909,Ak plaza function hall,events_venue,Entertainment,17.3838403,78.5173859,3184120712,16.959,Normal
HYD005582,12488402371,Akshara Grand,events_venue,Entertainment,17.3589493,78.5442357,13366659832,17.855,Normal
HYD005583,10280090408,Amma Gardens,events_venue,Entertainment,17.3079897,78.4396219,7690473234,31.954,Normal
HYD005584,13720860554,Anvaya Conventions,events_venue,Entertainment,17.4179808,78.3289606,11066548221,39.61,Normal
HYD005585,7836389752,Athidhi Banquet Hall,events_venue,Entertainment,17.493949,78.3522494,9708799871,23.311,Normal
HYD005586,9913821040,B.K. Bhavan,events_venue,Entertainment,17.3775174,78.4380294,2859816213,31.91,Normal
HYD005587,10012938953,BK Function Hall,events_venue,Entertainment,17.3694382,78.515686,2243963592,35.335,Normal
HYD005588,13227600343,Balsa Banquet Hall,events_venue,Entertainment,17.3982463,78.4175573,6829395492,17.12,Normal
HYD005589,1464996557,CYR Function Hall,events_venue,Entertainment,17.36680554,78.39546256,7392309620,42.268,Normal
HYD005590,898560579,Clubhouse 1,events_venue,Entertainment,17.47365258,78.31016966,8258501934,18.607,Normal
HYD005591,355878689,Clubhouse 2,events_venue,Entertainment,17.47390046,78.31105062,5901715239,21.004,Normal
HYD005592,10836288168,Crown Palace,events_venue,Entertainment,17.3755248,78.4352286,11486170611,21.742,Normal
HYD005593,11770988861,Crown Will Gardens,events_venue,Entertainment,17.4490344,78.4866089,3598263350,42.426,Normal
HYD005594,776426188,GHMC Multi Function Hall,events_venue,Entertainment,17.539430619999997,78.2662688,7244233155,32.048,Normal
HYD005595,91738249,Gayatri Gardens,events_venue,Entertainment,17.461557225,78.49003830000001,11568797276,31.423,Normal
HYD005596,10836288170,Grand Garden,events_venue,Entertainment,17.3767787,78.4323172,11549175453,23.733,Normal
HYD005597,9961183298,IB palace,events_venue,Entertainment,17.3456809,78.4151592,3550390458,31.908,Normal
HYD005598,13649969578,KGR Convention,events_venue,Entertainment,17.5405604,78.3926887,11542211875,20.318,Normal
HYD005599,10836288167,KS Palace,events_venue,Entertainment,17.3755671,78.4356127,11171166390,21.286,Normal
HYD005600,12422483855,Khaj Mansion,events_venue,Entertainment,17.4053119,78.4511324,11846500233,20.233,Normal
HYD005601,1087192019,King's Classic Garden,events_venue,Entertainment,17.3873875,78.43113625999999,11371052376,47.092,Normal
HYD005602,1087194001,King's Kohinoor Convention,events_venue,Entertainment,17.3878836375,78.43046106250002,3579910040,48.841,Normal
HYD005603,12854573906,Krishna reddy function hall,events_venue,Entertainment,17.3821672,78.5178067,3184098567,16.294,Normal
HYD005604,355954473,LS function hall,events_venue,Entertainment,17.4898031,78.44490932,3598276742,24.852,Normal
HYD005605,9870002856,M convention,events_venue,Entertainment,17.4021713,78.5998527,3598397924,28.476,Normal
HYD005606,11082456133,M.J Garden,events_venue,Entertainment,17.4564053,78.411336,2249841745,25.85,Normal
HYD005607,13436972424,MF Funcation hall,events_venue,Entertainment,17.5128701,78.4268288,3550345821,22.072,Normal
HYD005608,13437146128,MKR Function Hall,events_venue,Entertainment,17.5052456,78.4273979,3602327175,15.228,Normal
HYD005609,8170278494,MS Function Hall,events_venue,Entertainment,17.3383826,78.4533923,3612544993,16.188,Normal
HYD005610,11082456142,Mahoob Function Hall,events_venue,Entertainment,17.4562952,78.4089003,2822548668,22.461,Normal
HYD005611,331977008,Meena Garden Function Hall,events_venue,Entertainment,17.392991716666668,78.45227689999999,1317471668,24.353,Normal
HYD005612,10836288169,Mehaboob Palace,events_venue,Entertainment,17.3754284,78.4347625,11486218786,37.242,Normal
HYD005613,7246803477,Milan Function Hall,events_venue,Entertainment,17.3934697,78.4314592,10281718256,28.253,Normal
HYD005614,1087165277,Milap Garden Function Hall,events_venue,Entertainment,17.3916385,78.43123999999999,11888739141,17.6,Normal
HYD005615,888332258,Mohini Function Hall,events_venue,Entertainment,17.378606259999998,78.43705759999999,3547294266,30.996,Normal
HYD005616,10836252947,Mohini Functional Hall,events_venue,Entertainment,17.3784085,78.4379162,2859816296,10.483,Normal
HYD005617,7244233146,Mudhiraj bhavan,events_venue,Entertainment,17.5317543,78.2643686,2763874235,17.995,Normal
HYD005618,10836288176,Mughal Garden Functional Hall,events_venue,Entertainment,17.376372,78.4305885,308530133,24.269,Normal
HYD005619,13437252274,N R Palaces Function Hall,events_venue,Entertainment,17.4899433,78.4445099,3598276942,45.11,Normal
HYD005620,10836288179,New Classic Garden,events_venue,Entertainment,17.3762721,78.4300739,10239603723,14.81,Normal
HYD005621,1225570318,New Palace Funciton Hall,events_venue,Entertainment,17.339972439999997,78.46888358,2856075315,31.783,Normal
HYD005622,9995324473,ONYX Function Hall,events_venue,Entertainment,17.3391876,78.4678116,2730650849,18.848,Normal
HYD005623,13013337449,Puchalapalli Sundaraiah Bhavan,events_venue,Entertainment,17.5210131,78.3986981,2285225061,37.648,Normal
HYD005624,357319733,R.j Functioun hall,events_venue,Entertainment,17.381922460000002,78.502385,11051366329,17.376,Normal
HYD005625,357415318,Ramaswamy Function Hall,events_venue,Entertainment,17.399922659999998,78.56552166000002,2585223878,24.669,Normal
HYD005626,10836288171,Ratan Max,events_venue,Entertainment,17.3769088,78.4318993,7715372146,51.033,Normal
HYD005627,10836288172,Rose Max,events_venue,Entertainment,17.3772664,78.431813,11549175453,74.161,Normal
HYD005628,8892679275,Royal Garden Function Hall,events_venue,Entertainment,17.4531915,78.4246486,1748016056,24.372,Normal
HYD005629,11082456137,SD Function Hall,events_venue,Entertainment,17.45687,78.4096841,2822548702,18.742,Normal
HYD005630,6581371246,SSS Gardens Function Hall,events_venue,Entertainment,17.4194914,78.5799399,12029029967,13.646,Normal
HYD005631,10836288175,Shakeel Functional Hall,events_venue,Entertainment,17.3761996,78.4310076,1321851948,35.084,Normal
HYD005632,13437252275,Skyton Graden Fuction Hall,events_venue,Entertainment,17.491998,78.441582,3598277606,19.377,Normal
HYD005633,10279877012,Sri Markandeya Bhavan,events_venue,Entertainment,17.3032927,78.4410423,3658499621,14.804,Normal
HYD005634,13437146133,Sri Sai Baba Function Hall,events_venue,Entertainment,17.5063511,78.4278223,11906891191,11.734,Normal
HYD005635,13436972484,Sri Venkateshwara Gardens,events_venue,Entertainment,17.5223288,78.4228331,11980773847,31.723,Normal
HYD005636,13737616372,Udaya Laxmi AC convention hall,events_venue,Entertainment,17.5057038,78.6893357,2782805531,36.017,Normal
HYD005637,1500258939,Udaya Laxmi AC convention hall,events_venue,Entertainment,17.505674820000003,78.68929852,2782805531,34.74,Normal
HYD005638,1199771908,V Convention,events_venue,Entertainment,17.45544946,78.38479828,12098492829,43.677,Normal
HYD005639,10001417573,Vajra Events,events_venue,Entertainment,17.429658,78.4462346,11038578655,5.155,Normal
HYD005640,596477874,YMS function hall,events_venue,Entertainment,17.490917279999998,78.44510332,7691097373,50.5,Normal
HYD005641,608243724,bandi jangaiah gardens,events_venue,Entertainment,17.40084422857143,78.59134991428571,11808899000,18.991,Normal
HYD005642,1385069790,HITEX Exhibition Centre,exhibition_centre,Culture & Heritage,17.47097103181818,78.37404198636365,7127779897,21.593,Normal
HYD005643,4718792437,HITEX Exhibition Centre Entrance,exhibition_centre,Culture & Heritage,17.470492,78.3764724,13394445209,36.023,Normal
HYD005644,12823367570,HITEX Exhibition Centre Parking Entrance,exhibition_centre,Culture & Heritage,17.4710458,78.3743425,7127779899,6.622,Normal
HYD005645,8113828144,Anjuna fabrics,fabric,Shopping,17.4001341,78.3832319,2795871055,11.608,Normal
HYD005646,6629546515,Bhavani Textiles,fabric,Shopping,17.4079416,78.588054,3598399677,21.627,Normal
HYD005647,6629546522,C.S. Brothers,fabric,Shopping,17.4099297,78.5862376,7716299105,19.564,Normal
HYD005648,6593443194,Keerthi Enterprises,fabric,Shopping,17.4201626,78.5658082,3317426075,16.708,Normal
HYD005649,7243989031,Radha krishna shop,fabric,Shopping,17.4950885,78.4573058,2786981586,11.34,Normal
HYD005650,8113828143,Rohan fabrics,fabric,Shopping,17.4006796,78.3792518,3579912566,12.2,Normal
HYD005651,7243989030,Shoba shop,fabric,Shopping,17.4951422,78.4572168,13431686657,12.048,Normal
HYD005652,6629546518,Sri Kalanjali Boutique,fabric,Shopping,17.4078119,78.5880891,3598399677,20.766,Normal
HYD005653,6629546523,Sri Laxmi Collections,fabric,Shopping,17.4103039,78.5861495,7716299104,19.262,Normal
HYD005654,6593421961,Sri Sai Keerthi Textiles,fabric,Shopping,17.4205225,78.5647973,3317426077,17.373,Normal
HYD005657,749395349,Joyalukas,fashion,Shopping,17.479978940000002,78.55645012,3550378743,20.885,Normal
HYD005658,356233349,Ramraj cottons,fashion,Shopping,17.48035116,78.55693120000001,2653211584,29.047,Normal
HYD005659,356514059,Reliance Trends,fashion,Shopping,17.48121802,78.5544464,989991320,24.699,Normal
HYD005660,11015802644,Belleza,fashion_accessories,Shopping,17.4269498,78.4578221,12625853246,23.267,Normal
HYD005661,12669657976,Bollywood Jewellery,fashion_accessories,Shopping,17.3864365,78.4702168,2986707001,20.02,Normal
HYD005662,7244264233,Malabar Gold and Daimonds,fashion_accessories,Shopping,17.4015869,78.4845944,12231561121,17.234,Normal
HYD005663,7246564080,Rani store,fashion_accessories,Shopping,17.3473714,78.5475096,2245995670,22.643,Normal
HYD005664,6572625267,Rishi Boutique & Matching Centre,fashion_accessories,Shopping,17.4211932,78.5667244,2841186714,21.993,Normal
HYD005665,6575179572,Sakhi Fancy Bangle Store Maggam Works,fashion_accessories,Shopping,17.4199997,78.5653558,3317426073,8.53,Normal
HYD005666,357456466,unlimited fashion store,fashion_accessories,Shopping,17.35813144,78.54533296000001,13366502536,14.027,Normal
HYD005667,10903071575,vijaya fancy store,fashion_accessories,Shopping,17.3304768,78.5768552,2803084462,11.126,Normal
HYD005668,6938853685,180 Degree Oven,fast_food,Food,17.4066221,78.3901855,3579913483,26.532,Normal
HYD005669,10150963018,900 Degree Brick Oven Pizza,fast_food,Food,17.4599986,78.3553882,1301981505,31.832,Normal
HYD005670,6935617665,ASP Chinese Fast Food,fast_food,Food,17.4421174,78.5663481,2805343724,9.855,Normal
HYD005671,12410904332,Aahaar Tiffins,fast_food,Food,17.5106774,78.4067617,2783285898,11.932,Normal
HYD005672,6821427385,Ahwaanam Fast Food,fast_food,Food,17.4408073,78.4455707,3164158710,9.882,Normal
HYD005673,13637629024,Ajay Fast Food,fast_food,Food,17.4493963,78.3921835,3602306536,44.222,Normal
HYD005674,5405054117,Al lbbik shwrma,fast_food,Food,17.4334434,78.3697384,2245060138,18.602,Normal
HYD005675,11402746857,Almond House,fast_food,Food,17.2351989,78.43404,9758851872,38.421,Normal
HYD005676,4526392727,Amoga,fast_food,Food,17.4375828,78.4484518,3670021924,16.099,Normal
HYD005677,8386828987,Amogh kitchen,fast_food,Food,17.4133352,78.5811544,2823894964,15.084,Normal
HYD005678,1814711177,Amul,fast_food,Food,17.538414,78.3849759,1705378172,27.391,Normal
HYD005679,6582353390,Ana Canteen,fast_food,Food,17.4213475,78.5650003,2841186709,9.29,Normal
HYD005680,9917000634,Ananya Food Court,fast_food,Food,17.4501371,78.3915731,1302063230,34.94,Normal
HYD005681,7015719480,Ande Ka Funda,fast_food,Food,17.4480766,78.6364061,6993331144,31.333,Normal
HYD005682,6259475385,Annapurna Food court,fast_food,Food,17.4521526,78.391294,8354326559,27.793,Normal
HYD005683,6723691439,Arati Fast Food,fast_food,Food,17.4408777,78.4400324,349984052,7.282,Normal
HYD005684,10185568927,Ayyan fast food center,fast_food,Food,17.4083214,78.5898357,3598399784,14.246,Normal
HYD005685,6710912142,Babu Lalji Dhai Samosa,fast_food,Food,17.4415608,78.489993,3154066626,16.41,Normal
HYD005686,11684797111,Bajrang char Bhandar,fast_food,Food,17.5226125,78.4433847,11883612180,17.063,Normal
HYD005687,1460129004,Bakul Mess,fast_food,Food,17.448328640000003,78.34809666000001,1692823566,21.542,Normal
HYD005688,7025820724,Balaji Hyderabad Mithai Bhandar,fast_food,Food,17.4413554,78.388307,5432894268,9.535,Normal
HYD005689,1866946858,Baskin Robins,fast_food,Food,17.4648319,78.5033223,13397597124,21.722,Normal
HYD005690,11358156623,Bhaskar Chat Bandar,fast_food,Food,17.4845098,78.3893485,6150020428,9.294,Normal
HYD005691,704475632,Bikanervala,fast_food,Food,17.410736,78.4497929,3146860371,14.234,Normal
HYD005692,11084918139,Bread Shop,fast_food,Food,17.4549262,78.4090464,2822548526,11.693,Normal
HYD005693,6268240985,Brickwood,fast_food,Food,17.4412498,78.3885797,1836644097,7.842,Normal
HYD005694,8006967780,Brijswer Aahar,fast_food,Food,17.4995603,78.357523,1344092378,17.924,Normal
HYD005695,11015823658,Bronzy Fried Chicken,fast_food,Food,17.4261484,78.4569628,3154040850,15.082,Normal
HYD005696,5626709756,Burger King,fast_food,Food,17.4191639,78.4486928,2126214169,16.297,Normal
HYD005697,8386478404,Burger King,fast_food,Food,17.4971476,78.33578,1705510712,46.284,Normal
HYD005698,9708873810,Burger King,fast_food,Food,17.3458645,78.5524551,7721459207,19.584,Normal
HYD005699,10718148978,Burger King,fast_food,Food,17.4416568,78.376817,10031471256,33.473,Normal
HYD005700,10826634803,Burger King,fast_food,Food,17.4003837,78.5603538,7015780407,3.188,Normal
HYD005701,13227600346,Burger King,fast_food,Food,17.4027012,78.4113415,308971434,30.34,Normal
HYD005702,13494968219,CIE Canteen,fast_food,Food,17.4458955,78.3500333,1580588244,23.695,Normal
HYD005703,7025820756,Cafe Blue Diamond & Chinese Fast Food,fast_food,Food,17.440618,78.3945512,7016446662,14.45,Normal
HYD005704,3010475761,Cafe Nandini,fast_food,Food,17.444512,78.4672736,4315742989,6.835,Normal
HYD005705,5994099219,Canteen,fast_food,Food,17.4183652,78.4102473,3547296172,26.549,Normal
HYD005706,10980353468,Catering,fast_food,Food,17.4333657,78.5017807,7279442442,62.81,Normal
HYD005707,10980353469,Catering,fast_food,Food,17.4334066,78.5017782,7279442442,58.282,Normal
HYD005708,10980353470,Catering,fast_food,Food,17.4330793,78.5012389,308952235,84.162,Normal
HYD005709,10980353471,Catering,fast_food,Food,17.4329347,78.5006213,308952235,77.183,Normal
HYD005710,10980353472,Catering,fast_food,Food,17.4332662,78.5004232,308952235,48.989,Normal
HYD005711,10980353473,Catering,fast_food,Food,17.433375,78.5012858,2214150291,57.361,Normal
HYD005712,10980353474,Catering,fast_food,Food,17.4333445,78.5013225,2214150291,59.835,Normal
HYD005713,10980353475,Catering,fast_food,Food,17.4334137,78.5016711,7279442443,55.104,Normal
HYD005714,10980353482,Catering,fast_food,Food,17.4330032,78.5018187,7358663509,76.432,Normal
HYD005715,10980353483,Catering,fast_food,Food,17.4328038,78.5016649,7358663509,57.793,Normal
HYD005716,10980353484,Catering,fast_food,Food,17.4327939,78.5016324,7358663509,58.082,Normal
HYD005717,10980353485,Catering,fast_food,Food,17.4325705,78.5015765,7358663508,39.83,Normal
HYD005718,10980353486,Catering,fast_food,Food,17.4327897,78.5024405,6802776988,44.183,Normal
HYD005719,10980353487,Catering,fast_food,Food,17.4328588,78.5026562,6802776988,38.549,Normal
HYD005720,10980353488,Catering,fast_food,Food,17.4328799,78.5027438,6802776988,39.601,Normal
HYD005721,10980353489,Catering,fast_food,Food,17.4326877,78.5026921,6802776988,19.202,Normal
HYD005722,10980353490,Catering,fast_food,Food,17.4329306,78.502982,6802776988,51.532,Normal
HYD005723,10980353491,Catering,fast_food,Food,17.4330612,78.5034528,12088919526,75.343,Normal
HYD005724,10980353492,Catering,fast_food,Food,17.433083,78.5004417,308952235,65.855,Normal
HYD005725,10980353493,Catering,fast_food,Food,17.4327507,78.5005321,308952235,98.758,Normal
HYD005726,10980353494,Catering,fast_food,Food,17.4329274,78.501385,4914585998,76.501,Normal
HYD005727,10980353498,Catering,fast_food,Food,17.4331928,78.5001207,308952235,77.302,Normal
HYD005728,10980353499,Catering,fast_food,Food,17.4332653,78.5003984,308952235,50.64,Normal
HYD005729,10980353500,Catering,fast_food,Food,17.4336501,78.5019052,7279442442,38.67,Normal
HYD005730,10980353501,Catering,fast_food,Food,17.4336496,78.5019507,7279442442,41.901,Normal
HYD005731,10980353502,Catering,fast_food,Food,17.4338001,78.5026819,13945010299,57.997,Normal
HYD005732,10980353503,Catering,fast_food,Food,17.4326908,78.5026786,6802776988,20.025,Normal
HYD005733,6773025653,Chapathi & Curry Point,fast_food,Food,17.4203025,78.5164758,2234500201,32.591,Normal
HYD005734,5892276119,Chat,fast_food,Food,17.4644473,78.4834084,3166299617,27.536,Normal
HYD005735,7244022650,Chat bander,fast_food,Food,17.5018298,78.415966,2783285345,9.024,Normal
HYD005736,8111012824,Cherry fast food,fast_food,Food,17.4001895,78.3783636,3579912529,15.682,Normal
HYD005737,11690238100,Chick Blast,fast_food,Food,17.4892653,78.4508557,3204131758,13.596,Normal
HYD005738,2134522890,Chick King,fast_food,Food,17.4411739,78.3912705,3205716958,18.406,Normal
HYD005739,1236750025,Chicken Centre,fast_food,Food,17.34883122,78.55392904,1324619254,20.073,Normal
HYD005740,6372268859,Chicken Express,fast_food,Food,17.3732029,78.5436356,3612557895,15.002,Normal
HYD005741,10806671071,Chicken kabab and Fast food center,fast_food,Food,17.5001233,78.5922044,2795779476,32.613,Normal
HYD005742,5405054121,Chicken pakodi,fast_food,Food,17.4408039,78.3602769,3193022181,6.981,Normal
HYD005743,7025820782,Chinese Cornerz,fast_food,Food,17.4458679,78.3924181,7010558505,13.494,Normal
HYD005744,6199003985,Chinese Fast Food,fast_food,Food,17.3948319,78.5303123,3612566342,19.536,Normal
HYD005745,8386503512,Chinese fast food,fast_food,Food,17.5185771,78.3966211,1906537076,17.798,Normal
HYD005746,2579754072,Chocolate Room,fast_food,Food,17.4826293,78.3933049,1489748547,22.462,Normal
HYD005747,6340136985,Chop Stick,fast_food,Food,17.4301054,78.4457025,7682661988,5.903,Normal
HYD005748,3538200897,Cuppa,fast_food,Food,17.468184,78.3756498,12833123404,15.004,Normal
HYD005749,6773025663,Currry Point,fast_food,Food,17.420248,78.5163985,2234275630,25.876,Normal
HYD005750,4365179430,Cyber Spice,fast_food,Food,17.472559,78.3094663,2225419036,18.389,Normal
HYD005751,6772788271,D-Lite Frankie,fast_food,Food,17.4255501,78.5337543,4315742158,26.035,Normal
HYD005752,4614088300,Dadu's,fast_food,Food,17.441481,78.4879056,12243729763,11.437,Normal
HYD005753,7244238271,Dairy Queen,fast_food,Food,17.3698587,78.573003,7698752436,29.591,Normal
HYD005754,1459903876,David's,fast_food,Food,17.445893079999998,78.34708567999999,2473293946,22.713,Normal
HYD005755,8233202644,David's Kitchen,fast_food,Food,17.4996678,78.511825,2232047873,11.101,Normal
HYD005756,7246495319,Delhi Chat Food Court,fast_food,Food,17.5297822,78.2638617,12237152216,24.146,Normal
HYD005757,1866948269,Domino's,fast_food,Food,17.468112,78.5073831,2222306165,33.027,Normal
HYD005758,2014860754,Domino's,fast_food,Food,17.4432367,78.4795372,4315742942,15.716,Normal
HYD005759,2093444964,Domino's,fast_food,Food,17.441271,78.358934,1753608446,20.638,Normal
HYD005760,2352130366,Domino's,fast_food,Food,17.4308718,78.421055,12136802559,13.939,Normal
HYD005761,2426827687,Domino's,fast_food,Food,17.4416745,78.4462193,3204341060,19.517,Normal
HYD005762,3159028267,Domino's,fast_food,Food,17.4506384,78.3822507,11037723933,22.341,Normal
HYD005763,3372041135,Domino's,fast_food,Food,17.4240182,78.3442736,11043321320,18.311,Normal
HYD005764,3379686130,Domino's,fast_food,Food,17.4637258,78.3694047,13095839848,14.47,Normal
HYD005765,3777426021,Domino's,fast_food,Food,17.4285203,78.4562726,11481667672,15.824,Normal
HYD005766,4644012803,Domino's,fast_food,Food,17.4181945,78.3473807,2246072679,34.191,Normal
HYD005767,4674704695,Domino's,fast_food,Food,17.477654,78.3202803,3817562506,21.296,Normal
HYD005768,5289289911,Domino's,fast_food,Food,17.4412304,78.5005384,3598259999,25.933,Normal
HYD005769,5325066524,Domino's,fast_food,Food,17.4984319,78.3882156,13579713362,11.163,Normal
HYD005770,5325066531,Domino's,fast_food,Food,17.4879248,78.4099321,3388801027,13.738,Normal
HYD005771,5405055072,Domino's,fast_food,Food,17.4417982,78.3577844,1753608432,16.176,Normal
HYD005772,5515637838,Domino's,fast_food,Food,17.4413058,78.3808629,6887537081,47.245,Normal
HYD005773,6168451485,Domino's,fast_food,Food,17.4624666,78.3507347,2092674855,24.977,Normal
HYD005774,6218855685,Domino's,fast_food,Food,17.4062952,78.4512832,309713917,34.981,Normal
HYD005775,6868660390,Domino's,fast_food,Food,17.4559975,78.4227013,6297948164,33.155,Normal
HYD005776,6935257362,Domino's,fast_food,Food,17.5225753,78.3965242,1706620123,22.748,Normal
HYD005777,7035236528,Domino's,fast_food,Food,17.4347204,78.3870167,13313072574,37.938,Normal
HYD005778,7035236543,Domino's,fast_food,Food,17.4349353,78.385811,3602301666,25.6,Normal
HYD005779,7134910154,Domino's,fast_food,Food,17.4137534,78.3948527,9987395851,30.416,Normal
HYD005780,7244264222,Domino's,fast_food,Food,17.3992032,78.4857694,308783189,20.194,Normal
HYD005781,7244487830,Domino's,fast_food,Food,17.3966016,78.4431024,13531541279,4.854,Normal
HYD005782,7463226397,Domino's,fast_food,Food,17.4884813,78.448888,2778849677,19.642,Normal
HYD005783,7836389747,Domino's,fast_food,Food,17.4958883,78.3567001,11991688338,27.481,Normal
HYD005784,8113803298,Domino's,fast_food,Food,17.3990296,78.5605664,2236889776,24.078,Normal
HYD005785,8318283089,Domino's,fast_food,Food,17.3651415,78.3957772,2552420089,34.507,Normal
HYD005786,9708882626,Domino's,fast_food,Food,17.3483945,78.5083479,3205677843,23.587,Normal
HYD005787,9887289818,Domino's,fast_food,Food,17.5115107,78.3846004,8386715649,20.363,Normal
HYD005788,9918552429,Domino's,fast_food,Food,17.4905941,78.4514884,11050316181,15.608,Normal
HYD005789,10279697197,Domino's,fast_food,Food,17.3402738,78.5633752,11032123244,20.083,Normal
HYD005790,12422483854,Domino's,fast_food,Food,17.4061379,78.4513106,3145250155,27.879,Normal
HYD005791,13227600345,Domino's,fast_food,Food,17.4021807,78.4123669,308971433,38.772,Normal
HYD005792,13296871389,Domino's,fast_food,Food,17.5453109,78.5752162,11490102322,15.273,Normal
HYD005793,13535866502,Domino's,fast_food,Food,17.3620825,78.4751645,2460435018,42.141,Normal
HYD005794,758940469,Domino's,fast_food,Food,17.368776566666668,78.42955803333334,10277918618,27.651,Normal
HYD005795,11730656638,Dosa Street,fast_food,Food,17.4518424,78.3655372,3602307076,5.84,Normal
HYD005796,6266078685,Drunken Monkey,fast_food,Food,17.4420216,78.38814,289517370,7.595,Normal
HYD005797,5515637842,Dunkin',fast_food,Food,17.4412709,78.3813752,5901582659,27.331,Normal
HYD005798,6314120386,Dunkin',fast_food,Food,17.4132036,78.4504727,9392367034,12.135,Normal
HYD005799,9803882494,Dunkin',fast_food,Food,17.4526175,78.3632614,13350856584,19.646,Normal
HYD005800,2708167564,Enjoy Fast Food,fast_food,Food,17.3961274,78.511327,636402582,25.723,Normal
HYD005801,6255342089,Famous Bread Omlet,fast_food,Food,17.3905127,78.4890342,7682284756,21.738,Normal
HYD005802,13715414721,Fast Food,fast_food,Food,17.4939601,78.3927698,1427606373,17.229,Normal
HYD005803,13715470798,Fast Food,fast_food,Food,17.494254,78.3927976,760461434,25.033,Normal
HYD005804,13715470799,Fast Food,fast_food,Food,17.4942356,78.3928192,760461434,27.701,Normal
HYD005805,13436948467,Fast Food Centre,fast_food,Food,17.3975185,78.4965809,2236282786,12.63,Normal
HYD005806,7113964286,Fast food and tiffin center,fast_food,Food,17.4321538,78.4258487,1312750000,12.754,Normal
HYD005807,6266191385,Feel In Saudi,fast_food,Food,17.3905783,78.4636141,308779549,12.864,Normal
HYD005808,12972335841,Figaro Pizza,fast_food,Food,17.457471,78.3719505,11135455840,18.451,Normal
HYD005809,1041920541,Food Republic,fast_food,Food,17.4442239,78.3804557,14087345416,10.085,Normal
HYD005810,10171342023,Fresh Juice,fast_food,Food,17.4457784,78.3924176,7010558505,19.717,Normal
HYD005811,13673574378,Fresh juice centre,fast_food,Food,17.4029452,78.4832037,3158885389,14.184,Normal
HYD005812,10262083200,Galaxy fast food,fast_food,Food,17.444654,78.5258126,4191488385,21.001,Normal
HYD005813,8233202654,Ganesh Food Court,fast_food,Food,17.4994535,78.5113986,2232047840,15.67,Normal
HYD005814,2429976498,Gokul Chat,fast_food,Food,17.3850784,78.486167,3155595092,26.503,Normal
HYD005815,11082456157,Habeeb Hotel and cafe,fast_food,Food,17.4558823,78.4092741,2822548623,15.04,Normal
HYD005816,1215747409,HazelNut Bakers,fast_food,Food,17.4647351,78.3671468,10573065529,13.256,Normal
HYD005817,708303182,Hi-Tech Bawarchi,fast_food,Food,17.4410683,78.391636,3164043321,13.625,Normal
HYD005818,8386697006,Hi-tech fast food center,fast_food,Food,17.4718001,78.3888824,2249842086,20.474,Normal
HYD005819,2794745076,Hot Chips,fast_food,Food,17.440072,78.4836573,7699809481,5.791,Normal
HYD005820,6191414038,Hot Chips,fast_food,Food,17.443883,78.3870128,3164043356,18.272,Normal
HYD005821,7113964485,Hot chips,fast_food,Food,17.4322302,78.4255726,1312749855,7.884,Normal
HYD005822,13204169692,Hotspot,fast_food,Food,17.5425562,78.5755487,2684820195,13.198,Normal
HYD005823,1705408968,Hungry Jacks,fast_food,Food,17.5384941,78.3850086,1814704173,25.143,Normal
HYD005824,13988291743,IKEA Restaurant,fast_food,Food,17.4386648,78.3754005,5967190443,57.929,Normal
HYD005825,5973746985,ISTANBUL AUTHENTIC DONER KEBAB,fast_food,Food,17.3968383,78.4238275,2852516273,29.595,Normal
HYD005826,5973746986,ISTANBUL AUTHENTIC DONER KEBAB,fast_food,Food,17.4306846,78.4080527,1948637903,48.281,Normal
HYD005827,5973773088,ISTANBUL AUTHENTIC DONER KEBAB,fast_food,Food,17.4306478,78.4080256,1948637903,49.717,Normal
HYD005828,1249553648,Icecream Shop,fast_food,Food,17.414622200000004,78.33293776000001,11064166596,39.155,Normal
HYD005829,9913821026,Italian Pizzeria,fast_food,Food,17.3931373,78.4425089,10100669511,26.607,Normal
HYD005830,13715467229,JNTUH Canteen,fast_food,Food,17.4942903,78.3928178,760461434,22.015,Normal
HYD005831,6653388885,Jai Bhavani Tiffins,fast_food,Food,17.494677,78.3232337,4169678449,18.759,Normal
HYD005832,5733146966,Jamba Juice,fast_food,Food,17.336375,78.289547,2235061756,75.616,Normal
HYD005833,6758497455,James Chan Chinese Fast Food,fast_food,Food,17.4225196,78.5085768,6683945099,25.17,Normal
HYD005834,11736398311,Jntu Canteen,fast_food,Food,17.4941428,78.3928481,3387348032,26.38,Normal
HYD005835,8387182713,Josh pro,fast_food,Food,17.413602,78.585311,7713163802,12.029,Normal
HYD005836,6773025658,Jowar Roti Point,fast_food,Food,17.4203025,78.5163811,2234275630,23.116,Normal
HYD005837,344033876,KFC,fast_food,Food,17.4507642,78.3793915,12222636575,10.945,Normal
HYD005838,1038396679,KFC,fast_food,Food,17.4357767,78.4883632,2257198686,19.46,Normal
HYD005839,1333758091,KFC,fast_food,Food,17.4567641,78.4994603,10706269057,11.53,Normal
HYD005840,1883484748,KFC,fast_food,Food,17.4234158,78.4280584,7682443918,11.642,Normal
HYD005841,2579739896,KFC,fast_food,Food,17.4900784,78.3927776,12898564652,26.436,Normal
HYD005842,2708120416,KFC,fast_food,Food,17.3920362,78.5106052,2240856612,34.113,Normal
HYD005843,3382720701,KFC,fast_food,Food,17.4427741,78.3572702,11041703517,8.674,Normal
HYD005844,3387485579,KFC,fast_food,Food,17.4927973,78.4047256,14182365036,19.781,Normal
HYD005845,3777434130,KFC,fast_food,Food,17.4227981,78.4623263,1762335425,6.72,Normal
HYD005846,4987518821,KFC,fast_food,Food,17.3950308,78.4758292,3154121064,18.798,Normal
HYD005847,5596259552,KFC,fast_food,Food,17.425697,78.5495087,11824261519,19.213,Normal
HYD005848,5622280681,KFC,fast_food,Food,17.4188116,78.4485887,2126214148,21.805,Normal
HYD005849,6651205790,KFC,fast_food,Food,17.4972386,78.3358406,1705510712,52.569,Normal
HYD005850,7035236526,KFC,fast_food,Food,17.4348714,78.3870327,13313072574,51.263,Normal
HYD005851,7243946112,KFC,fast_food,Food,17.4949264,78.3560827,11032224295,15.795,Normal
HYD005852,7244487831,KFC,fast_food,Food,17.3965169,78.4430783,13531541279,14.621,Normal
HYD005853,8990513772,KFC,fast_food,Food,17.4814935,78.5552246,978107619,42.67,Normal
HYD005854,9887230597,KFC,fast_food,Food,17.4984371,78.3891683,6681605398,34.623,Normal
HYD005855,10279842272,KFC,fast_food,Food,17.4264124,78.4530515,1754247380,31.717,Normal
HYD005856,11099908105,KFC,fast_food,Food,17.4002412,78.555159,12880221162,23.892,Normal
HYD005857,11447353987,KFC,fast_food,Food,17.3908405,78.3439609,2244960954,24.997,Normal
HYD005858,11772090401,KFC,fast_food,Food,17.4966626,78.3727461,6749131058,18.744,Normal
HYD005859,13695602828,KFC,fast_food,Food,17.3686348,78.5262576,2245836007,6.035,Normal
HYD005860,355893538,KFC,fast_food,Food,17.48890568,78.3958245,350444494,17.49,Normal
HYD005861,357618795,KFC,fast_food,Food,17.36770512,78.54062456,1602516051,35.166,Normal
HYD005862,14063278753,KFC - Next Galleria Mall,fast_food,Food,17.4288184,78.4504782,5956936309,20.651,Normal
HYD005863,13955167736,KFC - Sindhi Colony,fast_food,Food,17.440659,78.4807884,7698666452,10.822,Normal
HYD005864,13707317015,KIMS Canteen,fast_food,Food,17.4370194,78.4829942,6442939706,36.327,Normal
HYD005865,9369224150,Kalpana Food Court,fast_food,Food,17.464015,78.4837276,3598268091,7.818,Normal
HYD005866,4508556289,Kapil Towers Food Court,fast_food,Food,17.4217717,78.3387768,11789339687,23.178,Normal
HYD005867,1271862360,Khana E Khaas,fast_food,Food,17.4390971,78.3984902,1365115099,26.091,Normal
HYD005868,726706999,King & Cardinal,fast_food,Food,17.4006107,78.4884142,3217073811,9.362,Normal
HYD005869,1361329779,Kinghorn,fast_food,Food,17.4171166,78.5437573,10199301897,1.771,Normal
HYD005870,8386731743,Kings fast food center,fast_food,Food,17.40994,78.5859655,310446915,16.081,Normal
HYD005871,6263697389,Krishna Reddy Sweets,fast_food,Food,17.4061656,78.5557108,10185523818,16.182,Normal
HYD005872,6269697286,Kwality Tiffins,fast_food,Food,17.492134,78.3968283,350456906,32.622,Normal
HYD005873,10181926246,La Milano Pizzeria,fast_food,Food,17.4039279,78.4821265,3158885381,21.029,Normal
HYD005874,1236750026,Lakshmi Fast Food,fast_food,Food,17.348725300000005,78.5550268,1324619132,16.1,Normal
HYD005875,7174059841,Lassi Point,fast_food,Food,17.4639479,78.4835733,854941025,15.903,Normal
HYD005876,8007003786,Leon's Burger,fast_food,Food,17.5046603,78.3619597,663127097,20.785,Normal
HYD005877,6269697485,Maggi Point,fast_food,Food,17.4924407,78.3963628,350456932,13.908,Normal
HYD005878,1280010581,Mahaveera Tiffin Centre,fast_food,Food,17.4642845,78.4834609,854941025,26.631,Normal
HYD005879,1891013309,Mamu,fast_food,Food,17.4223878,78.4652836,289414475,23.687,Normal
HYD005880,6653389786,Masala Chapati Chat,fast_food,Food,17.4947935,78.3214265,4169678451,16.94,Normal
HYD005881,6254336889,Mayur Pan Shop,fast_food,Food,17.3889575,78.4806808,3612563160,22.54,Normal
HYD005882,654882404,McDonald's,fast_food,Food,17.4346181,78.3864731,3602301600,57.744,Normal
HYD005883,1333758092,McDonald's,fast_food,Food,17.4649189,78.5034106,13397597124,32.098,Normal
HYD005884,2579739894,McDonald's,fast_food,Food,17.4901654,78.3928103,12898564652,17.809,Normal
HYD005885,2710640984,McDonald's,fast_food,Food,17.4059049,78.4034603,2177264501,14.487,Normal
HYD005886,3387484592,McDonald's,fast_food,Food,17.4929465,78.4042926,11828160685,7.37,Normal
HYD005887,4482545489,McDonald's,fast_food,Food,17.4125296,78.4655302,10301873367,21.788,Normal
HYD005888,4580524692,McDonald's,fast_food,Food,17.3426462,78.5560174,10750415453,3.83,Normal
HYD005889,4982960923,McDonald's,fast_food,Food,17.3930912,78.4759348,11313779344,28.176,Normal
HYD005890,5289166893,McDonald's,fast_food,Food,17.4480015,78.3789451,13041357151,7.315,Normal
HYD005891,7244487832,McDonald's,fast_food,Food,17.3964293,78.4430467,13531541277,12.327,Normal
HYD005892,7721071786,McDonald's,fast_food,Food,17.4572696,78.3643728,6802921921,34.057,Normal
HYD005893,8386399875,McDonald's,fast_food,Food,17.3681149,78.5303565,4032432894,12.306,Normal
HYD005894,10279842271,McDonald's,fast_food,Food,17.4263366,78.4530858,1754247380,31.02,Normal
HYD005895,11099906306,McDonald's,fast_food,Food,17.4001909,78.5551649,12880221162,20.919,Normal
HYD005896,331633499,McDonald's,fast_food,Food,17.47719098,78.56484908000002,7699021974,9.354,Normal
HYD005897,881242183,McDonald's,fast_food,Food,17.419315816666664,78.63552281666666,8196187142,6.608,Normal
HYD005898,7171348236,Midland,fast_food,Food,17.437253,78.4481274,353730562,20.723,Normal
HYD005899,13131265594,Mirchi Bhaji and Punugulu Cart,fast_food,Food,17.5997307,78.5523166,3618958541,11.154,Normal
HYD005900,1251533033,Multiple Cafeterias,fast_food,Food,17.4142602,78.33000288,11633910068,18.819,Normal
HYD005901,1485270806,Nescafe,fast_food,Food,17.54525164,78.57604166,12895274444,42.309,Normal
HYD005902,8233202645,Noodles Corner,fast_food,Food,17.4999535,78.5125691,2232047887,13.964,Normal
HYD005903,12532085105,Old Madras Biryani,fast_food,Food,17.403499,78.3716748,3670021326,13.213,Normal
HYD005904,5957506785,Om Sai Ram Nice Vada Pav,fast_food,Food,17.4448874,78.3865836,349270026,12.809,Normal
HYD005905,8233202642,Oyalo Pizza,fast_food,Food,17.4993708,78.5119153,2232047836,16.552,Normal
HYD005906,96346275,Palash Mess,fast_food,Food,17.444758333333333,78.34571846666668,942491665,63.566,Normal
HYD005907,2794664334,Paradise Takeaway,fast_food,Food,17.4415483,78.4874318,12724785047,5.059,Normal
HYD005908,10548060136,PepsiCo GBS,fast_food,Food,17.404178,78.3313382,10548070488,7.952,Normal
HYD005909,344033883,Pizza Corner,fast_food,Food,17.4506168,78.3792198,12222636574,16.529,Normal
HYD005910,817354197,Pizza Corner,fast_food,Food,17.4270696,78.4433431,1948596001,18.954,Normal
HYD005911,902311098,Pizza Corner,fast_food,Food,17.4432919,78.4790047,12704444047,12.305,Normal
HYD005912,6774880496,Pizza Den,fast_food,Food,17.4408822,78.486756,7699838790,10.586,Normal
HYD005913,9131094941,Pizza Den,fast_food,Food,17.455012,78.504132,2225281802,10.695,Normal
HYD005914,817353632,Pizza Hut,fast_food,Food,17.4432794,78.4798416,11056355072,27.875,Normal
HYD005915,11690250567,Pizza Hut,fast_food,Food,17.4892699,78.4508626,3204131758,13.333,Normal
HYD005916,2521055369,Pollito's,fast_food,Food,17.4419662,78.4459565,3207197707,23.906,Normal
HYD005917,6273886287,Prince DriveInn,fast_food,Food,17.4590933,78.3848255,9789622483,10.519,Normal
HYD005918,6257501985,Puff House,fast_food,Food,17.4541261,78.3829874,1310963756,20.595,Normal
HYD005919,940042436,RK hotel,fast_food,Food,17.45432346,78.66120172000001,7690887512,11.979,Normal
HYD005920,14062515343,RR Food court,fast_food,Food,17.3913166,78.6072845,3598394356,19.533,Normal
HYD005921,6216842785,Raghavendra Chips Shop,fast_food,Food,17.3958608,78.465996,3612566585,12.8,Normal
HYD005922,11447318963,Rajshree,fast_food,Food,17.3940779,78.3408373,2244916351,42.893,Normal
HYD005923,7243974418,Raju fast food,fast_food,Food,17.3965018,78.5033418,2236747693,13.697,Normal
HYD005924,4515082115,Rice Bowl,fast_food,Food,17.4580828,78.3715746,12992046226,14.286,Normal
HYD005925,2715307359,Ritik Kitchen,fast_food,Food,17.4102721,78.4857809,5486709290,4.352,Normal
HYD005926,6993330452,Roll Call,fast_food,Food,17.4480764,78.6363372,6993331144,37.375,Normal
HYD005927,2579745473,Rollacosta,fast_food,Food,17.4922242,78.3937474,11041649469,20.695,Normal
HYD005928,4516680141,Rotiwala,fast_food,Food,17.4424022,78.4476769,538425784,30.564,Normal
HYD005929,7021303761,SK Fast Food,fast_food,Food,17.4499993,78.3854651,3602306626,27.423,Normal
HYD005930,12854573911,SS Juice shop,fast_food,Food,17.3884478,78.5163048,14053139160,13.569,Normal
HYD005931,9414614413,Sai Cakes and Bakes,fast_food,Food,17.343352,78.5548682,6755868196,37.201,Normal
HYD005932,6772788270,Samosa,fast_food,Food,17.4235838,78.5164752,2234500751,11.486,Normal
HYD005933,4614311149,San's Pizza Den,fast_food,Food,17.4402511,78.4820918,3182218454,16.853,Normal
HYD005934,6684817722,Shareef Bhai Chicken & Fish Fry Bandi,fast_food,Food,17.442126,78.4404137,2403880182,5.094,Normal
HYD005935,6765562765,Shawarma,fast_food,Food,17.4227071,78.5082157,309707733,19.006,Normal
HYD005936,6758497449,Sholey Curry Point & Chinese Fast Food,fast_food,Food,17.4202785,78.5162304,2234275630,7.895,Normal
HYD005937,940042437,Shravan Hotel,fast_food,Food,17.45421856,78.66220538,3598311946,28.903,Normal
HYD005938,3390819953,Siddique,fast_food,Food,17.4826084,78.4147666,10264465722,8.045,Normal
HYD005939,4716858191,Sirisha Hotel,fast_food,Food,17.4142515,78.4087631,12725591175,13.658,Normal
HYD005940,3387327074,Siva Reddy Foods,fast_food,Food,17.4931153,78.4039371,1437305488,9.968,Normal
HYD005941,1553576907,SoftyDen Ice Creams,fast_food,Food,17.394923,78.4776275,11041780652,31.199,Normal
HYD005942,9369224151,Sonu's Food Court,fast_food,Food,17.4640084,78.4835299,854941025,11.807,Normal
HYD005943,7010429411,Spar Kitchen,fast_food,Food,17.4576504,78.3634724,2807852300,55.76,Normal
HYD005944,6235740585,Spicy Express,fast_food,Food,17.4860476,78.3871556,2249764830,23.704,Normal
HYD005945,8287449487,Sreem Curry Point,fast_food,Food,17.5044042,78.3187848,3953407331,10.222,Normal
HYD005946,14049622249,Sri Baswalinga Avadootha Krupa Tiffin Point,fast_food,Food,17.4405762,78.4813232,3182218437,10.935,Normal
HYD005947,776650861,Sri Sai bakery,fast_food,Food,17.330870259999998,78.60777812,2724486446,15.792,Normal
HYD005948,6759169596,Sri Sangameshwar Chat Bhandar,fast_food,Food,17.4612937,78.5001676,13417554213,4.171,Normal
HYD005949,4716915296,Sri Sankar Vilas,fast_food,Food,17.4143783,78.408852,2795872350,17.08,Normal
HYD005950,14051936333,Sri Satya Chaat Bhandar,fast_food,Food,17.5256983,78.4617315,9880317654,30.512,Normal
HYD005951,6209979089,Sri Venkateshwara Tiffins,fast_food,Food,17.4047129,78.4645359,3612570855,7.178,Normal
HYD005952,6215854388,Sri Vijaya Laxmi Food Court,fast_food,Food,17.4314428,78.4064374,3602300936,20.398,Normal
HYD005953,7246495502,Sri sai bakery and fastfood,fast_food,Food,17.3308801,78.6077872,2724486446,16.82,Normal
HYD005954,2051380355,Srikanya,fast_food,Food,17.4238852,78.4537632,1754254160,26.02,Normal
HYD005955,13611060247,Srivinas fastfoods,fast_food,Food,17.5920352,78.4182395,7695030454,22.641,Normal
HYD005956,8113801608,Subash Chandra Bose,fast_food,Food,17.4249626,78.5478858,1939290835,5.351,Normal
HYD005957,813570814,Subway,fast_food,Food,17.4262926,78.4480231,3205890363,15.413,Normal
HYD005958,1042239879,Subway,fast_food,Food,17.4579981,78.3716555,11033607287,12.936,Normal
HYD005959,1344435293,Subway,fast_food,Food,17.4954729,78.3534265,13386200365,34.843,Normal
HYD005960,1891013317,Subway,fast_food,Food,17.4223034,78.4652891,289414475,18.285,Normal
HYD005961,2427872181,Subway,fast_food,Food,17.4415332,78.4470204,3146913655,20.613,Normal
HYD005962,4705439089,Subway,fast_food,Food,17.4420207,78.3572301,1753608445,18.295,Normal
HYD005963,5289291959,Subway,fast_food,Food,17.4416613,78.500761,11494352454,32.286,Normal
HYD005964,5892276130,Subway,fast_food,Food,17.4690708,78.4947653,7702694988,16.572,Normal
HYD005965,5905914157,Subway,fast_food,Food,17.4219675,78.3389589,7686305633,20.281,Normal
HYD005966,6372252706,Subway,fast_food,Food,17.3679097,78.5401625,1598149461,29.532,Normal
HYD005967,6822125018,Subway,fast_food,Food,17.4901001,78.3927901,12898564652,24.241,Normal
HYD005968,7244487829,Subway,fast_food,Food,17.3936419,78.4425573,10100669509,28.472,Normal
HYD005969,10718145769,Subway,fast_food,Food,17.4479284,78.3790129,13041357151,10.333,Normal
HYD005970,359277162,Subway,fast_food,Food,17.5371681,78.4893973,11061343499,11.791,Normal
HYD005971,5405057633,Sweet basket,fast_food,Food,17.4338731,78.3689055,7492349761,26.953,Normal
HYD005972,6621607787,Taaza Kitchen,fast_food,Food,17.4525736,78.3913595,2249841545,16.447,Normal
HYD005973,6651571855,Taco Bell,fast_food,Food,17.4968647,78.3357239,1705510712,54.56,Normal
HYD005974,7611061441,Taco Bell,fast_food,Food,17.4576146,78.3645591,13713352132,29.283,Normal
HYD005975,10279842270,Taco Bell,fast_food,Food,17.4289831,78.4503798,5956936309,12.892,Normal
HYD005976,10593550499,Taco Bell,fast_food,Food,17.4482768,78.3845095,8710543952,14.615,Normal
HYD005977,11099906307,Taco Bell,fast_food,Food,17.4002474,78.5551147,12880221162,28.329,Normal
HYD005978,11684845903,Tea Time,fast_food,Food,17.5215204,78.4422415,3598287051,21.329,Normal
HYD005979,6248946494,Thansi,fast_food,Food,17.4432774,78.3935366,11801726197,2.528,Normal
HYD005980,7114069985,The Cups,fast_food,Food,17.4928209,78.3988944,3182362519,9.72,Normal
HYD005981,744820578,The Rameshwaram Cafe,fast_food,Food,17.447479540000003,78.3861416,12561131649,12.05,Normal
HYD005982,13965391466,The Thickshake Factory,fast_food,Food,17.4265314,78.3290674,7673571803,11.325,Normal
HYD005983,6765562783,Tiffin Centre,fast_food,Food,17.4232105,78.5135831,6916160062,9.603,Normal
HYD005984,1249553649,Tiffin Shop,fast_food,Food,17.414622079999997,78.33299955999999,11064166596,37.018,Normal
HYD005985,11082456191,Tiffin center,fast_food,Food,17.4553927,78.4102457,2249841676,11.699,Normal
HYD005986,6216842786,Tiffins,fast_food,Food,17.3947279,78.4655695,5525115743,12.771,Normal
HYD005987,10253790109,Turkish Central,fast_food,Food,17.3903785,78.4559183,308779458,17.076,Normal
HYD005988,6261508286,Twister Juice,fast_food,Food,17.4855652,78.3881443,3665228527,39.436,Normal
HYD005989,1595853359,Universal Bakers,fast_food,Food,17.4057534,78.4789427,12084438402,16.301,Normal
HYD005990,11684797110,V Eat N Enjoy corner,fast_food,Food,17.5217239,78.4440202,2852572288,11.526,Normal
HYD005991,13204169693,Vijayvahini Fast Foods,fast_food,Food,17.5426059,78.5754582,2684820195,13.369,Normal
HYD005992,1905930612,Vindhya Canteen,fast_food,Food,17.4462731,78.3491325,1580588241,39.039,Normal
HYD005993,11099906308,WOW Momos,fast_food,Food,17.4001853,78.5551041,12880221162,26.954,Normal
HYD005994,6950562605,Walnut Bakes & Confectionery,fast_food,Food,17.50512,78.3567973,2766314460,15.61,Normal
HYD005995,1215214987,Wings n Fries,fast_food,Food,17.4631866,78.3673211,1699091396,17.792,Normal
HYD005996,7321373467,Y Royal,fast_food,Food,17.4624834,78.4745905,1050802638,6.386,Normal
HYD005997,6518299957,Yours Universe Bakery,fast_food,Food,17.4180986,78.5847102,3496436096,14.114,Normal
HYD005998,4736930768,Yuktahar Mess,fast_food,Food,17.4470191,78.3475321,942491659,28.757,Normal
HYD005999,3388932508,bombay chat,fast_food,Food,17.493556,78.4100632,2710765364,33.207,Normal
HYD006000,6372311276,chicken center,fast_food,Food,17.3757467,78.5409698,2241233024,19.209,Normal
HYD006001,3387346327,delhiwala chat bhandar,fast_food,Food,17.4705451,78.5664948,13261087063,15.276,Normal
HYD006002,6779912961,fast food,fast_food,Food,17.4915282,78.4079018,7690613132,34.517,Normal
HYD006003,13673338578,fast food centre,fast_food,Food,17.37027,78.54151,6372261747,29.662,Normal
HYD006004,11690776124,fresh juice point,fast_food,Food,17.3606145,78.5439246,6149599103,25.257,Normal
HYD006005,7244141585,hot chips,fast_food,Food,17.4870197,78.396094,350438453,15.73,Normal
HYD006006,10903301283,hot chips,fast_food,Food,17.3305743,78.5738239,1324667393,18.029,Normal
HYD006007,11690792920,hot chips,fast_food,Food,17.4734433,78.5506571,2232017839,13.764,Normal
HYD006008,3392141193,ks bakers,fast_food,Food,17.4777129,78.5629026,978107748,28.972,Normal
HYD006009,357457072,louis burger,fast_food,Food,17.35788988,78.54557306000001,13919608068,12.584,Normal
HYD006010,7246495620,"lucky chicken,mutton shop",fast_food,Food,17.5230776,78.4188283,7679973472,7.535,Normal
HYD006011,13437221837,mini fast food centre,fast_food,Food,17.5265072,78.6626224,7719355417,11.705,Normal
HYD006012,8386489959,mirchi point,fast_food,Food,17.5185669,78.3964794,1906537069,18.586,Normal
HYD006013,7165460276,ms bakers,fast_food,Food,17.4529966,78.4244866,1748013165,19.279,Normal
HYD006014,10903269863,pakodi,fast_food,Food,17.3294795,78.5798303,2725394143,17.88,Normal
HYD006015,10185204317,prem chapathi,fast_food,Food,17.491418,78.4003751,2787000595,13.101,Normal
HYD006016,7171334821,rayudu tiffen center,fast_food,Food,17.4545011,78.4233113,2822548482,13.118,Normal
HYD006017,4407801891,sai durga chicken pakodi,fast_food,Food,17.5167211,78.3816508,3547284488,2.529,Normal
HYD006018,10903143809,shiva ganga juice,fast_food,Food,17.330463,78.574843,1325260915,15.087,Normal
HYD006019,8332734825,sreezen the shawarma hub,fast_food,Food,17.500755,78.4290305,2028565827,20.728,Normal
HYD006020,10277927484,uni,fast_food,Food,17.4266594,78.5389931,3655200921,42.165,Normal
HYD006031,7113495285,Ameerpet,fitness_centre,Recreation & Sports,17.4387163,78.4481285,3598259237,17.062,Normal
HYD006032,13285248841,Austin Fitness,fitness_centre,Recreation & Sports,17.4485266,78.3591506,1692848886,18.117,Normal
HYD006033,12290589154,Bodhi yoga,fitness_centre,Recreation & Sports,17.4611024,78.3665027,1215742595,7.994,Normal
HYD006034,9660169617,CBIT Sports Block,fitness_centre,Recreation & Sports,17.39171,78.3181669,4204415431,25.315,Normal
HYD006035,10262083194,Chikky Gym,fitness_centre,Recreation & Sports,17.4507633,78.528267,1400994924,14.988,Normal
HYD006036,9131094944,ClubFit Studio SC,fitness_centre,Recreation & Sports,17.4560125,78.5053537,3598265429,40.587,Normal
HYD006037,559183200,Crag Studio( Rock Climbing Gym ),fitness_centre,Recreation & Sports,17.435012060000002,78.35974902000001,5915724038,28.294,Normal
HYD006038,11084918125,Crestal Gym,fitness_centre,Recreation & Sports,17.4508957,78.4244342,6353976391,22.79,Normal
HYD006039,8065496824,Cross X Fitness,fitness_centre,Recreation & Sports,17.5268979,78.3943103,3614496933,16.486,Normal
HYD006040,11358156635,Cult,fitness_centre,Recreation & Sports,17.4979986,78.390141,6690138091,29.132,Normal
HYD006041,13917782900,Cult Fit Botanical Garden,fitness_centre,Recreation & Sports,17.4647729,78.3450875,317761067,23.743,Normal
HYD006042,11015885743,Cult Fitness Centre,fitness_centre,Recreation & Sports,17.4255733,78.4569252,2477255911,11.114,Normal
HYD006043,13437146167,Cult Gym,fitness_centre,Recreation & Sports,17.5010283,78.4291274,3602325030,19.766,Normal
HYD006044,7244480680,Dangal Fitness/gym,fitness_centre,Recreation & Sports,17.3944324,78.4379216,12201373354,30.068,Normal
HYD006045,11209446995,Dream Fitness GYM,fitness_centre,Recreation & Sports,17.5028621,78.5471819,2794316472,16.456,Normal
HYD006046,5942781131,Fit Dock,fitness_centre,Recreation & Sports,17.4465226,78.3842658,12215761669,24.886,Normal
HYD006047,7025820843,Fit Republic,fitness_centre,Recreation & Sports,17.4366632,78.3957183,352765902,23.381,Normal
HYD006048,7174059838,FitLifez,fitness_centre,Recreation & Sports,17.4626522,78.4910292,7702786446,9.828,Normal
HYD006049,6029139573,Fitness 9,fitness_centre,Recreation & Sports,17.3620883,78.5260307,312810284,43.515,Normal
HYD006050,10166513759,Fitness R Zone,fitness_centre,Recreation & Sports,17.4641953,78.4842857,315072794,6.98,Normal
HYD006051,8386185609,Fitness9,fitness_centre,Recreation & Sports,17.3662584,78.526909,11987126230,19.964,Normal
HYD006052,8193147570,Flex Gym,fitness_centre,Recreation & Sports,17.5214481,78.3965439,2237525011,32.897,Normal
HYD006053,8110741753,GK fitness,fitness_centre,Recreation & Sports,17.3777749,78.4603372,2852234220,7.698,Normal
HYD006054,7244260610,Go Fitness,fitness_centre,Recreation & Sports,17.4949226,78.3560679,11032224299,16.752,Normal
HYD006055,7243974346,Go fitness,fitness_centre,Recreation & Sports,17.4977223,78.3620251,13274254104,24.699,Normal
HYD006056,5682130471,Gold's Gym,fitness_centre,Recreation & Sports,17.4454834,78.3851992,12872480603,20.48,Normal
HYD006057,6934773303,Grace Fitness Gym,fitness_centre,Recreation & Sports,17.5184798,78.396515,1906537069,27.809,Normal
HYD006058,10806838126,Gym,fitness_centre,Recreation & Sports,17.5014301,78.5900236,2795779519,19.936,Normal
HYD006059,11361133411,Gym (fitness Centre),fitness_centre,Recreation & Sports,17.4932076,78.3842693,2249765105,8.181,Normal
HYD006060,8110775263,Hanuman vhayamsala,fitness_centre,Recreation & Sports,17.4540782,78.447557,2785785341,14.98,Normal
HYD006061,7244480663,Hilton Gym Obesity clinic,fitness_centre,Recreation & Sports,17.3947357,78.4360881,11096709854,11.353,Normal
HYD006062,13437146166,Hot Blood Gym,fitness_centre,Recreation & Sports,17.501936,78.426079,2028554629,12.617,Normal
HYD006063,1883404657,Hyderabad Gymkhana,fitness_centre,Recreation & Sports,17.4254119,78.420637,11039323495,17.204,Normal
HYD006064,6308214124,Iconic fitness club,fitness_centre,Recreation & Sports,17.3621856,78.3935304,2188391608,30.613,Normal
HYD006065,13285248839,Iron Kingdom Gym,fitness_centre,Recreation & Sports,17.4484894,78.3580517,1692848860,12.828,Normal
HYD006066,8065686027,Jaguar Gym,fitness_centre,Recreation & Sports,17.5225696,78.3966438,1706620123,34.289,Normal
HYD006067,13965391464,K5 Fitness Point,fitness_centre,Recreation & Sports,17.4258846,78.328978,11064859728,26.459,Normal
HYD006068,10806671070,KK GYm,fitness_centre,Recreation & Sports,17.4996899,78.5931556,2795744114,23.904,Normal
HYD006069,1161963688,KK Gym,fitness_centre,Recreation & Sports,17.4997272,78.59315006,2795744114,24.433,Normal
HYD006070,6191414044,Krish's Fitness,fitness_centre,Recreation & Sports,17.4431239,78.3872849,352765249,11.367,Normal
HYD006071,8233184800,LIV IT,fitness_centre,Recreation & Sports,17.4074687,78.5564944,310445677,18.445,Normal
HYD006072,8386537927,Leaf Home Yoga Classes,fitness_centre,Recreation & Sports,17.5196137,78.3960139,1906537091,26.892,Normal
HYD006073,8389341313,Lion's gym,fitness_centre,Recreation & Sports,17.4099936,78.5731373,2649444317,9.158,Normal
HYD006074,8909248528,M7 Fitness Studio,fitness_centre,Recreation & Sports,17.4437688,78.432683,13386171158,20.096,Normal
HYD006075,5569790346,Michaels Fitness Center,fitness_centre,Recreation & Sports,17.4899503,78.5386446,1001548816,44.483,Normal
HYD006076,11484298990,Muscle Tech Fitness,fitness_centre,Recreation & Sports,17.5093663,78.2987017,11520864554,39.191,Normal
HYD006077,6369656809,NEW F2 GYM,fitness_centre,Recreation & Sports,17.4654973,78.4831055,7694255727,15.107,Normal
HYD006078,7243974345,Naren Fitness,fitness_centre,Recreation & Sports,17.497158,78.3619488,13274254103,19.696,Normal
HYD006079,8113828146,Nihar gym,fitness_centre,Recreation & Sports,17.4013751,78.383753,2795871150,14.244,Normal
HYD006080,5892276131,Old School,fitness_centre,Recreation & Sports,17.4649494,78.5033709,13397597124,34.811,Normal
HYD006081,7244140148,Olympus Gym,fitness_centre,Recreation & Sports,17.5309205,78.2628262,7246495321,16.02,Normal
HYD006082,7244480282,Perfect Gym,fitness_centre,Recreation & Sports,17.5292885,78.2633946,11539591896,4.597,Normal
HYD006083,11690818700,Perfect fitness centre,fitness_centre,Recreation & Sports,17.4737311,78.5509872,4021573411,12.158,Normal
HYD006084,7025820749,Potens Fitness,fitness_centre,Recreation & Sports,17.4356539,78.3880758,11504999440,22.17,Normal
HYD006085,6615554124,Prakritik Yodha,fitness_centre,Recreation & Sports,17.3278573,78.5818212,11842876148,22.116,Normal
HYD006086,8386159767,Qube Gym and fitness centre,fitness_centre,Recreation & Sports,17.3859995,78.5285719,2234830623,16.296,Normal
HYD006087,9924565988,Railway gym,fitness_centre,Recreation & Sports,17.4462381,78.5451112,2231827184,16.81,Normal
HYD006088,11015866945,SD fitness Center,fitness_centre,Recreation & Sports,17.4255268,78.4568063,2477255911,14.57,Normal
HYD006089,357337057,SIM Lion Fitness,fitness_centre,Recreation & Sports,17.40989654,78.5739786,4203779928,20.369,Normal
HYD006090,357654293,Shahaja Yoga Mandir,fitness_centre,Recreation & Sports,17.41168754,78.59898588000001,3598400715,25.081,Normal
HYD006091,6575821850,Shakthi Gold Gym,fitness_centre,Recreation & Sports,17.4179636,78.5661598,6570831610,10.832,Normal
HYD006092,6575273089,Simlion Fitness,fitness_centre,Recreation & Sports,17.4137976,78.5855508,7716299096,20.263,Normal
HYD006093,11084918126,Sliver Gym,fitness_centre,Recreation & Sports,17.4497032,78.4226547,1284171636,16.122,Normal
HYD006094,7021303657,Sri Sai fitness world,fitness_centre,Recreation & Sports,17.4462898,78.3885131,3602305303,23.102,Normal
HYD006095,4729069195,Target Fitness,fitness_centre,Recreation & Sports,17.4426522,78.3556084,4729118789,16.089,Normal
HYD006096,12368227663,The Gym 365 Hyderabad,fitness_centre,Recreation & Sports,17.4829122,78.4145632,12049272669,8.151,Normal
HYD006097,7244140149,Tough Gym,fitness_centre,Recreation & Sports,17.5262632,78.2709169,2852272952,22.976,Normal
HYD006098,6390378846,Universal Gym,fitness_centre,Recreation & Sports,17.3700146,78.5224716,312810381,15.583,Normal
HYD006099,6864339528,Urban County Community Gym,fitness_centre,Recreation & Sports,17.4430817,78.3589611,13350746387,16.154,Normal
HYD006100,8756925124,V2 Fitness Zone,fitness_centre,Recreation & Sports,17.4847757,78.5475295,9920759838,38.255,Normal
HYD006101,945921774,V2 Fitness Zone,fitness_centre,Recreation & Sports,17.484761916666667,78.54752355000001,9920759839,37.388,Normal
HYD006102,6772788268,Vasavi Gods Power Gym,fitness_centre,Recreation & Sports,17.422602,78.5124898,2234500540,26.668,Normal
HYD006103,6776351521,Yogi Fitness Club,fitness_centre,Recreation & Sports,17.422265,78.5167513,11068162950,16.749,Normal
HYD006104,6983255273,celebrity,fitness_centre,Recreation & Sports,17.3694601,78.4287113,11482652073,15.695,Normal
HYD006105,6261444485,cult.fit,fitness_centre,Recreation & Sports,17.4382015,78.3982341,7045823162,16.872,Normal
HYD006106,7113998286,cult.fit,fitness_centre,Recreation & Sports,17.4266717,78.4149677,1948637930,28.585,Normal
HYD006107,7243974347,cult.fit,fitness_centre,Recreation & Sports,17.4959738,78.3372657,11038608275,28.098,Normal
HYD006108,13208170227,cult.fit,fitness_centre,Recreation & Sports,17.4560802,78.4348133,13995162053,27.974,Normal
HYD006109,13970066466,cult.fit,fitness_centre,Recreation & Sports,17.4348568,78.3688255,7492349753,21.551,Normal
HYD006110,7243974344,cultfit bodyline gym,fitness_centre,Recreation & Sports,17.4952507,78.3583606,2231949548,19.702,Normal
HYD006111,7244226227,fit&run,fitness_centre,Recreation & Sports,17.4935119,78.6055739,7010922840,17.39,Normal
HYD006112,10903300294,hunt,fitness_centre,Recreation & Sports,17.3294779,78.5797019,2803084434,21.134,Normal
HYD006113,7244174331,"sakhi beauty parlour, gym and yoga",fitness_centre,Recreation & Sports,17.4105267,78.5069324,2234832805,35.358,Normal
HYD006114,357612254,salus gym,fitness_centre,Recreation & Sports,17.360685359999998,78.54565319999999,3612551634,18.46,Normal
HYD006115,13673796754,unisex gym,fitness_centre,Recreation & Sports,17.5018873,78.4252948,13673312906,11.571,Normal
HYD006116,10902985403,v fitness gym,fitness_centre,Recreation & Sports,17.3305811,78.5768589,2803084462,20.041,Normal
HYD006117,7002815272,velocity fitness zone,fitness_centre,Recreation & Sports,17.4061774,78.4011287,2795951785,20.415,Normal
HYD006118,13436972419,yash Body Grow Gym,fitness_centre,Recreation & Sports,17.5114813,78.4241846,2852309100,11.524,Normal
HYD006119,357456733,z fitness world,fitness_centre,Recreation & Sports,17.357896320000002,78.54578167999999,1596288363,10.214,Normal
HYD006120,5571207488,Carnival Club Fitness Center,fitness_station,Recreation & Sports,17.5017337,78.5528804,5485923431,39.147,Normal
HYD006121,6478359211,Fitness Studio,fitness_station,Recreation & Sports,17.4175699,78.4107918,2583759021,25.05,Normal
HYD006122,5405056430,Gym,fitness_station,Recreation & Sports,17.4431052,78.3547759,13347810927,29.073,Normal
HYD006151,7025820778,Champs Fleur - Long Lasting Flowers (delivery in hyderabad),florist,Shopping,17.4465019,78.3978978,12675424357,53.862,Normal
HYD006152,8386154012,Decent flowers merchant,florist,Shopping,17.4074387,78.4950043,315061311,17.403,Normal
HYD006153,6195716885,Famous Flowers,florist,Shopping,17.3942403,78.4627407,11849513893,11.132,Normal
HYD006154,4614309650,Florance Flora,florist,Shopping,17.4401314,78.4824366,12030591121,15.544,Normal
HYD006155,6661977885,Flower Street Market,florist,Shopping,17.3831246,78.4779558,3612561658,9.542,Normal
HYD006156,5405056037,G. G. Florist,florist,Shopping,17.4343235,78.3684087,1304487242,20.402,Normal
HYD006157,8583928317,Om Sai Flower Decorations,florist,Shopping,17.5119896,78.555934,2794350597,13.045,Normal
HYD006158,817354604,Orchids,florist,Shopping,17.4422666,78.5044144,6884627356,11.718,Normal
HYD006159,7246812286,Spring blossom florist,florist,Shopping,17.395019,78.4340717,3170034755,18.093,Normal
HYD006160,7010429404,Vensai Florist,florist,Shopping,17.4576974,78.3651832,1301927552,1.016,Normal
HYD006161,10903194963,flower market,florist,Shopping,17.3308583,78.5754345,307061315,7.807,Normal
HYD006162,13673385134,Bagwathi sweets and khara,food,Food,17.3706314,78.4695356,7682217647,27.957,Normal
HYD006163,1447217175,Diamond Eatery,food,Food,17.5427066,78.57418991111112,4284134819,9.884,Normal
HYD006164,13673379177,Lassi Shop,food,Food,17.3737857,78.4654127,3670020656,12.287,Normal
HYD006165,13673515311,Marvadi tiffin centre,food,Food,17.3715079,78.4697879,1813453264,26.544,Normal
HYD006166,13673540503,Pani puri and chat centre,food,Food,17.381659,78.4752665,2178294785,11.369,Normal
HYD006167,3887216193,South ShopCom,food,Food,17.4522834,78.3144393,11064647210,46.558,Normal
HYD006168,13673370103,Sweet centre,food,Food,17.436539,78.4937783,12049242904,17.895,Normal
HYD006169,13673372646,samosa centre,food,Food,17.4379395,78.4968243,3670021933,6.439,Normal
HYD006170,271691398,Airport Lounge,food_court,Food,17.241896699999998,78.42949014000001,13347261692,24.88,Normal
HYD006171,11361166123,Ananya Chinese fast food center,food_court,Food,17.4928159,78.3843736,1655560260,9.853,Normal
HYD006172,12536226073,Assam Tea &Coffeee,food_court,Food,17.475468,78.5677151,3164348463,24.459,Normal
HYD006173,7246440975,BBQ Kothapet,food_court,Food,17.3597278,78.5437549,13366685853,22.92,Normal
HYD006174,12618605990,Babai Hotel,food_court,Food,17.5446455,78.3637161,11823710764,39.284,Normal
HYD006175,13673806804,Bakery,food_court,Food,17.3753597,78.4695334,10108052289,22.695,Normal
HYD006176,7244134451,Biriyani point,food_court,Food,17.3303193,78.5768762,2803084462,16.55,Normal
HYD006177,5405056144,Bismilla chicken centre,food_court,Food,17.4408212,78.3602366,3193022181,6.72,Normal
HYD006178,8386516280,Brundavan Udupi Veg,food_court,Food,17.4075571,78.4939131,12049270423,11.404,Normal
HYD006179,800974855,Cafeteria,food_court,Food,17.43736902,78.40573405999999,9803018938,22.863,Normal
HYD006180,872925495,Calvary Temple Food Court,food_court,Food,17.486297880000002,78.36853518000001,11046151201,46.088,Normal
HYD006181,11736410872,Canteen,food_court,Food,17.4942586,78.3927471,760461434,23.537,Normal
HYD006182,1545639658,Canteen KMEC/NGIT,food_court,Food,17.39572973888889,78.62301837222225,7691860654,16.022,Normal
HYD006183,11736410879,Chai Ki Bandi,food_court,Food,17.4943808,78.3926954,760461434,10.522,Normal
HYD006184,5405054238,Chandni chowk,food_court,Food,17.4373901,78.3656845,11306749934,22.636,Normal
HYD006185,13673574377,Chat and Panipuri centre,food_court,Food,17.4021208,78.4842014,315057071,18.695,Normal
HYD006186,13673869073,Chat and pani puri point,food_court,Food,17.3783745,78.47855,308767046,18.438,Normal
HYD006187,7466913107,Chilkur Balaji Food Court,food_court,Food,17.4577733,78.3710193,3174305676,25.017,Normal
HYD006188,5405055552,Cibo house,food_court,Food,17.4431312,78.3548203,10072585046,26.093,Normal
HYD006189,5569790345,Crunchie Munchie,food_court,Food,17.4896945,78.5384964,1001548816,13.081,Normal
HYD006190,12538877493,Dadu's,food_court,Food,17.4766484,78.564717,7713492560,19.887,Normal
HYD006191,7025820790,Daniel Food Court,food_court,Food,17.4446822,78.3924319,3382684734,20.441,Normal
HYD006192,868229952,Devi Tiffin Centre,food_court,Food,17.53140612,78.3922834,2780909656,9.757,Normal
HYD006193,7836389748,Dosa Plaza,food_court,Food,17.4952213,78.353293,13386200369,22.299,Normal
HYD006194,13673773628,Dosa point,food_court,Food,17.3728162,78.4690322,3612557225,5.241,Normal
HYD006195,12541130565,"Double cask,Double depthi of flavour",food_court,Food,17.4735794,78.569953,3164348468,13.233,Normal
HYD006196,11082456193,Fast Food,food_court,Food,17.4546439,78.4099366,3182362214,12.489,Normal
HYD006197,11484467239,Food Court,food_court,Food,17.3524073,78.5550075,9592024671,33.102,Normal
HYD006198,13715401163,Food Court,food_court,Food,17.4942058,78.3927801,760461434,29.824,Normal
HYD006199,13715457332,Food Court,food_court,Food,17.4941211,78.392778,1427603923,25.333,Normal
HYD006200,5405051291,GHMC ANNAPURNA,food_court,Food,17.4383112,78.3645878,13800505755,11.374,Normal
HYD006201,5405054349,Gokhul food point,food_court,Food,17.4371133,78.3660459,1304484278,13.762,Normal
HYD006202,12618671517,Gokul Udupi Veg,food_court,Food,17.5499951,78.3618552,3614503220,21.977,Normal
HYD006203,253463456,Hari dosa & Vindu Vihar,food_court,Food,17.40122088,78.56814066,12508594332,8.965,Normal
HYD006204,481173827,Hostel Mess,food_court,Food,17.404696039999997,78.55257604,4208966581,49.772,Normal
HYD006205,5405056233,Hot chips,food_court,Food,17.4410953,78.3598941,701228146,3.251,Normal
HYD006206,868230869,Hotel Shanker Villas,food_court,Food,17.49919352,78.39556768,3679991441,13.229,Normal
HYD006207,10280159809,Kakatiya Mess- Take Away,food_court,Food,17.4333993,78.4471765,3598257573,14.858,Normal
HYD006208,11027534547,Lassi shop,food_court,Food,17.432146,78.4460541,1312229423,18.759,Normal
HYD006209,7244134460,MRCB,food_court,Food,17.3291608,78.5820878,2725394139,17.801,Normal
HYD006210,6274637510,Madhura sweets,food_court,Food,17.3308504,78.5756666,307061315,16.873,Normal
HYD006211,12536226075,Mithai Bhandar& Veg Bakers,food_court,Food,17.4752592,78.5678448,1034536715,16.78,Normal
HYD006212,13673559622,Momos centre,food_court,Food,17.3892034,78.4806879,14168506617,23.638,Normal
HYD006213,872855480,Mourya Drive In,food_court,Food,17.525444322222217,78.39445156666666,4189373118,29.801,Normal
HYD006214,872855479,Mourya Tiffins,food_court,Food,17.5252894,78.39459064,2237525070,18.343,Normal
HYD006215,12536226091,Pan Mahal,food_court,Food,17.474523,78.5682993,5293806474,12.491,Normal
HYD006216,13673559623,Pani puri Chat centre,food_court,Food,17.3898765,78.4801219,10038892957,9.234,Normal
HYD006217,8111098691,Pista house,food_court,Food,17.4053502,78.4961588,2212515593,12.753,Normal
HYD006218,248417255,Police Officers Mess,food_court,Food,17.404756890909095,78.45007473636363,11563337533,33.437,Normal
HYD006219,7576065965,Public Food Shelter,food_court,Food,17.3688126,78.5131912,2243963556,14.204,Normal
HYD006220,12536226095,Rajkamal Sweet Store,food_court,Food,17.4743024,78.5684538,3164348465,8.152,Normal
HYD006221,12541130545,Reddy Chicken,food_court,Food,17.4768224,78.5671753,3164348348,23.666,Normal
HYD006222,11691140564,Reddy tiffin centre,food_court,Food,17.4734327,78.5512771,3598271401,5.258,Normal
HYD006223,339702073,Ruchi Restaurent,food_court,Food,17.4521975,78.39171584444445,2988438632,24.448,Normal
HYD006224,8233121624,SR Food Court,food_court,Food,17.4049248,78.5595881,2236889810,18.008,Normal
HYD006225,7244134465,Samosa Center,food_court,Food,17.3287009,78.5835786,3598381676,16.796,Normal
HYD006226,13673843716,Samosa centre,food_court,Food,17.3772873,78.4634233,308527221,10.074,Normal
HYD006227,13673825481,Santosh Dhaba,food_court,Food,17.376742,78.4705161,10108052293,12.829,Normal
HYD006228,5405059616,Santosh family dhaba,food_court,Food,17.4464989,78.3632853,3670021215,15.785,Normal
HYD006229,7021303723,Spot Food Court,food_court,Food,17.4430451,78.3908019,11533195461,18.946,Normal
HYD006230,9903887120,Sri Laxmi Prasanna Tiffin Center,food_court,Food,17.5112843,78.4244982,2852309102,16.579,Normal
HYD006231,6516278517,Sri Sai Hanuman Tiffin Centre,food_court,Food,17.4932038,78.3279091,2228839400,24.007,Normal
HYD006232,5405045515,Sri sai krishnafoodcourt,food_court,Food,17.4375187,78.3656034,11306749934,12.467,Normal
HYD006233,10280159814,Subbayya Gari Hotel,food_court,Food,17.4335367,78.447321,3598257614,16.426,Normal
HYD006234,12536226072,Tandoori Chai,food_court,Food,17.4755051,78.5676956,3164348463,20.519,Normal
HYD006235,8386939115,Tiffen centre,food_court,Food,17.4075201,78.4947061,3612572266,16.654,Normal
HYD006236,11082456144,Tiffin Center,food_court,Food,17.4559536,78.4090237,1284260417,13.763,Normal
HYD006237,13673869066,Tiffin centre,food_court,Food,17.3765721,78.473665,308779600,18.104,Normal
HYD006238,705578689,VB Food Court,food_court,Food,17.4032104,78.5833052,571152645,31.978,Normal
HYD006239,11696764569,biryani 4 u,food_court,Food,17.358413,78.5451521,13366502536,35.244,Normal
HYD006240,7244238250,chat center,food_court,Food,17.4110374,78.5070876,308943092,12.611,Normal
HYD006241,13673665460,govind chat,food_court,Food,17.5073159,78.4289717,2023730008,11.744,Normal
HYD006242,776426334,juice shop,food_court,Food,17.36874762,78.52551740000001,312819846,20.476,Normal
HYD006243,13436972603,meals,food_court,Food,17.4144132,78.4900934,3612575775,33.464,Normal
HYD006244,10244211022,ram ki bandi,food_court,Food,17.4254633,78.5492864,11824261520,18.118,Normal
HYD006245,11690897406,ram ki bandi,food_court,Food,17.3602585,78.5446313,1340792820,11.739,Normal
HYD006246,11696601387,saanvi tiffins,food_court,Food,17.3586327,78.544496,2422989112,27.772,Normal
HYD006247,6372243108,sai gokul chat,food_court,Food,17.3679354,78.5401793,1598149461,32.589,Normal
HYD006248,11696585485,shankarji mutton shop,food_court,Food,17.3599866,78.5427583,2245835385,21.025,Normal
HYD006249,11696724489,simply telangana,food_court,Food,17.3590224,78.5450699,1596288285,43.186,Normal
HYD006250,7174099263,street food,food_court,Food,17.3042286,78.2472584,7174094619,18.615,Normal
HYD006251,9731704310,the Joint Shawarma Point,food_court,Food,17.4255871,78.5077519,309707729,22.24,Normal
HYD006252,7244238206,tiffin center,food_court,Food,17.4095536,78.5085243,2234498783,7.672,Normal
HYD006253,7246509851,tiffin center,food_court,Food,17.4161199,78.5084503,3612576366,7.756,Normal
HYD006254,7244123808,vad pav,food_court,Food,17.3667671,78.5209612,2243963217,27.659,Normal
HYD006255,1233323740,MGIT fountain,fountain,Nature & Outdoors,17.3915272,78.322243,7669807448,6.555,Normal
HYD006256,1344035533,Microsoft Fountain,fountain,Nature & Outdoors,17.429120255555556,78.3413419111111,2670956590,24.805,Normal
HYD006257,13417767601,VST Waterfall Fountain,fountain,Nature & Outdoors,17.4047023,78.5018459,6308174541,14.134,Normal
HYD006258,5571207495,Wate Fountain,fountain,Nature & Outdoors,17.5016943,78.546481,2794316340,20.42,Normal
HYD006259,5733146967,Water For Pets,fountain,Nature & Outdoors,17.3356551,78.2899242,2235061749,40.069,Normal
HYD006260,896662896,Wazu Khana,fountain,Nature & Outdoors,17.36041464,78.47388376,2460389462,56.67,Normal
HYD006261,1473519010,chitrapuri water fountain,fountain,Nature & Outdoors,17.415947820000003,78.3778527,5915678439,16.691,Normal
HYD006262,4636657381,water fountain,fountain,Nature & Outdoors,17.4523696,78.5662536,7710064296,35.033,Normal
HYD006581,5405056718,Ace plywood and hardware,furniture,Shopping,17.4350008,78.3677565,12756976388,5.775,Normal
HYD006582,357129037,Anjani Furnishings,furniture,Shopping,17.34284528,78.56517726000001,3598384959,10.961,Normal
HYD006583,7025820847,Autumn Leaf Home Studio,furniture,Shopping,17.4338905,78.4019348,7035151456,24.642,Normal
HYD006584,1909499644,Bantia Furniture,furniture,Shopping,17.4396898,78.3988337,1365121058,25.712,Normal
HYD006585,12538889102,Bantia Furnitures,furniture,Shopping,17.4765505,78.5655519,12545788682,13.64,Normal
HYD006586,8389354240,Bantia furnitures,furniture,Shopping,17.365618,78.4280743,11828241046,17.791,Normal
HYD006587,12538877494,Damro furniture,furniture,Shopping,17.4765588,78.5647117,7713492560,28.519,Normal
HYD006588,5405061225,Darpan furnishings,furniture,Shopping,17.4405485,78.3633653,2210758037,3.835,Normal
HYD006589,5405059603,Desire and decor,furniture,Shopping,17.4403142,78.3632636,13449453916,6.068,Normal
HYD006590,7135117035,Dream Furniture,furniture,Shopping,17.4034571,78.3910695,1534914409,18.917,Normal
HYD006591,11772090403,Duroflex,furniture,Shopping,17.4997435,78.3833313,4208453262,28.938,Normal
HYD006592,5892276137,FWD,furniture,Shopping,17.4628388,78.5013329,3598267739,18.451,Normal
HYD006593,12538889105,FWd Furniture,furniture,Shopping,17.4764987,78.5664846,9507350150,23.329,Normal
HYD006594,5578093723,Feather light furnitures,furniture,Shopping,17.4173898,78.4574506,11481595858,18.586,Normal
HYD006595,11773916552,Furniture Gallery,furniture,Shopping,17.4912432,78.4076554,1428964091,31.738,Normal
HYD006596,5405055463,Furniture palace,furniture,Shopping,17.4441906,78.3627043,9938460127,21.507,Normal
HYD006597,5405059615,Furniture point,furniture,Shopping,17.4460627,78.3630404,12914282640,11.577,Normal
HYD006598,5405059294,Fwd furniture,furniture,Shopping,17.4397112,78.3633875,1304459616,14.397,Normal
HYD006599,14022778143,Garden Outdoor Furniture,furniture,Shopping,17.4224319,78.3806692,12756746329,19.178,Normal
HYD006600,8386469407,Godrej Interio,furniture,Shopping,17.4585006,78.5002326,6528188660,20.379,Normal
HYD006601,5405055462,Habitat,furniture,Shopping,17.4432727,78.3625143,1310992837,19.437,Normal
HYD006602,7246803482,Hitech Furnishing World,furniture,Shopping,17.3952468,78.4327959,3789924772,27.139,Normal
HYD006603,4674803889,Home Style Furniture,furniture,Shopping,17.4799954,78.3163851,4206336802,25.879,Normal
HYD006604,5405059620,Home experts,furniture,Shopping,17.4462964,78.3631463,1310990210,15.626,Normal
HYD006605,7035236535,HomeTown,furniture,Shopping,17.4348893,78.3866116,3602301666,63.591,Normal
HYD006606,122796947,IKEA,furniture,Shopping,17.439171654545454,78.37535271818182,6604369680,69.728,Normal
HYD006607,12854596351,K Z Furniture,furniture,Shopping,17.4195877,78.4630756,1780135977,6.917,Normal
HYD006608,357315329,KV Tent House,furniture,Shopping,17.41071712,78.56305318,3598400401,18.206,Normal
HYD006609,6261444886,Kitchenz&Wardrobes,furniture,Shopping,17.4515247,78.3931901,13677674912,33.154,Normal
HYD006610,11773916557,Kurl On,furniture,Shopping,17.4923486,78.4058775,12165036180,34.926,Normal
HYD006611,4674755094,Lalita Furniture,furniture,Shopping,17.488449,78.3139648,6151784939,30.863,Normal
HYD006612,11771783700,Loom Crafts,furniture,Shopping,17.4160997,78.4206323,1948881709,25.432,Normal
HYD006613,5405051686,Lords furnitures,furniture,Shopping,17.4332826,78.370077,2245060138,29.659,Normal
HYD006614,5405059718,Luxe furnishing,furniture,Shopping,17.4407499,78.3629441,13449453915,12.919,Normal
HYD006615,13340592197,MOD EARTH - THE BOHO HOUSE,furniture,Shopping,17.4168518,78.4316376,7966139339,12.917,Normal
HYD006616,356271644,MOD EARTH - THE BOHO HOUSE,furniture,Shopping,17.41364224,78.42859624000002,3579915313,29.571,Normal
HYD006617,13295395527,Noor Furniture,furniture,Shopping,17.36915,78.4782328,626898622,26.447,Normal
HYD006618,6257480988,Oak Wook Interio,furniture,Shopping,17.4413799,78.3970483,3174354949,16.261,Normal
HYD006619,6257492488,Pepper Fry,furniture,Shopping,17.4579816,78.3730005,10803921818,8.563,Normal
HYD006620,608643326,Plywood supplier,furniture,Shopping,17.40697406,78.59314932,2586710516,31.255,Normal
HYD006621,1299541853,Reclinex World,furniture,Shopping,17.51690644285714,78.48894664285716,11568920967,15.796,Normal
HYD006622,11771783693,Royal Furniture,furniture,Shopping,17.419422,78.3872868,11530262933,35.881,Normal
HYD006623,6255323685,Royal Oak,furniture,Shopping,17.4882719,78.4098474,3602317196,23.545,Normal
HYD006624,12538889106,RoyalHook Furniture,furniture,Shopping,17.476428,78.5667039,3164348360,26.886,Normal
HYD006625,5405060922,Sleep well,furniture,Shopping,17.4447445,78.3628747,1299847269,20.372,Normal
HYD006626,12544193786,Sleepwell World,furniture,Shopping,17.4780059,78.5609106,3550378292,32.293,Normal
HYD006627,5405059612,Spacewood,furniture,Shopping,17.4443751,78.36278,9938460127,25.06,Normal
HYD006628,10279859271,Sri Aditya Furniture Store,furniture,Shopping,17.331014,78.5700315,3598382136,14.101,Normal
HYD006629,12545949009,Sri Nakoda,furniture,Shopping,17.4783622,78.5599893,2225461242,22.136,Normal
HYD006630,8389267076,Sriram Interiors,furniture,Shopping,17.44193,78.5629834,7710470313,26.509,Normal
HYD006631,8386585616,Tirumala Furnitures,furniture,Shopping,17.5149066,78.3974774,1906537029,16.489,Normal
HYD006632,5128624721,VK WOODMART,furniture,Shopping,17.4944648,78.3183045,660578481,24.593,Normal
HYD006633,8918572860,Zeeshan Enterprises,furniture,Shopping,17.3873026,78.4487611,12415833006,4.753,Normal
HYD006634,9919114780,furniture world,furniture,Shopping,17.4690587,78.4787846,13313159742,21.222,Normal
HYD006635,11690884054,mega furniture,furniture,Shopping,17.3618666,78.5437193,3670020158,20.781,Normal
HYD006636,10903266300,sunita home decor,furniture,Shopping,17.330676,78.574061,1325262025,30.225,Normal
HYD006637,6868660421,SRI BALAJI ART GALLERY & GIFT ITEMS,gallery,Culture & Heritage,17.4298112,78.4480548,7682661999,10.21,Normal
HYD006638,122090771,State Art Gallery,gallery,Culture & Heritage,17.436253726470593,78.39794195588237,6992913226,31.708,Normal
HYD006639,5404816587,Svk art gallery,gallery,Culture & Heritage,17.4341191,78.3596661,5915724050,24.168,Normal
HYD006640,7025820806,Tanjore Paintings Art Gallery,gallery,Culture & Heritage,17.4468259,78.3931828,1323538105,17.395,Normal
HYD006641,5405054243,Plabo,games,Entertainment,17.4353064,78.3681144,2177264497,18.695,Normal
HYD006642,41696425,Barkatpura Chaman,garden,Nature & Outdoors,17.392584810000006,78.49694018,12989049732,27.035,Normal
HYD006643,29124485,Botanical Gardens,garden,Nature & Outdoors,17.45419034814815,78.35848723333332,1309936004,210.316,Extended
HYD006644,4976643365,Brundavan Nursery,garden,Nature & Outdoors,17.3810185,78.5669859,4791210093,22.876,Normal
HYD006645,7707961936,Butterfly Garden Park,garden,Nature & Outdoors,17.4302752,78.4769141,3463068983,492.012,Extended
HYD006646,1456217437,Butterfly park,garden,Nature & Outdoors,17.258714116666667,78.68203426666666,7597497618,31.84,Normal
HYD006647,436397567,Chaderghat Rotary,garden,Nature & Outdoors,17.377558099999998,78.49193954705883,1557488228,29.19,Normal
HYD006648,9919114774,Chandana,garden,Nature & Outdoors,17.4714359,78.4774439,7493933792,32.977,Normal
HYD006649,1222793133,High Fields Front Garden,garden,Nature & Outdoors,17.41333775714286,78.33942920000001,10271296307,28.662,Normal
HYD006650,1222890659,High Fields Garden of Lights,garden,Nature & Outdoors,17.41550908,78.33954150999999,13202951502,11.825,Normal
HYD006651,1222890642,High Fields Romantic Garden,garden,Nature & Outdoors,17.4154997,78.34169215,13202951508,12.283,Normal
HYD006652,1457056238,Japanese Garden,garden,Nature & Outdoors,17.25610503953488,78.68166413953492,7597579252,34.437,Normal
HYD006653,8386522937,Landscape,garden,Nature & Outdoors,17.4138571,78.5309718,7959311833,127.464,Extended
HYD006654,28798547,Landscape Gardens,garden,Nature & Outdoors,17.41575424210526,78.52820711578948,13401444883,63.418,Normal
HYD006655,9919114775,Malla Reddy,garden,Nature & Outdoors,17.4708002,78.4769293,9918909832,26.408,Normal
HYD006656,3388972905,N Gardens,garden,Nature & Outdoors,17.4804621,78.4225679,11568684199,38.636,Normal
HYD006657,256666883,Nehru Block Inner Areana,garden,Nature & Outdoors,17.392005614285715,78.52793852857143,2623037182,24.931,Normal
HYD006658,6779803484,Rock Garden,garden,Nature & Outdoors,17.2815056,78.5376779,3602487564,30.698,Normal
HYD006659,7707961948,Rock Garden,garden,Nature & Outdoors,17.4339667,78.475705,320409101,97.232,Normal
HYD006660,7707961938,Rose Garden,garden,Nature & Outdoors,17.4341475,78.4776261,1891013515,75.467,Normal
HYD006661,569608042,Rose Garden,garden,Nature & Outdoors,17.404932957142858,78.46436605714287,12595322874,15.43,Normal
HYD006662,627094417,Saradha Vanam,garden,Nature & Outdoors,17.410799360000002,78.4817409,11066705785,29.23,Normal
HYD006663,627572570,School Garden,garden,Nature & Outdoors,17.493635483333335,78.33680396666666,7664093188,14.182,Normal
HYD006664,2710920336,ashok garden,garden,Nature & Outdoors,17.4692049,78.4835757,13312982904,17.917,Normal
HYD006665,3388919584,brundavan garden,garden,Nature & Outdoors,17.4786611,78.421836,11568712316,33.528,Normal
HYD006666,670634160,ganapathi temple garden,garden,Nature & Outdoors,17.36330108,78.39416312,7709225886,23.276,Normal
HYD006667,2709019413,hitech garden,garden,Nature & Outdoors,17.4457798,78.3743196,3602304669,16.716,Normal
HYD006668,3388973979,metro marvel gardens,garden,Nature & Outdoors,17.4790629,78.421921,11568712308,18.688,Normal
HYD006669,6779951485,park,garden,Nature & Outdoors,17.4931495,78.4073439,3602320163,7.665,Normal
HYD006670,740764825,rams klr garden,garden,Nature & Outdoors,17.302333299999997,78.50712625999999,7702247095,73.249,Normal
HYD006671,2714358581,samala papi reddy gardens &function hall,garden,Nature & Outdoors,17.3012027,78.5024978,6273621946,38.642,Normal
HYD006672,265633859,shubnam gardens,garden,Nature & Outdoors,17.398057440000002,78.53442787999998,3612567386,16.646,Normal
HYD006673,331784194,yashoda gardens,garden,Nature & Outdoors,17.487406733333334,78.41467373333334,7690613020,13.965,Normal
HYD006775,10279728126,Archies,gift,Shopping,17.4371079,78.4440149,12803534983,9.844,Normal
HYD006776,7088336249,Archies Gifts Shop,gift,Shopping,17.3532401,78.5071393,312780870,18.947,Normal
HYD006777,8386425261,Archies Pinkland Paper Rose Shoppe,gift,Shopping,17.3681422,78.5305376,4032432894,20.041,Normal
HYD006778,7244487793,Archies gallery,gift,Shopping,17.3945009,78.4392278,308528085,20.7,Normal
HYD006779,13717933508,BBR Gifting Matrix,gift,Shopping,17.4380661,78.3731793,7694882830,23.311,Normal
HYD006780,7027817041,Dearly Handmade,gift,Shopping,17.4471093,78.401982,7000601825,18.54,Normal
HYD006781,5405060921,Feelings,gift,Shopping,17.4452566,78.3628413,1310996192,20.206,Normal
HYD006782,5405056733,GIFT GALORE,gift,Shopping,17.4343902,78.3684621,1304487242,14.02,Normal
HYD006783,7569739566,Gift land,gift,Shopping,17.4791283,78.5117717,7761550449,11.095,Normal
HYD006784,6822126632,Gifteria.co.in,gift,Shopping,17.342839,78.541474,11832465256,9.23,Normal
HYD006785,5942740807,Gifts Galore,gift,Shopping,17.4456297,78.3859827,319535606,16.129,Normal
HYD006786,5578149021,Himalaya book store,gift,Shopping,17.4021841,78.4535937,1820079858,19.94,Normal
HYD006787,1066040548,Occassions,gift,Shopping,17.4601217,78.490658,3670022412,29.574,Normal
HYD006788,356233261,SHRADDHA,gift,Shopping,17.4812517,78.55600820000001,2225461288,18.358,Normal
HYD006789,5409442356,Srisai steel palace,gift,Shopping,17.4015907,78.5668825,2852322999,8.405,Normal
HYD006790,1465032680,fancy gift world,gift,Shopping,17.527963319999998,78.68992435999999,7536526974,25.019,Normal
HYD006791,341185752,redsox,gift,Shopping,17.49549882,78.3965094,2425535835,44.866,Normal
HYD006792,543889563,Army BEPTA Bison Golf Course,golf_course,Recreation & Sports,17.512276965384615,78.5265979769231,13977026942,144.553,Extended
HYD006793,543889205,Army Golf Course,golf_course,Recreation & Sports,17.375036648000005,78.38508036399998,3579906989,103.731,Extended
HYD006794,96358816,Boulder Hills,golf_course,Recreation & Sports,17.427166281818177,78.35328942181816,4132325852,64.769,Normal
HYD006795,96358424,Golf,golf_course,Recreation & Sports,17.4739953,78.37134222857142,8995519484,60.883,Normal
HYD006796,1345417673,Microsoft Mini Golf,golf_course,Recreation & Sports,17.430417574193548,78.34297183548387,2220940907,68.571,Normal
HYD006797,29252951,Railway Golf Course,golf_course,Recreation & Sports,17.42885731666667,78.52353298333334,3598256587,133.729,Extended
HYD006798,238243005,Silver House Golf Club,golf_course,Recreation & Sports,17.52960863478261,78.5281145478261,321187473,24.079,Normal
HYD006799,1127728614,Spotflock,golf_course,Recreation & Sports,17.450910620000002,78.38587842,1215788865,29.769,Normal
HYD006800,596491603,Dilkhush nagar,grassland,Nature & Outdoors,17.48156366666667,78.45697375555557,7655074649,231.607,Extended
HYD006801,596491601,Dillhush nagar,grassland,Nature & Outdoors,17.485255641666665,78.45658335833333,3598276315,270.47,Extended
HYD006802,374407899,Grass land,grassland,Nature & Outdoors,17.50880364,78.36643848,5915279813,20.047,Normal
HYD006803,374409034,Grassland,grassland,Nature & Outdoors,17.48906522,78.37153728,3602317827,25.533,Normal
HYD006804,690772900,Panda Punaiah Square,grassland,Nature & Outdoors,17.53805192222222,78.38476029999998,1705378172,50.855,Normal
HYD006805,690772897,Rattaiah Square,grassland,Nature & Outdoors,17.537435077777776,78.38460424444445,1677942163,36.976,Normal
HYD006806,340274412,janapriya,grassland,Nature & Outdoors,17.488418579999998,78.3706597,3602316892,48.593,Normal
HYD006807,360530083,Bada Khabrastan,grave_yard,Culture & Heritage,17.365008459374998,78.48911377187501,3612553747,3.963,Normal
HYD006808,238190755,Daira Mir Momin,grave_yard,Culture & Heritage,17.352193429166665,78.47798947916665,312796844,86.181,Normal
HYD006809,12601309257,Hindu samsanvakita,grave_yard,Culture & Heritage,17.5564132,78.3595321,671854392,40.015,Normal
HYD006810,1452840895,Mukti Ghat,grave_yard,Culture & Heritage,17.379686678571428,78.58517591785713,13324034926,10.162,Normal
HYD006811,11004256842,PAIMAVATI-PET QABRASTAAN,grave_yard,Culture & Heritage,17.327737,78.4181526,8519990698,36.77,Normal
HYD006812,254995035,burial ground,grave_yard,Culture & Heritage,17.441166877777775,78.43234142222222,3393671955,41.918,Normal
HYD006813,3970123620,grave yard,grave_yard,Culture & Heritage,17.3346342,78.4101671,307042058,17.976,Normal
HYD006814,3970151908,graveyard,grave_yard,Culture & Heritage,17.3189303,78.4033971,3579900287,17.82,Normal
HYD006815,99709662,graveyard,grave_yard,Culture & Heritage,17.39132251428571,78.5144576952381,4254279786,43.362,Normal
HYD006816,1058768932,shabe nagar gravyard,grave_yard,Culture & Heritage,17.316821519999998,78.58289592000001,12483801676,91.386,Normal
HYD006817,6944429714,Balaji Vegetables Market,greengrocer,Food,17.505314,78.3093139,3109335288,14.927,Normal
HYD006818,5467328879,Farm Fresh,greengrocer,Food,17.4468024,78.3919736,1302054067,25.087,Normal
HYD006819,6652962985,Fruit Street Market,greengrocer,Food,17.3832137,78.4772846,6759579244,5.347,Normal
HYD006820,8483718817,Jani Kirana Store,greengrocer,Food,17.4401144,78.3637565,1699091332,26.026,Normal
HYD006821,359272093,Kute Basket,greengrocer,Food,17.522151580000003,78.3960875,2237525101,26.776,Normal
HYD006822,4796546421,Madannapet mandi,greengrocer,Food,17.3582535,78.5034314,10836204518,7.685,Normal
HYD006823,8386425217,Polimeraas,greengrocer,Food,17.4583246,78.5001795,2222305590,19.971,Normal
HYD006824,8386226131,Polimeras,greengrocer,Food,17.4906499,78.3371604,2232094400,41.76,Normal
HYD006825,355879103,Pradeep Vegetable Shop,greengrocer,Food,17.47285186,78.30942796000001,2225419036,19.433,Normal
HYD006826,8886830734,Pure O Natural,greengrocer,Food,17.4624935,78.3489132,11484536525,28.343,Normal
HYD006827,889083926,Pure O Natural,greengrocer,Food,17.52101116,78.39596822000001,2237525013,33.902,Normal
HYD006828,1475744130,Ramnagar Gundu Vegetable Market Place,greengrocer,Food,17.4080204,78.5123242,634130062,7.905,Normal
HYD006829,6369363925,Rythu Bazar,greengrocer,Food,17.5079848,78.4105307,11906452378,9.993,Normal
HYD006830,7244254631,Vegetable shop,greengrocer,Food,17.5041556,78.4156197,2783285464,10.132,Normal
HYD006831,6776351519,Vegitable,greengrocer,Food,17.4220621,78.5170216,2234500476,7.88,Normal
HYD006832,7008089079,vebtable shop,greengrocer,Food,17.5005933,78.4161868,3129490518,14.12,Normal
HYD006833,13673530302,Fish market kirana store,grocery,Food,17.3741576,78.4695306,3612558262,5.158,Normal
HYD006834,14016812702,Gokul Pooja Stores,grocery,Food,17.3865198,78.4400139,1321359616,19.166,Normal
HYD006835,11878120269,Indira Kirana General Store,grocery,Food,17.3974685,78.567569,2585228475,15.233,Normal
HYD006836,13673385137,Kirana centre,grocery,Food,17.3707645,78.4695182,7682217647,23.373,Normal
HYD006837,13673773655,Kirana store,grocery,Food,17.3723702,78.4711473,7682217661,12.547,Normal
HYD006838,13673773673,Kirana store,grocery,Food,17.3725056,78.4712709,3612557092,16.428,Normal
HYD006839,13673806808,Kirana store,grocery,Food,17.3764513,78.4674456,13266364916,6.732,Normal
HYD006840,13673555209,Marwadi tea centre,grocery,Food,17.3763771,78.4716099,3612559453,32.629,Normal
HYD006841,7466887488,Pure O Natural,grocery,Food,17.3958685,78.3712187,3670020762,25.387,Normal
HYD006842,6935446193,RAM DEV,grocery,Food,17.4788996,78.4788571,2789775626,13.294,Normal
HYD006843,12513650101,Shri Vinayaka Traders,grocery,Food,17.4424583,78.3917037,349267526,11.187,Normal
HYD006844,13673773630,grocery store,grocery,Food,17.3719305,78.4698368,7682217656,10.492,Normal
HYD006845,4101755091,Abhiteja Platinum,guest_house,Accommodation,17.4655493,78.3474661,3602309601,12.992,Normal
HYD006846,631843144,Amar Sai Mens PG,guest_house,Accommodation,17.444541020000003,78.38831846,3602304138,14.712,Normal
HYD006847,5957507485,Apple Homes Guest House,guest_house,Accommodation,17.4448604,78.386635,349270026,14.95,Normal
HYD006848,9924687292,Armour bhavan,guest_house,Accommodation,17.4730656,78.4758318,2789805509,12.525,Normal
HYD006849,356279397,Athidhi Guest House,guest_house,Accommodation,17.46242828,78.49001436,315072815,33.037,Normal
HYD006850,779102371,Bvreddy,guest_house,Accommodation,17.472471,78.52087,3598271214,16.667,Normal
HYD006851,9743315360,Central Government Touring Officers Guest House,guest_house,Accommodation,17.4266783,78.5022686,11072950627,26.265,Normal
HYD006852,9743315361,Central Government Touring Officers Guest House,guest_house,Accommodation,17.3861096,78.4883077,11556404544,14.154,Normal
HYD006853,4220861691,Charitha Residency,guest_house,Accommodation,17.4929097,78.3467677,2231795763,27.071,Normal
HYD006854,7021303758,Cosy Homes,guest_house,Accommodation,17.4365951,78.3951759,352765949,29.928,Normal
HYD006855,1037910808,ECIL Guest House,guest_house,Accommodation,17.464358485714286,78.57508365714286,9559908228,28.921,Normal
HYD006856,6009842125,EzyStay,guest_house,Accommodation,17.4449064,78.3874014,7035236621,11.579,Normal
HYD006857,4423903961,GKR Heights,guest_house,Accommodation,17.5116447,78.446573,3390971498,27.812,Normal
HYD006858,4535517937,Geetasudha Guest House,guest_house,Accommodation,17.4174401,78.4306151,7966132146,12.903,Normal
HYD006859,1442521745,Golden Jubilee Guest House,guest_house,Accommodation,17.46396368032787,78.32840381967213,13235941255,15.306,Normal
HYD006860,13715457333,Guest House,guest_house,Accommodation,17.4954085,78.3938388,1427603918,22.811,Normal
HYD006861,4433624589,Hasnoon Guest House,guest_house,Accommodation,17.4083116,78.4151321,11843462419,22.665,Normal
HYD006862,4744211331,Home,guest_house,Accommodation,17.3780931,78.4270365,2859829443,32.973,Normal
HYD006863,4550822789,Home Tellapur,guest_house,Accommodation,17.4632774,78.2868099,10052717974,33.074,Normal
HYD006864,7113673185,House,guest_house,Accommodation,17.4386325,78.4473815,7244312709,23.436,Normal
HYD006865,2714197550,Infosys Guest House,guest_house,Accommodation,17.4348759,78.351944,3602301709,72.629,Normal
HYD006866,3887216188,Lake View Guest House,guest_house,Accommodation,17.4550848,78.3268174,11502403751,16.899,Normal
HYD006867,7099403698,Lake View Guest House,guest_house,Accommodation,17.4168732,78.4591225,9650938439,26.484,Normal
HYD006868,186643391,Lake View Homes,guest_house,Accommodation,17.462410900000002,78.36747940000001,7673719067,25.205,Normal
HYD006869,4489776096,M S R Residency Guest House,guest_house,Accommodation,17.4642534,78.356328,7662859355,61.701,Normal
HYD006870,7025820848,MEIL HOUSE 44,guest_house,Accommodation,17.4331709,78.4018836,1299282578,51.396,Normal
HYD006871,356020010,"Manikanta PG, Mens Hostel",guest_house,Accommodation,17.444725381818184,78.38778011818182,1042264824,14.782,Normal
HYD006872,13611071358,Matangi Residency,guest_house,Accommodation,17.5256255,78.3909975,3602334174,11.167,Normal
HYD006873,7025820874,Morning Dew,guest_house,Accommodation,17.4404283,78.3934664,5436630011,21.31,Normal
HYD006874,9681894385,NGRI Guest house,guest_house,Accommodation,17.4131651,78.5507263,4208968304,28.394,Normal
HYD006875,5942886286,Om Sai,guest_house,Accommodation,17.4454143,78.3863441,289517381,34.945,Normal
HYD006876,13196312448,Ostello Isabello,guest_house,Accommodation,17.4440603,78.3847423,7035373883,16.479,Normal
HYD006877,7006188187,Patnam Narender Reddy MLA,guest_house,Accommodation,17.4126952,78.4172014,7680863248,18.811,Normal
HYD006878,2607599492,R&B Engineers Guest House,guest_house,Accommodation,17.420408,78.4544825,354650967,22.178,Normal
HYD006879,8868487220,Red Rose Palace,guest_house,Accommodation,17.3956223,78.4715958,3612566409,48.658,Normal
HYD006880,4768557021,SK Residency,guest_house,Accommodation,17.4364696,78.5038788,3598258560,13.253,Normal
HYD006881,631843145,SS Men's Hostel & PG,guest_house,Accommodation,17.44406704,78.38810092,1042264819,14.256,Normal
HYD006882,4676059093,Sai Shruthi Guest House,guest_house,Accommodation,17.4171548,78.412401,3579915416,24.355,Normal
HYD006883,632251672,Sri Siddi Vinayaka Mens PG and Guest House,guest_house,Accommodation,17.44135008,78.39808214,1054105935,20.691,Normal
HYD006884,4377126589,Sri nivas apartment,guest_house,Accommodation,17.4309686,78.4502011,2857325782,18.13,Normal
HYD006885,1042232797,Swan Suites,guest_house,Accommodation,17.4453553,78.3847305,12872480603,33.39,Normal
HYD006886,8909248551,TS GENCO Guest House,guest_house,Accommodation,17.4450166,78.4264503,1750008320,18.196,Normal
HYD006887,6951040266,TSRTC Guest House,guest_house,Accommodation,17.4003201,78.4831368,1932900506,10.599,Normal
HYD006888,6951034198,TSRTC Officers Guest House,guest_house,Accommodation,17.4003323,78.4831415,1932900506,11.961,Normal
HYD006889,11736376188,Ugc,guest_house,Accommodation,17.4958701,78.3934208,1426798213,30.196,Normal
HYD006890,4130478896,crpf gc hyd,guest_house,Accommodation,17.3140928,78.4745688,3612536971,13.528,Normal
HYD006891,4428857292,padm-sekhar,guest_house,Accommodation,17.5185933,78.41527,11499370601,4.821,Normal
HYD006892,7243950245,tech mahindra,guest_house,Accommodation,17.4528018,78.3736652,8242977053,43.599,Normal
HYD007015,8233121625,Amardeep Hardware,hardware,Shopping,17.4082789,78.5596109,2236748436,16.815,Normal
HYD007016,11772090399,Bharat Electricals,hardware,Shopping,17.4970246,78.3622579,11807023219,19.001,Normal
HYD007017,12541130538,Castrol Bike repair,hardware,Shopping,17.4758847,78.56794,2795822114,20.159,Normal
HYD007018,8233121626,Laxmi Hardware,hardware,Shopping,17.4101907,78.5565621,2236890141,14.002,Normal
HYD007019,6290573885,Lock repair,hardware,Shopping,17.4591846,78.3659598,11630416507,6.081,Normal
HYD007020,6290635387,Lock smith,hardware,Shopping,17.4392801,78.3639795,13997007279,7.763,Normal
HYD007021,12536257514,Mallikarjuna,hardware,Shopping,17.4735585,78.5700198,3164348468,19.937,Normal
HYD007022,4575129916,Marble stores,hardware,Shopping,17.3421004,78.5580104,3155783380,32.999,Normal
HYD007023,6213314387,Mathaji Plywood & Hardware,hardware,Shopping,17.4021092,78.6062938,3598397947,15.817,Normal
HYD007024,7244480268,Padmavathi hardware shop,hardware,Shopping,17.5275849,78.2677505,4009677229,27.964,Normal
HYD007025,1015411589,Patel & Co.,hardware,Shopping,17.337841880000003,78.31630078,3680189228,40.314,Normal
HYD007026,253223678,RAK Ceramics,hardware,Shopping,17.385877818181818,78.55906981818183,10281733560,44.072,Normal
HYD007027,6847914766,Sai Mithra Electricals,hardware,Shopping,17.4421081,78.4409062,1752697674,18.359,Normal
HYD007028,10810253913,Shakti cements,hardware,Shopping,17.4945691,78.5966369,2795779157,7.748,Normal
HYD007029,12538877496,Skoda Showroom,hardware,Shopping,17.4766004,78.5651354,3164348349,34.022,Normal
HYD007030,13536912460,Sri Balaji Aqua,hardware,Shopping,17.4274661,78.4875164,3598256151,17.356,Normal
HYD007031,5470930514,Sri Geeta Plywood & Hardware,hardware,Shopping,17.4689486,78.4271444,5759759161,15.995,Normal
HYD007032,6776351522,Sri Ram Home Solutions,hardware,Shopping,17.4225218,78.5166651,11068162950,24.404,Normal
HYD007033,9903872413,Sri Varalaxmi Hardware,hardware,Shopping,17.512678,78.425658,2852309239,9.179,Normal
HYD007034,12536226060,Sri sai Automobiles,hardware,Shopping,17.4761746,78.5673028,3164348462,19.011,Normal
HYD007035,14022786446,Srinivasa Exclusive,hardware,Shopping,17.4987485,78.3856078,6690122135,25.371,Normal
HYD007036,11773916558,Srinivasa Paints & Hardware,hardware,Shopping,17.492404,78.4057418,12165036180,21.321,Normal
HYD007037,7113994885,Vasantha enterprises,hardware,Shopping,17.4319581,78.425914,354243449,18.829,Normal
HYD007038,13673773653,Dry Fruits and Khara,health_food,Food,17.372069,78.4711146,1813453196,4.992,Normal
HYD007039,13673793674,Dry fruits centre,health_food,Food,17.3731404,78.4712702,1813453054,7.236,Normal
HYD007040,13673793694,Dry fruits shop,health_food,Food,17.373965,78.4712751,1813453232,19.687,Normal
HYD007041,13673806801,Dry fruits store,health_food,Food,17.3742017,78.4698817,3612558267,23.727,Normal
HYD007042,6758497459,Jonna Rotte - Jowar Ki Roti,health_food,Food,17.4202852,78.5165385,2234500201,25.658,Normal
HYD007043,10806838136,Kirana,health_food,Food,17.4930633,78.5976306,2795743860,17.887,Normal
HYD007044,13437156191,annakendra,health_food,Food,17.4231865,78.5021835,11072950626,39.619,Normal
HYD007045,11696683962,vegetable store,health_food,Food,17.3595054,78.5449275,1340799332,16.348,Normal
HYD007480,417169810,British Residency,heritage_building,Culture & Heritage,17.38357425641026,78.48682544871794,11043291332,34.476,Normal
HYD007486,381185896,Krishnaja Hills,hill,Nature & Outdoors,17.524186873958328,78.36506963958333,10208602860,229.975,Extended
HYD007487,902922883,Arya Samaj,hindu,Religion,17.43532076,78.46138198,2461458799,46.681,Normal
HYD007488,567886326,Michael Horse Riding Academy,horse_riding,Recreation & Sports,17.502053059999998,78.55049238000001,11209472389,35.814,Normal
HYD008536,5405054115,Abhi mens hostel,hostel,Accommodation,17.4360105,78.3675098,13810445827,12.434,Normal
HYD008537,4589307298,Adhithi Boys Hostel,hostel,Accommodation,17.3998924,78.4697347,1317245191,10.392,Normal
HYD008538,7261470702,Adithya Ladies Hostel,hostel,Accommodation,17.4339886,78.448083,3598257712,33.108,Normal
HYD008539,2217933215,Akshaya Women's hostel,hostel,Accommodation,17.4429141,78.3543767,1702560066,22.45,Normal
HYD008540,12854604703,Akshayreddy girls hostel,hostel,Accommodation,17.3967551,78.4955037,2857520279,12.357,Normal
HYD008541,7021303647,Amar Sai Deluxe Mens Hostel,hostel,Accommodation,17.4431534,78.3905805,1323520541,13.669,Normal
HYD008542,7025820800,Amma MEN'S PG & hostel,hostel,Accommodation,17.4443351,78.3907871,7013309408,33.771,Normal
HYD008543,6375038697,Amrutha Ladies Hostel,hostel,Accommodation,17.3705835,78.5276414,312819895,36.655,Normal
HYD008544,355603933,Amrutha sree boys hostel,hostel,Accommodation,17.562373960000002,78.45289586,3618945452,13.763,Normal
HYD008545,2922414236,Ananya Mens Hostel,hostel,Accommodation,17.4420623,78.3595361,3602303300,11.754,Normal
HYD008546,7021303655,Ananya women's hostel,hostel,Accommodation,17.4465413,78.3883238,3602305303,23.273,Normal
HYD008547,13903511907,Anu Co-Living PG,hostel,Accommodation,17.4432912,78.3612023,1311002178,6.455,Normal
HYD008548,7021303654,Anupama mens hostel,hostel,Accommodation,17.4463676,78.3884371,3602305303,17.846,Normal
HYD008549,7244480668,Anusha reddy boys hostel,hostel,Accommodation,17.3941887,78.4359917,1312714947,17.592,Normal
HYD008550,7244480671,Anusha reddy boys hostel,hostel,Accommodation,17.3941206,78.4361608,1312714947,17.676,Normal
HYD008551,7025820799,Avasa mens hostel,hostel,Accommodation,17.4465459,78.3909698,7010558540,12.261,Normal
HYD008552,7021303649,BGM Womens Hostel,hostel,Accommodation,17.4434827,78.3858473,12082525108,15.646,Normal
HYD008553,356199230,BH1 MANUU,hostel,Accommodation,17.429714155555555,78.3599773277778,2246072943,12.395,Normal
HYD008554,855226369,BH3 MANUU,hostel,Accommodation,17.427386762500003,78.359269575,5826308367,27.112,Normal
HYD008555,324863709,Boys Hostel,hostel,Accommodation,17.4216104,78.5266507,7962854693,51.646,Normal
HYD008556,8414559720,Boys hostel,hostel,Accommodation,17.5111989,78.4899086,3598284279,53.644,Normal
HYD008557,13673385132,Boys hostel,hostel,Accommodation,17.371096,78.4697971,4203989135,35.966,Normal
HYD008558,7243950729,Boys/girls hostel,hostel,Accommodation,17.3965332,78.502787,1271924361,13.709,Normal
HYD008559,7025820895,Brundavan Women PG,hostel,Accommodation,17.4420022,78.3910416,1323570088,17.186,Normal
HYD008560,9276074473,Budh Bhavan,hostel,Accommodation,17.5419562,78.5744561,7065632109,24.051,Normal
HYD008561,139241782,CBIT & MGIT BOYS HOSTEL,hostel,Accommodation,17.396108562499997,78.3141540875,11045870168,66.566,Normal
HYD008562,13286563801,Devashrey hostel - Elite,hostel,Accommodation,17.449156,78.4472842,11846434213,3.255,Normal
HYD008563,7021303652,Dwaraka Mens Hostel,hostel,Accommodation,17.4426701,78.3863369,10673254385,17.729,Normal
HYD008564,5409608321,Elysium Inn Hostel,hostel,Accommodation,17.4109165,78.4558275,12041225757,14.843,Normal
HYD008565,7244480669,Friends boys hostel,hostel,Accommodation,17.3939739,78.4361259,1312714947,12.884,Normal
HYD008566,360243940,G Hostel,hostel,Accommodation,17.45485733529412,78.32457165294117,4181107239,23.455,Normal
HYD008567,9276074474,Gandhi Bhavan,hostel,Accommodation,17.5424827,78.5743987,2684820240,17.33,Normal
HYD008568,9276074471,Ganga Bhavan,hostel,Accommodation,17.5419204,78.5733472,2684820233,21.504,Normal
HYD008569,11736399725,Gayathri hostel,hostel,Accommodation,17.4947677,78.3938688,1426794545,52.349,Normal
HYD008570,11736385866,Gayatri Girls Hostel,hostel,Accommodation,17.4948192,78.3937063,3382676375,48.373,Normal
HYD008571,8413836650,Girls Hostel,hostel,Accommodation,17.5062747,78.487566,3598283311,41.253,Normal
HYD008572,13715452781,Girls Hostel,hostel,Accommodation,17.4952131,78.3937176,3382676375,15.377,Normal
HYD008573,906975579,Girls Hostel,hostel,Accommodation,17.506275428571428,78.48752758571428,3598283311,44.543,Normal
HYD008574,10836262028,Governament Boys Hostel,hostel,Accommodation,17.3794847,78.4379697,3579908306,9.648,Normal
HYD008575,644975128,Gowthami pg boys hostel,hostel,Accommodation,17.491832825,78.38857461666667,2705355580,33.624,Normal
HYD008576,1293357386,Grand Brundavan Men's PG(Block C),hostel,Accommodation,17.419864179999998,78.38060734,13352753784,17.837,Normal
HYD008577,1293357907,Grand Brundavan Premium Men's PG,hostel,Accommodation,17.41984536,78.38035232,3602298916,15.391,Normal
HYD008578,885390372,Hanuman boys hostel,hostel,Accommodation,17.562162479999998,78.45277364,4185045037,26.341,Normal
HYD008579,4377117291,Happy Home girls hostel,hostel,Accommodation,17.4334677,78.4476376,3598257544,16.685,Normal
HYD008580,356182950,Harika men's hostel,hostel,Accommodation,17.450711899999998,78.3945877,13130552624,50.758,Normal
HYD008581,357327289,Hostel Block 1,hostel,Accommodation,17.433193940000002,78.45705652000001,12082785477,79.011,Normal
HYD008582,357327149,Hostel Block 2,hostel,Accommodation,17.43301568,78.45781389999999,3598257375,57.066,Normal
HYD008583,356460267,Hostel Block 3,hostel,Accommodation,17.43293142,78.45835853999999,3598257375,19.626,Normal
HYD008584,356460496,Hostel Block 4,hostel,Accommodation,17.43317932,78.45847916,3598257375,50.047,Normal
HYD008585,355868367,Hostel I,hostel,Accommodation,17.4673417,78.33242978000001,7637979310,14.856,Normal
HYD008586,355868489,Hostel II,hostel,Accommodation,17.467839616,78.33221231600001,3997390168,17.112,Normal
HYD008587,3247468583,I hostel,hostel,Accommodation,17.4514717,78.3148911,11507437614,13.827,Normal
HYD008588,11736399714,International hostel,hostel,Accommodation,17.4902702,78.3892953,10806707280,17.378,Normal
HYD008589,3247456264,J Hostel,hostel,Accommodation,17.4503862,78.3161951,7130031562,30.47,Normal
HYD008590,9960782550,JK womens pg hostel,hostel,Accommodation,17.5712029,78.431968,7691604041,39.908,Normal
HYD008591,256666879,JNGP Hostel,hostel,Accommodation,17.39148604814815,78.52930926666666,12841384807,36.203,Normal
HYD008592,11736391881,JNTU International Hostel,hostel,Accommodation,17.4902641,78.3893017,10806707280,18.305,Normal
HYD008593,3724779904,JVR Velama Hostel,hostel,Accommodation,17.4040577,78.4822892,3612570538,35.425,Normal
HYD008594,8386269322,Jayashree women's hostel,hostel,Accommodation,17.4369939,78.4624476,3598258818,19.672,Normal
HYD008595,7113730486,Jntu,hostel,Accommodation,17.4946328,78.3953281,350457190,14.046,Normal
HYD008596,13715452782,Jntu Guest House,hostel,Accommodation,17.4958963,78.3941531,1427603936,17.421,Normal
HYD008597,3247468579,K Hostel,hostel,Accommodation,17.4494436,78.3163813,7130031553,18.358,Normal
HYD008598,7244480677,KL reddy boys hostel,hostel,Accommodation,17.3942905,78.4359597,1312714964,21.126,Normal
HYD008599,7246803475,Kalpana women's hostel,hostel,Accommodation,17.3947062,78.4350991,1312714966,11.084,Normal
HYD008600,10277113909,Kanaka Durga Hostel,hostel,Accommodation,17.4444891,78.4417672,3598261229,21.769,Normal
HYD008601,7244127018,Karthikeya,hostel,Accommodation,17.4935241,78.4011983,1428985377,15.175,Normal
HYD008602,13287712044,Kartik's Elite PG For Men,hostel,Accommodation,17.4506809,78.370184,1299834157,12.088,Normal
HYD008603,11736388697,Kinnera Hostel,hostel,Accommodation,17.4902198,78.3885168,10806707276,34.205,Normal
HYD008604,11736399713,Kinnera boys hostel,hostel,Accommodation,17.490309,78.3885508,10806707276,23.648,Normal
HYD008605,9276074469,Krishna Bhavan,hostel,Accommodation,17.5427839,78.5737978,2684820239,18.042,Normal
HYD008606,13715414726,Krishna Boys Hostel,hostel,Accommodation,17.49137,78.3889978,760461430,14.359,Normal
HYD008607,722933285,Ladies Hostel 9,hostel,Accommodation,17.447642272549025,78.31662296078434,7646135776,39.749,Normal
HYD008608,4631127992,Ladies Hostel-7(LH-7),hostel,Accommodation,17.4508564,78.3146581,11507543188,29.739,Normal
HYD008609,1465001567,Laksh triveni mens executive hostel,hostel,Accommodation,17.4303309,78.32655723333333,13436988927,11.957,Normal
HYD008610,5197819139,Lakshmi Hostel,hostel,Accommodation,17.4930233,78.3994397,2786995853,35.954,Normal
HYD008611,7527833518,Laxmi Boys Delux Hostel,hostel,Accommodation,17.3486879,78.5096825,13310666734,20.672,Normal
HYD008612,7025820894,Laxmi Hostel for Women,hostel,Accommodation,17.4418516,78.3910396,3382677459,29.177,Normal
HYD008613,10171328856,Laxmi Srinivasa Mens PG,hostel,Accommodation,17.4508027,78.3940007,1323542812,24.949,Normal
HYD008614,6850830343,Live Inn Men's Hostel,hostel,Accommodation,17.4246963,78.4519356,12203629395,17.648,Normal
HYD008615,7021303653,Lotus Grand Pg for Women,hostel,Accommodation,17.4432799,78.3860045,12082525108,27.433,Normal
HYD008616,6235740385,M S R Ladies Luxury Hostel,hostel,Accommodation,17.4861744,78.3872528,2249764847,32.954,Normal
HYD008617,356483881,MDI home,hostel,Accommodation,17.384701200000002,78.46480968461537,3612562131,43.211,Normal
HYD008618,13611083555,Mahadev Boys Hostel,hostel,Accommodation,17.5628966,78.4509727,13611083557,32.236,Normal
HYD008619,1484487698,Mahadev Boys Hostel,hostel,Accommodation,17.5629281,78.4509681,13611083557,34.55,Normal
HYD008620,6371369939,Mahalakshmi Boys Hostel,hostel,Accommodation,17.4939017,78.3972683,3602320801,10.587,Normal
HYD008621,6371404749,Mahalakshmi Boys Hostel,hostel,Accommodation,17.4936519,78.3971395,3642114505,9.851,Normal
HYD008622,6371372167,Mahalakshmi Girls Hostel,hostel,Accommodation,17.4938537,78.3973564,3602320801,18.07,Normal
HYD008623,251904218,Mahalaqa Bai Chanda Hostel,hostel,Accommodation,17.42391566,78.5246258,2582055392,31.449,Normal
HYD008624,7959309537,Maneru Hostel,hostel,Accommodation,17.4123385,78.5417729,7679038202,84.952,Normal
HYD008625,13965391462,Manish Reddy Mens PG,hostel,Accommodation,17.4256004,78.3281896,10617653741,2.315,Normal
HYD008626,11736399712,Manjeera Boys hostel,hostel,Accommodation,17.4908156,78.3881236,2705355577,16.615,Normal
HYD008627,6936780959,Maruthi Girls Hostel,hostel,Accommodation,17.4935507,78.399237,2786995855,11.374,Normal
HYD008628,13965391461,Marvel Ladies PG,hostel,Accommodation,17.4261063,78.3283195,10617653740,12.778,Normal
HYD008629,9276074472,Meera Bhavan,hostel,Accommodation,17.541636,78.5739944,2684820234,15.425,Normal
HYD008630,4601534091,Men's Hostel- L(MH-L),hostel,Accommodation,17.4501728,78.3146497,7646135770,41.652,Normal
HYD008631,4601570690,Men's Hostel-I (MH-I),hostel,Accommodation,17.4489145,78.3150462,7646135774,43.387,Normal
HYD008632,776426336,Mens Hostel,hostel,Accommodation,17.370648160000002,78.5243888,2245836050,34.215,Normal
HYD008633,4330530693,My hostel,hostel,Accommodation,17.4927603,78.3990024,3182362519,8.286,Normal
HYD008634,7021303760,NEST Hospitalities,hostel,Accommodation,17.4470015,78.3873526,3602305519,11.574,Normal
HYD008635,7959309538,NEW GODAVARI HOSTEL,hostel,Accommodation,17.4133388,78.5341278,7959309564,26.073,Normal
HYD008636,7035236552,NR Women's Hostel,hostel,Accommodation,17.4394711,78.3867605,352765170,31.765,Normal
HYD008637,7025820801,Nagarjuna Mens Deluxe hostel,hostel,Accommodation,17.4463654,78.3901949,6998058149,9.396,Normal
HYD008638,1427506912,Nandu Men's PG,hostel,Accommodation,17.41802058,78.38157664,13982790906,13.005,Normal
HYD008639,3390939581,Narayana Hostel,hostel,Accommodation,17.4979624,78.4141599,3602322702,25.758,Normal
HYD008640,2412757404,Narayana Junior College Hostel,hostel,Accommodation,17.3718183,78.5406932,11380743560,29.278,Normal
HYD008641,7244127017,Narayana boys hostel,hostel,Accommodation,17.49326,78.400561,1428985372,21.757,Normal
HYD008642,7021303659,Nest Hostel For Women,hostel,Accommodation,17.4463444,78.3875201,3654016006,16.505,Normal
HYD008643,4376774290,New Friends Hostel,hostel,Accommodation,17.3971437,78.4806563,728906791,21.58,Normal
HYD008644,7021303651,New Star Deluxe Mens Hostel,hostel,Accommodation,17.4428001,78.3865419,352765306,17.624,Normal
HYD008645,246096079,Nilgiri,hostel,Accommodation,17.311288205882352,78.40448476470588,2531898188,33.234,Normal
HYD008646,13965391472,Niveda Homestay For Womens,hostel,Accommodation,17.4257848,78.3290652,7673571800,30.29,Normal
HYD008647,281501993,Nizam College Hostel,hostel,Accommodation,17.400856981818183,78.47421454545453,11045704144,28.755,Normal
HYD008648,6222346985,Nomad's Nest,hostel,Accommodation,17.4126013,78.4340982,3579915067,25.929,Normal
HYD008649,13611075619,PG Girls Hostel,hostel,Accommodation,17.5905717,78.4196179,2780888570,21.763,Normal
HYD008650,1484468010,PG Girls Hostel,hostel,Accommodation,17.590586539999997,78.41960940000001,2780888570,22.842,Normal
HYD008651,11736399716,PG women hostel (A1 Block),hostel,Accommodation,17.4916849,78.3922935,1242158847,34.222,Normal
HYD008652,7021303656,Padmaraga Women's Hostel,hostel,Accommodation,17.4428813,78.3856603,3602303417,16.002,Normal
HYD008653,7021303633,Paradise Womens Hostel,hostel,Accommodation,17.4424206,78.3859533,7013425684,30.971,Normal
HYD008654,7244480665,Pedhamma thalli hostel,hostel,Accommodation,17.3945422,78.4360784,11096709853,6.977,Normal
HYD008655,12617333252,Pragathi Executive MEN's PG/Hostel,hostel,Accommodation,17.4444216,78.3593381,3602303917,32.961,Normal
HYD008656,411251614,R V boys hostel,hostel,Accommodation,17.401873114285713,78.48628707142858,2847633970,15.701,Normal
HYD008657,7021303637,RR Girls PG,hostel,Accommodation,17.4425561,78.3858002,3602303417,23.175,Normal
HYD008658,7025820803,Raghavendra mens hostel,hostel,Accommodation,17.4465447,78.3906316,11533200123,25.592,Normal
HYD008659,3393691555,Rajdoot hostel,hostel,Accommodation,17.4390426,78.4386086,12639952964,14.246,Normal
HYD008660,9276074470,Ram Bhavan,hostel,Accommodation,17.5424554,78.5733472,7065632107,25.217,Normal
HYD008661,7021303648,Ravi Mens Hostel,hostel,Accommodation,17.4435974,78.3865007,6150942311,27.916,Normal
HYD008662,6847914687,Renuka Ladies Hostel,hostel,Accommodation,17.424698,78.451802,12203629394,16.979,Normal
HYD008663,1427506911,SBN Elite Hostel,hostel,Accommodation,17.41771474,78.38184192,3547296169,17.904,Normal
HYD008664,1463398564,SS Reddy Grand Deluxe Men's PG,hostel,Accommodation,17.42012644,78.38083852,13352753783,8.77,Normal
HYD008665,11873384069,SSM Boys Hostel for Medicos,hostel,Accommodation,17.4204816,78.5091849,309707251,4.769,Normal
HYD008666,7113460885,Sai,hostel,Accommodation,17.4970106,78.3913098,4208492266,19.018,Normal
HYD008667,7025820794,Sai Nandhini Womens hostel PG & Deluxe,hostel,Accommodation,17.4436789,78.3910568,7016474618,41.269,Normal
HYD008668,7025820795,Sai Tirumala Grand Womens Pg and Hostel,hostel,Accommodation,17.4437786,78.3910706,7016474618,31.752,Normal
HYD008669,7025820802,Sai mens hostel,hostel,Accommodation,17.4465487,78.3907204,11533200123,30.008,Normal
HYD008670,598057641,Sarojini Naidu Block,hostel,Accommodation,17.5939786,78.44212322,5694498221,34.964,Normal
HYD008671,7025820896,Satyalaxmi PG Mens Hostel,hostel,Accommodation,17.4417668,78.3910338,3382677459,31.315,Normal
HYD008672,4428458089,Shabarinath Hostel,hostel,Accommodation,17.4312172,78.4487589,353721811,17.708,Normal
HYD008673,5862968985,Shephares stories hostel,hostel,Accommodation,17.4170832,78.4138443,7680863236,12.262,Normal
HYD008674,7021303619,Shivamani Ladies Hostel,hostel,Accommodation,17.4430165,78.3863794,7012080630,11.655,Normal
HYD008675,6833183394,Shree Om Dormitory,hostel,Accommodation,17.4334017,78.493047,2855064063,20.111,Normal
HYD008676,356243784,Shri Maruthi Women's Hostel,hostel,Accommodation,17.4291506,78.3252123,9774168205,21.117,Normal
HYD008677,7025820789,Shri Sai Varshith Working Men's Hostel & PG,hostel,Accommodation,17.4436959,78.3927028,1323562649,12.562,Normal
HYD008678,5664316824,Silver sands mens hostel,hostel,Accommodation,17.4303303,78.3254983,2244917188,20.345,Normal
HYD008679,7021303644,Siri Deluxe Men's Hostel,hostel,Accommodation,17.4431403,78.3899679,7035042267,15.039,Normal
HYD008680,7021303646,Sirisha Working Women's Hostel,hostel,Accommodation,17.4429556,78.3915017,7013036202,17.711,Normal
HYD008681,7025820889,Sree Lakshmi Heavens Womens,hostel,Accommodation,17.440392,78.3923622,349267616,16.528,Normal
HYD008682,1123874136,Sree Venkateswara Hostel,hostel,Accommodation,17.36755395714286,78.52792927142858,6390342091,14.066,Normal
HYD008683,6247933085,Sri Aishwarya ladies hostel,hostel,Accommodation,17.4939317,78.3964637,3602320816,8.318,Normal
HYD008684,7021303613,Sri Balaji Mens Paying Guest Hostel,hostel,Accommodation,17.442252,78.3880862,12185789991,17.842,Normal
HYD008685,5037863022,Sri Bhavani Delux Hostel,hostel,Accommodation,17.4314918,78.4601713,3598257195,17.055,Normal
HYD008686,7025820797,Sri Devi women's hostel,hostel,Accommodation,17.4436474,78.3915442,1323522876,12.289,Normal
HYD008687,4774021722,Sri Krishna Boys Hostel,hostel,Accommodation,17.4356929,78.5036385,3598258259,8.309,Normal
HYD008688,13287712046,Sri Lakshmi Narasimha Women's PG,hostel,Accommodation,17.450993,78.3699007,7129905326,30.818,Normal
HYD008689,7025820870,Sri Laxmi Balaji Womens Hostel,hostel,Accommodation,17.4396893,78.3940188,10008396739,8.014,Normal
HYD008690,7021303641,Sri Nilayam Girls Hostel,hostel,Accommodation,17.4427968,78.3853026,352765056,20.834,Normal
HYD008691,4293296041,Sri Sai Girls Hostel,hostel,Accommodation,17.3368176,78.5693166,2431754005,39.788,Normal
HYD008692,7021303661,Sri Sai Vinayaka Men's PG and Hostel,hostel,Accommodation,17.4468578,78.3873343,3602305519,13.504,Normal
HYD008693,7021303660,Sri Srinivasa PG hostel,hostel,Accommodation,17.4463373,78.3880181,3602305117,12.542,Normal
HYD008694,7025820798,Sri Tirumala men's hostel,hostel,Accommodation,17.4462219,78.3906468,11533200123,14.33,Normal
HYD008695,7021303611,Sri Venkateshwara Ladies Hostel,hostel,Accommodation,17.4433723,78.3869661,6150942311,28.435,Normal
HYD008696,10280145241,Sri Venkateshwara Pg/Men's Hostel,hostel,Accommodation,17.4410291,78.3933919,7035151554,25.614,Normal
HYD008697,13287712045,Sri Venkateswara Women's PG,hostel,Accommodation,17.4508428,78.3700728,1299834157,10.171,Normal
HYD008698,356551441,Sri Vijay Hostel,hostel,Accommodation,17.367747183333332,78.52726821666666,307047887,20.804,Normal
HYD008699,7021303645,Sri Vinayaka Women's Pg And Hostel,hostel,Accommodation,17.4431331,78.3885869,1323497568,16.281,Normal
HYD008700,9917006242,Sri sai women's hostel,hostel,Accommodation,17.4507111,78.3942191,1323542812,15.51,Normal
HYD008701,7025820792,Srini Men's Hostel,hostel,Accommodation,17.4425979,78.3929188,10539836325,31.324,Normal
HYD008702,8387157880,St.pious womens hostel,hostel,Accommodation,17.4234877,78.5449997,11054393927,57.509,Normal
HYD008703,1310442326,Stanza Living Memphis House,hostel,Accommodation,17.42603236,78.3244021,2245933044,28.768,Normal
HYD008704,11290609069,StayEzy Boys Hostel,hostel,Accommodation,17.5171524,78.3717205,3547284538,18.475,Normal
HYD008705,13654905402,Stayinn Co living & Pg Hostel,hostel,Accommodation,17.4996334,78.3970448,2852294083,14.527,Normal
HYD008706,1384409246,Student Village 1,hostel,Accommodation,17.4364805,78.3419916,7655603857,22.948,Normal
HYD008707,2387260558,Student Village 2,hostel,Accommodation,17.4370141,78.3384179,7669783416,44.095,Normal
HYD008708,2387260557,Student Village 3,hostel,Accommodation,17.4339536,78.337742,3602301329,63.577,Normal
HYD008709,2387259946,Student Village 4,hostel,Accommodation,17.4333394,78.341304,12483974434,38.627,Normal
HYD008710,4987340121,Sujith PG Accommodation,hostel,Accommodation,17.4918212,78.3982129,350438733,26.963,Normal
HYD008711,7345789958,TISS Girls Hostel,hostel,Accommodation,17.3179827,78.4039581,3579900246,21.161,Normal
HYD008712,1422986150,TLR Luxury Spaces for Coliving,hostel,Accommodation,17.42084726,78.38160758,3602299264,15.402,Normal
HYD008713,3247468581,Tagore International Hostel,hostel,Accommodation,17.4513342,78.3155174,5960176880,6.58,Normal
HYD008714,2714165082,Tara Residency,hostel,Accommodation,17.4557922,78.3653201,11033699064,7.606,Normal
HYD008715,413247256,Teja Men's PG & Hostel,hostel,Accommodation,17.461337840000002,78.36584364000001,1215231847,36.159,Normal
HYD008716,7021303658,Thirumala Executive Women's Hostel,hostel,Accommodation,17.4467653,78.3875533,3602305519,22.517,Normal
HYD008717,13682585901,Thulasi Women's hostel,hostel,Accommodation,17.440614,78.3600203,2232097933,5.063,Normal
HYD008718,349321651,Tungabadra Hostel,hostel,Accommodation,17.4437377,78.40862560000001,6441975152,26.962,Normal
HYD008719,9960786479,VR Luxury Men's Hostel,hostel,Accommodation,17.4506933,78.3944549,1323542812,36.843,Normal
HYD008720,7025820659,VVN Executive Accomodation for Men,hostel,Accommodation,17.4368461,78.3882734,13361167055,15.36,Normal
HYD008721,6850830216,Veda girl's hostel,hostel,Accommodation,17.541067,78.486928,2785059493,16.619,Normal
HYD008722,6690779944,VeeraShaiva VidyaVardhak Hostel,hostel,Accommodation,17.3949805,78.4934395,308783019,19.073,Normal
HYD008723,13287712043,Venkata Lakshmi PG for Men,hostel,Accommodation,17.4504728,78.3705985,1299840538,21.647,Normal
HYD008724,7113615786,Vigneshwara ladies hostel,hostel,Accommodation,17.4969992,78.3912625,4208492266,19.851,Normal
HYD008725,7244127016,Vishnupriya,hostel,Accommodation,17.4933368,78.4007974,7244127015,10.925,Normal
HYD008726,5637731592,Yoyo paying guests,hostel,Accommodation,17.4303038,78.3253726,2244917188,28.161,Normal
HYD008727,5637699005,Yoyo rooms,hostel,Accommodation,17.4302408,78.3253557,2244917164,26.9,Normal
HYD008728,7244487840,Yuva boys hostel,hostel,Accommodation,17.3945897,78.4357664,1312714961,25.707,Normal
HYD008729,13965391456,Zen Living,hostel,Accommodation,17.4277832,78.3285028,9939289681,30.264,Normal
HYD008730,13533573297,ajay hostel,hostel,Accommodation,17.3733623,78.5203909,312810432,24.855,Normal
HYD008731,4107052791,baneni Plaza,hostel,Accommodation,17.4491877,78.4500756,3153719456,14.609,Normal
HYD008732,7002746526,bhavya womens hostel,hostel,Accommodation,17.4929607,78.3207082,3931675405,12.401,Normal
HYD008733,5877747600,boys hostel,hostel,Accommodation,17.2521134,78.3052937,2244766777,76.698,Normal
HYD008734,357051599,boys hostel,hostel,Accommodation,17.36149216,78.54325250000001,2245835507,16.249,Normal
HYD008735,5877747601,college girls hostel,hostel,Accommodation,17.2513757,78.3054246,2244766735,77.026,Normal
HYD008736,4415288811,gouda hostel,hostel,Accommodation,17.4024891,78.4869182,315057056,41.609,Normal
HYD008737,7244265317,gudiya hostel,hostel,Accommodation,17.3664569,78.5226276,2243963113,12.764,Normal
HYD008738,4305666399,mallareddy women's hostel,hostel,Accommodation,17.5608201,78.4525786,11572464558,30.215,Normal
HYD008739,7243980107,muktha sri ladies hostel,hostel,Accommodation,17.4397923,78.3592575,3602302751,21.451,Normal
HYD008740,9369441826,narayana,hostel,Accommodation,17.5138091,78.3395102,11896348006,23.869,Normal
HYD008741,7244127024,narayana boys hostel,hostel,Accommodation,17.4970177,78.3950597,7172046269,17.616,Normal
HYD008742,7244265295,padmavathi ladies hostel,hostel,Accommodation,17.3675902,78.5226349,2243963417,18.918,Normal
HYD008743,9960782551,queens accommodation,hostel,Accommodation,17.5709658,78.4319521,12396178554,21.656,Normal
HYD008744,265629815,ram reddy boys hostel,hostel,Accommodation,17.41139194,78.48851583999999,308938341,21.477,Normal
HYD008745,13685735604,renuka girls hostel,hostel,Accommodation,17.3642568,78.5444082,12198838179,20.069,Normal
HYD008746,7244075560,sai kamala hostel,hostel,Accommodation,17.366627,78.522039,7244033595,10.159,Normal
HYD008747,5839326685,shramika nagar dr. as rao nagar,hostel,Accommodation,17.4734046,78.5577717,2225436930,14.371,Normal
HYD008748,776411929,sree sai ladies hostel,hostel,Accommodation,17.45537402,78.66018912000001,3598312307,30.599,Normal
HYD008749,7246517947,sreeharsha deluxe mess,hostel,Accommodation,17.4865619,78.3916992,3602316300,15.765,Normal
HYD008750,7244119466,sri datta ladies hostel,hostel,Accommodation,17.3656544,78.5207917,7244119465,18.077,Normal
HYD008751,13685227443,sri lekha boys hostel,hostel,Accommodation,17.3651012,78.5445108,1596321554,37.243,Normal
HYD008752,7244113145,sri sai hostel,hostel,Accommodation,17.3666584,78.5221727,7244033595,5.528,Normal
HYD008753,7244033596,sri sairam girls and working womens hostel,hostel,Accommodation,17.3667576,78.5220698,7244033595,11.1,Normal
HYD008754,7244033617,sri venkateshwara boys hostel,hostel,Accommodation,17.3668948,78.5219477,2243963245,18.622,Normal
HYD008755,6370643447,sri vijaya laxmi,hostel,Accommodation,17.4405714,78.4414623,351846101,11.074,Normal
HYD008756,356465485,sri vijaya laxmi,hostel,Accommodation,17.4405718,78.44147208,351846101,11.189,Normal
HYD008757,4413152891,stay inn boys hostel,hostel,Accommodation,17.4044527,78.4884838,3612570794,14.049,Normal
HYD008758,7244487841,uma reddy girls hostel,hostel,Accommodation,17.3946717,78.4361946,11096709854,8.628,Normal
HYD008759,6371399905,veena,hostel,Accommodation,17.4938214,78.3974079,3602320801,23.706,Normal
HYD008760,717881365,"veera empire,Ishthara premier",hostel,Accommodation,17.449871199999997,78.35787974,6518075055,7.657,Normal
HYD008761,7244127023,vishnupriya,hostel,Accommodation,17.496912,78.3952537,7172046269,37.054,Normal
HYD008762,7244246333,womens hostel,hostel,Accommodation,17.3701831,78.5237842,312810322,23.162,Normal
HYD008763,10277933507,Abhi tiffins,hotel,Accommodation,17.4921401,78.4088075,1428964099,19.699,Normal
HYD008764,4576325297,Abhinand Grand Hotel and Restaurant,hotel,Accommodation,17.3530904,78.5553419,11827866632,18.035,Normal
HYD008765,381555868,Aditya Hometel,hotel,Accommodation,17.4381698,78.4484662,3598259101,26.829,Normal
HYD008766,5405053468,Aditya Inn,hotel,Accommodation,17.4431294,78.354436,2212506146,17.711,Normal
HYD008767,5405058153,Aditya inn,hotel,Accommodation,17.443152,78.3545533,2212506146,12.828,Normal
HYD008768,13685883926,Ambika hotel,hotel,Accommodation,17.3614856,78.5449959,3612552262,26.841,Normal
HYD008769,453580279,Amrutha Castle,hotel,Accommodation,17.4075442,78.4688643,2192962633,17.39,Normal
HYD008770,7244140130,Anand Hotel,hotel,Accommodation,17.5290797,78.2651326,2763873979,13.489,Normal
HYD008771,6185264885,Animals Hotel,hotel,Accommodation,17.4063853,78.4650434,289903729,14.322,Normal
HYD008772,7244487816,Apoorva mess,hotel,Accommodation,17.3946565,78.437719,12201373354,14.869,Normal
HYD008773,11804913669,Apsara hotel,hotel,Accommodation,17.3894012,78.4726316,2847561235,17.249,Normal
HYD008774,4187308294,Asian Rest Home,hotel,Accommodation,17.391091,78.4678009,8348426908,0.977,Normal
HYD008775,356541071,Avasa,hotel,Accommodation,17.446869780000004,78.38367546,11041716342,27.751,Normal
HYD008776,1174153891,Baseraa,hotel,Accommodation,17.4413193,78.5001715,3598260006,18.449,Normal
HYD008777,116019045,Best Western Ashoka,hotel,Accommodation,17.40418454285714,78.46543007142859,12088648991,19.246,Normal
HYD008778,722869047,Bismillah hotel,hotel,Accommodation,17.3816302,78.50224239999999,2240855372,9.919,Normal
HYD008779,13285248853,Bloom Hotel DLF Road,hotel,Accommodation,17.4476532,78.3625937,11032160152,15.805,Normal
HYD008780,3207060593,Blue Petal,hotel,Accommodation,17.4980909,78.3910072,3164175023,17.684,Normal
HYD008781,9605300291,Brundavanam Hotel,hotel,Accommodation,17.4839186,78.3164631,6929572431,15.8,Normal
HYD008782,13965391445,Casa,hotel,Accommodation,17.4262305,78.3296498,7673661575,16.095,Normal
HYD008783,889619704,Casa Luxurio,hotel,Accommodation,17.4207186,78.4437788,11039609092,9.783,Normal
HYD008784,13965391446,Ceasta,hotel,Accommodation,17.4261809,78.3298577,7673661575,23.593,Normal
HYD008785,13285248848,Clarion Hotel,hotel,Accommodation,17.4480952,78.3610457,13351216696,22.633,Normal
HYD008786,8387042812,Club View,hotel,Accommodation,17.4540351,78.4988165,3598265014,41.224,Normal
HYD008787,356229587,Club Villa,hotel,Accommodation,17.389813185714285,78.31720244285714,2246173110,25.301,Normal
HYD008788,356257006,Club Villa,hotel,Accommodation,17.389939033333334,78.31720187777779,9770122966,33.931,Normal
HYD008789,966236050,Club Villa,hotel,Accommodation,17.389680966666667,78.31719379999998,2246173110,19.076,Normal
HYD008790,314061509,Courtyard Hyderabad,hotel,Accommodation,17.423524179999998,78.48779369,3200994961,22.545,Normal
HYD008791,7025820747,Devi Homes,hotel,Accommodation,17.4408229,78.3879918,6994553881,9.554,Normal
HYD008792,7248877408,Dibbarotti,hotel,Accommodation,17.4093603,78.3946139,13927993906,10.027,Normal
HYD008793,5405053469,Dinner's pavilion,hotel,Accommodation,17.4427388,78.3553139,7655603814,34.485,Normal
HYD008794,6653388786,Dolphin Curries,hotel,Accommodation,17.4944322,78.3213661,3931895545,26.963,Normal
HYD008795,356257005,Duplex Villa,hotel,Accommodation,17.390185771428573,78.31711637142857,9770122966,49.692,Normal
HYD008796,342258075,Ellaa Hotel,hotel,Accommodation,17.44196926,78.34439327999999,1302043448,34.439,Normal
HYD008797,3372041137,Fairfield by Marriot,hotel,Accommodation,17.4237766,78.3474286,11171113578,21.612,Normal
HYD008798,813571069,Fortune Select Manohar,hotel,Accommodation,17.4444673,78.4711656,11032060337,7.117,Normal
HYD008799,6251490886,Gandhi Bhavan Hotel,hotel,Accommodation,17.3791827,78.4747354,2178294806,20.787,Normal
HYD008800,7246579315,Gayathri Hotel,hotel,Accommodation,17.4013223,78.5624786,571153822,8.27,Normal
HYD008801,13965391451,Grand Continent,hotel,Accommodation,17.4266608,78.3295403,9939289674,21.87,Normal
HYD008802,726251475,Green Casserole,hotel,Accommodation,17.3937827,78.4704939,726251475,0.0,Normal
HYD008803,356229702,Green Wood Villa,hotel,Accommodation,17.39020706,78.31614808,8562345994,39.788,Normal
HYD008804,356230029,Green Wood Villa,hotel,Accommodation,17.390070880000003,78.31608102,8933335686,53.256,Normal
HYD008805,356230189,Green Wood Villa,hotel,Accommodation,17.389934077777777,78.31605521111112,8933335686,37.824,Normal
HYD008806,965955927,Green Wood Villa,hotel,Accommodation,17.390310919999997,78.3162158,8562345994,28.025,Normal
HYD008807,233524572,Greenpark Hotel,hotel,Accommodation,17.43631361666666,78.45369413333333,13299559019,26.509,Normal
HYD008808,776683622,H-Square,hotel,Accommodation,17.392378119999996,78.55849854,11828134470,29.741,Normal
HYD008809,115152401,Hampshire Plaza Hotel,hotel,Accommodation,17.40522368,78.4646059,513021120,24.108,Normal
HYD008810,1152313422,Holiday Inn Express Hyderabad HITEC City,hotel,Accommodation,17.447473542857143,78.37320505714287,11187258395,22.294,Normal
HYD008811,10279582841,Hotel A-1 Biryani,hotel,Accommodation,17.4245763,78.4542203,3598255397,21.196,Normal
HYD008812,570226384,Hotel Abode,hotel,Accommodation,17.40529164,78.46510751999999,3612571057,21.059,Normal
HYD008813,10279582842,Hotel Agra Sweets and Tiffins,hotel,Accommodation,17.4245522,78.4540853,3598255397,15.153,Normal
HYD008814,6209967185,Hotel Alekhya Residency,hotel,Accommodation,17.4065018,78.4651073,11846405538,21.174,Normal
HYD008815,5358760922,Hotel Caspia Pro Banjara Hills,hotel,Accommodation,17.417216,78.4538643,354650935,20.06,Normal
HYD008816,122090486,Hotel Daspalla,hotel,Accommodation,17.437047973684205,78.39857183157896,6755696340,17.412,Normal
HYD008817,115153444,Hotel Dwaraka,hotel,Accommodation,17.405446930000004,78.46406566,11971321003,28.309,Normal
HYD008818,513019039,Hotel Golkonda,hotel,Accommodation,17.404432,78.4536723,309713887,37.209,Normal
HYD008819,6847914854,Hotel Grandeur,hotel,Accommodation,17.432476,78.445994,353721853,9.571,Normal
HYD008820,356275640,Hotel Halycon Jubilee,hotel,Accommodation,17.435497939999998,78.40741326,1578599749,36.291,Normal
HYD008821,10279728118,Hotel Harsha Mess,hotel,Accommodation,17.4384028,78.4428706,1752932122,26.388,Normal
HYD008822,5285761221,Hotel Hill Park Inn,hotel,Accommodation,17.4024961,78.4620102,4343145638,23.707,Normal
HYD008823,5578141621,Hotel Hyderabad heights lodging,hotel,Accommodation,17.4037334,78.4531059,309713926,15.532,Normal
HYD008824,2052650400,Hotel Katriya Fortune,hotel,Accommodation,17.4247273,78.4595863,3598255344,43.269,Normal
HYD008825,1885687332,Hotel Kens,hotel,Accommodation,17.4286758,78.4387661,3602300519,20.745,Normal
HYD008826,10279582824,Hotel Madhura Tiffins,hotel,Accommodation,17.424558,78.4548908,13299553928,15.38,Normal
HYD008827,6208269785,Hotel Nakshrata Inn,hotel,Accommodation,17.3679549,78.5399627,1602512764,24.219,Normal
HYD008828,75382183,Hotel Paigah,hotel,Accommodation,17.44394154,78.48306663999999,308960231,58.363,Normal
HYD008829,116038837,Hotel Pearl Regency,hotel,Accommodation,17.40256678,78.46311928,7713015115,16.423,Normal
HYD008830,4746790021,Hotel Royal Plaza,hotel,Accommodation,17.3902956,78.4644485,2852310412,15.681,Normal
HYD008831,5448715392,Hotel Serenity Elite,hotel,Accommodation,17.4352453,78.4072971,1578599749,40.51,Normal
HYD008832,7227672305,Hotel Siddhartha,hotel,Accommodation,17.3858176,78.4786033,11041734867,32.615,Normal
HYD008833,9914161639,Hotel Sri Rghavendra udipi veg,hotel,Accommodation,17.3327036,78.5889126,12595099885,24.572,Normal
HYD008834,13536912457,Hotel Sri Sai Dwaraka,hotel,Accommodation,17.4366028,78.5039031,3598258583,12.955,Normal
HYD008835,7025820903,Hotel Supreme Parkview,hotel,Accommodation,17.4416093,78.3903002,349267501,27.673,Normal
HYD008836,4711743690,Hotel Swagath Residency,hotel,Accommodation,17.4954309,78.3265777,2228839526,33.116,Normal
HYD008837,13285248852,Hotel Taar Tangerine,hotel,Accommodation,17.4477447,78.362415,1692848844,20.876,Normal
HYD008838,4285502929,Hotel Tanisha Jubilee,hotel,Accommodation,17.4299116,78.4180789,356322847,19.738,Normal
HYD008839,4187300593,Hotel Udipi,hotel,Accommodation,17.3915447,78.4687256,2852226583,9.382,Normal
HYD008840,570226385,Hotel Venkateswara,hotel,Accommodation,17.40484468,78.4648372,7712917001,18.475,Normal
HYD008841,5287993673,Hotel ambassador,hotel,Accommodation,17.4420158,78.4868778,3191267276,14.489,Normal
HYD008842,4178862831,Hotel balaji residency,hotel,Accommodation,17.4002376,78.489839,308783166,24.75,Normal
HYD008843,4393092590,Hotel sai pariwer,hotel,Accommodation,17.3914523,78.4937783,3612565077,17.252,Normal
HYD008844,139444432,Hyatt,hotel,Accommodation,17.41834506666667,78.34148945555555,4132325559,23.316,Normal
HYD008845,660173310,Hyderabad Mercure KCP,hotel,Accommodation,17.417698140000002,78.45666052000001,9887031932,24.245,Normal
HYD008846,7097251734,ITC Kohenur,hotel,Accommodation,17.432179,78.3849981,6749235884,21.474,Normal
HYD008847,626551445,Ibis,hotel,Accommodation,17.44757183636364,78.37883555454545,11037132272,24.852,Normal
HYD008848,9903766088,Imran Hotel,hotel,Accommodation,17.516611,78.4376166,6308390319,12.554,Normal
HYD008849,10764943854,Imran hotel,hotel,Accommodation,17.3780001,78.4501876,3612559896,17.812,Normal
HYD008850,1124093768,Indiana Cafe,hotel,Accommodation,17.35934016,78.44306342000002,3202602061,21.026,Normal
HYD008851,12198698801,Itsy Hotels Arastu Inn,hotel,Accommodation,17.3978868,78.4628501,3612567266,30.04,Normal
HYD008852,253471094,Jagadamba Hotel,hotel,Accommodation,17.41150172,78.60671210000001,2593937026,35.188,Normal
HYD008853,10279728117,Jagavi's Kritunga Restuarant,hotel,Accommodation,17.4238231,78.4536295,4180763149,34.918,Normal
HYD008854,6850830259,Jethani And Sons,hotel,Accommodation,17.4251608,78.5181431,2234501031,8.057,Normal
HYD008855,6252005485,Jewel Residency Lodge,hotel,Accommodation,17.3802824,78.4752348,2178294770,21.139,Normal
HYD008856,122091158,Jubilee Ridge,hotel,Accommodation,17.440148139999998,78.39848286,5555608923,17.158,Normal
HYD008857,10279582853,Kakatiya Mess,hotel,Accommodation,17.4335498,78.4468549,3598257603,12.072,Normal
HYD008858,1242176710,Karan Hotel,hotel,Accommodation,17.4422286,78.4909625,11041695273,12.813,Normal
HYD008859,307089927,Katriya Hotel & Towers,hotel,Accommodation,17.424704600000002,78.45941974000002,3598255341,36.269,Normal
HYD008860,3200948742,Kinara Grand,hotel,Accommodation,17.4189945,78.5409396,1779587184,40.259,Normal
HYD008861,5892276124,Kodali Suites,hotel,Accommodation,17.4624195,78.4927234,3010587661,18.737,Normal
HYD008862,1067891934,Le Méridien,hotel,Accommodation,17.449806628571427,78.36349371428571,12008722367,15.153,Normal
HYD008863,10791267068,Lemon Tree,hotel,Accommodation,17.4428902,78.3766998,6536460068,13.473,Normal
HYD008864,1152313450,Lemon Tree,hotel,Accommodation,17.44313924,78.37653268,6536460063,27.34,Normal
HYD008865,1153111207,Lemon Tree,hotel,Accommodation,17.42303798,78.33078288,12040971405,31.778,Normal
HYD008866,13536807332,Lemon Tree Hotel Banjara Hills,hotel,Accommodation,17.4119227,78.4504172,12231297630,18.747,Normal
HYD008867,148005083,Leonia Holistic Destination,hotel,Accommodation,17.581355312000003,78.60129735199999,3800937787,70.184,Normal
HYD008868,13608966401,Luxor Park,hotel,Accommodation,17.4382146,78.3897767,827285008,26.32,Normal
HYD008869,5405045514,MAHARAJA HOTEL,hotel,Accommodation,17.4387593,78.364244,13800505720,4.29,Normal
HYD008870,8233121623,Madhusudhan Reddy Hotel,hotel,Accommodation,17.4053075,78.5579815,3598398830,18.183,Normal
HYD008871,357444190,Marigold Hotel,hotel,Accommodation,17.43735589,78.45457769999999,2854489437,25.204,Normal
HYD008872,7123832163,Marriot Executive Apartments,hotel,Accommodation,17.4524815,78.3631704,13350856584,21.163,Normal
HYD008873,6847914763,Maruthi Hotel,hotel,Accommodation,17.5292776,78.2672574,2763873966,16.162,Normal
HYD008874,11484467237,Maruthi Residence,hotel,Accommodation,17.352762,78.5561168,7709635483,11.182,Normal
HYD008875,8110909003,Masthana hotel,hotel,Accommodation,17.4567421,78.4900777,12120123279,12.986,Normal
HYD008876,4487962083,Maven Suites,hotel,Accommodation,17.4335769,78.4121133,3602301314,37.544,Normal
HYD008877,6208364785,Meredian Orchid,hotel,Accommodation,17.4026776,78.4611445,11524101450,18.888,Normal
HYD008878,10279582852,Meridian Restuarant,hotel,Accommodation,17.4274254,78.4522893,1754247384,20.609,Normal
HYD008879,3538200903,My Place Hotel,hotel,Accommodation,17.4691004,78.3679467,7712350020,8.949,Normal
HYD008880,356534946,NKM's Grand Hotel,hotel,Accommodation,17.4172399,78.4556994,2178010191,20.42,Normal
HYD008881,4187283993,New Asian Lodge,hotel,Accommodation,17.3934221,78.4700066,7715821120,17.062,Normal
HYD008882,12196591940,New D Light lodge,hotel,Accommodation,17.5142924,78.4474983,3598285534,32.042,Normal
HYD008883,95972653,Novotel,hotel,Accommodation,17.472556588888885,78.37262967777777,1425963874,44.69,Normal
HYD008884,5072135241,Novotel Hyderabad Airport,hotel,Accommodation,17.2424408,78.4545943,11047594350,33.477,Normal
HYD008885,13518507400,OSSR TIFFINS AND SNACKS HOTEL,hotel,Accommodation,17.3263154,78.6050023,2802932502,8.254,Normal
HYD008886,6399883670,OYO,hotel,Accommodation,17.3922429,78.4638036,2847561331,18.637,Normal
HYD008887,11690787306,OYO,hotel,Accommodation,17.3585767,78.5457706,1596288350,24.013,Normal
HYD008888,7025820840,OYO 1117 near Jubilee Hills,hotel,Accommodation,17.43401,78.3928138,1323705715,38.503,Normal
HYD008889,6251225085,OYO 18968 Lorgan Residency,hotel,Accommodation,17.3933429,78.4714261,3612565700,6.67,Normal
HYD008890,6277838786,OYO 7707 Corp,hotel,Accommodation,17.4416045,78.3903299,349267501,28.55,Normal
HYD008891,5263372621,OYO 9707 Sravya Resdiency,hotel,Accommodation,17.4303869,78.370841,3602300777,53.036,Normal
HYD008892,7244480646,OYO Flagship,hotel,Accommodation,17.392179,78.4372621,1312715024,30.902,Normal
HYD008893,7244207468,OYO Hotel,hotel,Accommodation,17.3361067,78.5757443,14002286698,30.492,Normal
HYD008894,361366433,OYO Imax Inn,hotel,Accommodation,17.382646959999995,78.47331264,7003041695,16.361,Normal
HYD008895,4187312889,OYO Pariwar Inn Hotel,hotel,Accommodation,17.3727596,78.4754734,2461479005,14.863,Normal
HYD008896,7005553085,OYO The City Park,hotel,Accommodation,17.3917113,78.47438,308775827,17.516,Normal
HYD008897,7180511941,OYO Townhouse,hotel,Accommodation,17.4691086,78.4272833,5759759160,14.11,Normal
HYD008898,1595850788,Ohri's Baseraa Inn,hotel,Accommodation,17.4050875,78.4765247,13335718468,10.381,Normal
HYD008899,10150942413,Oyo 72504 Dunes inn,hotel,Accommodation,17.4605321,78.3542333,2090717127,9.709,Normal
HYD008900,6208445586,Oyo Hotel Rainbow Saphire,hotel,Accommodation,17.4025597,78.4624669,308532105,17.382,Normal
HYD008901,6255606661,Oyo Town House,hotel,Accommodation,17.4028242,78.4630434,7097856736,14.316,Normal
HYD008902,10279728123,Oyo Townhouse Ameerpet,hotel,Accommodation,17.4388665,78.4418022,351846591,26.766,Normal
HYD008903,5405053398,POT POURRI,hotel,Accommodation,17.442993,78.3547748,13347810927,24.599,Normal
HYD008904,7244487794,Pallavi hotel,hotel,Accommodation,17.3944984,78.4392655,308528085,20.96,Normal
HYD008905,356011585,Palm Villa,hotel,Accommodation,17.39029387777778,78.31662225555556,8562345994,54.403,Normal
HYD008906,356011587,Palm Villa,hotel,Accommodation,17.390227144444445,78.31648906666668,8562345994,48.691,Normal
HYD008907,356011588,Palm Villa,hotel,Accommodation,17.390116077777776,78.31638445555556,8562345994,53.587,Normal
HYD008908,356011589,Palm Villa,hotel,Accommodation,17.389974544444446,78.3163138,8933335685,54.695,Normal
HYD008909,966236052,Palm Villa,hotel,Accommodation,17.390257555555554,78.31694148888889,9770122966,69.807,Normal
HYD008910,966236053,Palm Villa,hotel,Accommodation,17.39030012222222,78.3167891111111,8562345994,69.611,Normal
HYD008911,4907024425,Paradise,hotel,Accommodation,17.4931834,78.4044261,6308390699,14.897,Normal
HYD008912,6218894187,Park Continental Hotel,hotel,Accommodation,17.3992892,78.4487276,2177264530,36.706,Normal
HYD008913,356262147,Park Hyatt,hotel,Accommodation,17.424863139999996,78.42953084,9733016447,37.8,Normal
HYD008914,115153870,Peppermint Hotel,hotel,Accommodation,17.40632415,78.46319218333333,7712916990,27.304,Normal
HYD008915,9684720231,Pista House,hotel,Accommodation,17.4059506,78.5558757,2236889871,16.993,Normal
HYD008916,356257014,Pool Villa,hotel,Accommodation,17.390063544444445,78.31718695555556,9770122966,37.226,Normal
HYD008917,4337927398,Purple Leaf,hotel,Accommodation,17.458973,78.5003286,3207183151,7.881,Normal
HYD008918,655152054,Quality Inn,hotel,Accommodation,17.4303895,78.3749902,7133807290,19.538,Normal
HYD008919,11361196285,RCC Hotels Majestic - LB Nagar,hotel,Accommodation,17.3408922,78.5211651,13310487835,13.853,Normal
HYD008920,7834287538,RS Grand,hotel,Accommodation,17.4970711,78.3608414,7867826788,21.958,Normal
HYD008921,5405057984,Radisson,hotel,Accommodation,17.4474048,78.3629944,11032160149,22.104,Normal
HYD008922,254795470,Radisson Blu Plaza Hotel,hotel,Accommodation,17.422205809090908,78.44140125454545,13256218569,31.755,Normal
HYD008923,10279697185,Raghavendra Hotel,hotel,Accommodation,17.3397315,78.5649814,12836584783,20.751,Normal
HYD008924,10279859272,Raghavendra Hotel,hotel,Accommodation,17.3309848,78.5701323,12462352891,14.304,Normal
HYD008925,891324476,Raj Comfort Inn,hotel,Accommodation,17.4419957,78.485717,3670021155,13.343,Normal
HYD008926,7244207474,Rajadhani Hotel,hotel,Accommodation,17.3364968,78.5796796,3207328861,13.135,Normal
HYD008927,13673869065,Rajdhani hotel,hotel,Accommodation,17.3777137,78.4749284,2178294846,22.434,Normal
HYD008928,10171328877,Raju Gari Vantillu,hotel,Accommodation,17.4473882,78.3919999,1302063229,57.892,Normal
HYD008929,10279582867,Ram-Ki-Bandi TIffins,hotel,Accommodation,17.4407917,78.4484446,3300712909,31.088,Normal
HYD008930,4747933560,Royal Plaza Hotel,hotel,Accommodation,17.3913246,78.4654418,2847561303,13.971,Normal
HYD008931,11597324717,Royal Residency,hotel,Accommodation,17.402932,78.4629554,7097856737,9.913,Normal
HYD008932,6482389487,Royal Rev Hotel,hotel,Accommodation,17.4412733,78.5004222,3598259999,18.463,Normal
HYD008933,10818098917,SVM Grand hotel,hotel,Accommodation,17.4017806,78.5453266,13344376605,35.152,Normal
HYD008934,9903766114,Sana Bawarchi,hotel,Accommodation,17.5150668,78.4469297,11527592989,16.468,Normal
HYD008935,6847914753,Sandys Cottage,hotel,Accommodation,17.477148,78.286515,2222049366,33.309,Normal
HYD008936,1060103414,Sangam Hotel,hotel,Accommodation,17.389759859999998,78.61862516000001,7655990401,17.497,Normal
HYD008937,6109303087,Santoshamma Jonna Roti,hotel,Accommodation,17.3726487,78.5107021,312820070,3.005,Normal
HYD008938,6984944485,Saptagiri,hotel,Accommodation,17.4380623,78.5001289,11989572263,15.162,Normal
HYD008939,11365562378,Shaghouse Cafe,hotel,Accommodation,17.3480136,78.4708349,2859543935,16.89,Normal
HYD008940,1225572896,Shaghouse Cafe,hotel,Accommodation,17.348018120000003,78.47082192,2859543935,15.916,Normal
HYD008941,1153101603,Sheraton Hotel,hotel,Accommodation,17.422127633333332,78.33678096666667,11033845938,16.137,Normal
HYD008942,8111113861,Sherton hotel,hotel,Accommodation,17.3914841,78.5127906,12704197614,3.631,Normal
HYD008943,4432417989,Sherton hotel.,hotel,Accommodation,17.3912153,78.5113885,3216871995,24.774,Normal
HYD008944,9903766089,Sohail Hotel,hotel,Accommodation,17.516983,78.4370421,6308390522,25.451,Normal
HYD008945,6984944486,Spot On,hotel,Accommodation,17.4386388,78.5005838,6888516460,23.512,Normal
HYD008946,534087571,Sri Krishna Residency,hotel,Accommodation,17.4419662,78.4460383,3204341060,25.591,Normal
HYD008947,10279728125,Sri Raghavendra TIffins,hotel,Accommodation,17.4370667,78.444047,12803534983,8.109,Normal
HYD008948,10279728124,Sri Raghavendra Tiffins,hotel,Accommodation,17.4385284,78.4419527,351846961,34.363,Normal
HYD008949,6222316287,Sri Venkateshwara Hotel,hotel,Accommodation,17.4047646,78.4645005,3612570855,9.071,Normal
HYD008950,5323186697,Sri brindavan hotel,hotel,Accommodation,17.3887013,78.4758551,308775820,9.967,Normal
HYD008951,4695065195,Suhail,hotel,Accommodation,17.3868773,78.4773576,3612562480,10.518,Normal
HYD008952,4350321552,Surabhi Elite,hotel,Accommodation,17.3590256,78.5452907,1596288328,33.363,Normal
HYD008953,513439529,Surya Residency,hotel,Accommodation,17.4412748,78.4484934,2403853105,19.121,Normal
HYD008954,10277918651,Swagath Grand,hotel,Accommodation,17.3281955,78.5265456,661987179,41.316,Normal
HYD008955,2431753781,Swagath Grand Hotel,hotel,Accommodation,17.3386334,78.5667455,3598383822,39.392,Normal
HYD008956,1973865054,Swagath Residency,hotel,Accommodation,17.463513,78.3674855,6149534914,32.296,Normal
HYD008957,1215253562,Swagath de Royal,hotel,Accommodation,17.4598195,78.3660069,12047387974,19.22,Normal
HYD008958,11491892654,Swan suites,hotel,Accommodation,17.4355292,78.3668371,1709116096,37.58,Normal
HYD008959,7244487803,Swathi tiffins,hotel,Accommodation,17.3943045,78.4404687,308527277,25.468,Normal
HYD008960,9914161640,Taaza Bhojanam,hotel,Accommodation,17.3319068,78.5902619,12595099882,8.173,Normal
HYD008961,453580274,Taj Banjara,hotel,Accommodation,17.4096457,78.4488565,7712480382,15.793,Normal
HYD008962,525052103,Taj Belson,hotel,Accommodation,17.4423612,78.4936495,10683593670,19.162,Normal
HYD008963,117566235,Taj Deccan,hotel,Accommodation,17.41823556363636,78.45067188181817,354650909,55.132,Normal
HYD008964,681513773,Taj Falaknuma Palace,hotel,Accommodation,17.33109718909091,78.46717565090908,7140948535,46.555,Normal
HYD008965,117565909,Taj Krishna,hotel,Accommodation,17.41614379047619,78.4501221809524,6755448999,34.989,Normal
HYD008966,636456841,Taj Mahal,hotel,Accommodation,17.3994045,78.4925404,11501895095,26.952,Normal
HYD008967,361656442,Taj Mahal Hotel,hotel,Accommodation,17.391654272727273,78.47683546363636,11140334372,34.592,Normal
HYD008968,324834915,Taj Tristar,hotel,Accommodation,17.4414402,78.4935002,12243855945,33.752,Normal
HYD008969,2051388875,Taj Vivanta,hotel,Accommodation,17.4433694,78.4607584,6442946616,30.275,Normal
HYD008970,7244251144,Taste of village,hotel,Accommodation,17.3396765,78.3667514,2246381009,26.445,Normal
HYD008971,9885108782,Tasty Tiffens,hotel,Accommodation,17.3500982,78.4732277,9885108783,11.644,Normal
HYD008972,115151983,The Central Court,hotel,Accommodation,17.404389914285716,78.46514025714285,3612570770,10.218,Normal
HYD008973,116036497,The Park,hotel,Accommodation,17.42369385,78.46217689999999,11043444400,38.701,Normal
HYD008974,13965391465,The Vantage Inn,hotel,Accommodation,17.42624,78.3287937,7673661579,11.834,Normal
HYD008975,8113828149,Tiffen center,hotel,Accommodation,17.449447,78.4463215,1498270982,20.932,Normal
HYD008976,8113828148,Tiffens center,hotel,Accommodation,17.4494832,78.4466095,1498270982,10.836,Normal
HYD008977,514822735,Tiffin center,hotel,Accommodation,17.338245620000002,78.38207252,3579901540,28.089,Normal
HYD008978,7244480655,Time to time my cafe,hotel,Accommodation,17.394889,78.4353477,308528080,18.002,Normal
HYD008979,7025820809,Treebo Hitec City,hotel,Accommodation,17.4381049,78.3889895,7016185712,24.833,Normal
HYD008980,13423220020,Treebo Pride Inn Raidurg,hotel,Accommodation,17.4200773,78.379656,3602298891,18.31,Normal
HYD008981,13965391447,Treebo Saffron Suites,hotel,Accommodation,17.4266568,78.3296387,9939289674,17.976,Normal
HYD008982,13614016601,Treebo Sapphire Bliss,hotel,Accommodation,17.4476459,78.3792605,3602305888,12.409,Normal
HYD008983,7041645585,Treebo Tryst Metropolis Hyderabad,hotel,Accommodation,17.438784,78.4998985,3598259278,14.909,Normal
HYD008984,416945180,Trident,hotel,Accommodation,17.449639655555554,78.37871085555555,3735811699,18.022,Normal
HYD008985,356160939,Trishul Grand,hotel,Accommodation,17.44063334,78.3920395,289517349,37.877,Normal
HYD008986,1067895346,UNIQUE HOMESTAYS,hotel,Accommodation,17.46259986,78.36796763999999,13361203256,16.447,Normal
HYD008987,356190827,Udupi hotel,hotel,Accommodation,17.49310022,78.41015755999999,2710765366,17.477,Normal
HYD008988,10959100978,Vara lakshmi,hotel,Accommodation,17.4412177,78.5720904,2805343590,23.667,Normal
HYD008989,2177955040,Vinflora,hotel,Accommodation,17.4295786,78.4295853,7682659535,43.522,Normal
HYD008990,89897992,Westin Hotel,hotel,Accommodation,17.44248342857143,78.38177745714286,3602303392,38.221,Normal
HYD008991,642193845,Westside Hotel,hotel,Accommodation,17.44641268,78.38130388000002,827334339,38.447,Normal
HYD008992,274796766,Yatri Niwas,hotel,Accommodation,17.442714725,78.484076025,3598260267,44.449,Normal
HYD008993,4293343299,alankitha resort,hotel,Accommodation,17.57116,78.5583574,13304429795,8.099,Normal
HYD008994,355895008,athidi,hotel,Accommodation,17.49387026,78.3522619,9708799871,32.031,Normal
HYD008995,3388975471,bheemas hotel,hotel,Accommodation,17.4833669,78.4141613,6232149082,12.529,Normal
HYD008996,1082288730,chai adda,hotel,Accommodation,17.466238800000003,78.47316254,7694096037,20.924,Normal
HYD008997,776650227,ellite,hotel,Accommodation,17.354674866666667,78.3794588,2188391599,25.554,Normal
HYD008998,7244031511,feel home hostel for womens,hotel,Accommodation,17.4910076,78.3999625,1428985363,13.619,Normal
HYD008999,10960705291,kankarao,hotel,Accommodation,17.4437407,78.5721636,3598309901,6.225,Normal
HYD009000,4371116711,mohinis,hotel,Accommodation,17.402872,78.4764075,3098746538,18.608,Normal
HYD009001,7244031522,oyo hotel,hotel,Accommodation,17.4843184,78.3992101,350438203,27.125,Normal
HYD009002,7244267484,oyo-hotel,hotel,Accommodation,17.4829067,78.3929238,668540405,14.522,Normal
HYD009003,7244256672,sankranthi,hotel,Accommodation,17.4970879,78.3619851,7867785768,23.102,Normal
HYD009004,776411860,shabana,hotel,Accommodation,17.33965054,78.3621311,3226948520,24.096,Normal
HYD009005,357051627,sree banquets,hotel,Accommodation,17.3601533,78.54384774,13366696885,22.234,Normal
HYD009006,7244031510,sri sai womens hostel,hotel,Accommodation,17.4882482,78.3963055,3602316884,31.8,Normal
HYD009007,7008096299,srilakshmi carry point,hotel,Accommodation,17.4079586,78.3931031,10107630354,21.561,Normal
HYD009008,4293343298,summer green resort,hotel,Accommodation,17.5714417,78.5556724,4283677268,34.095,Normal
HYD009009,2705349157,swagath grand,hotel,Accommodation,17.4767261,78.5638259,9713035758,19.867,Normal
HYD009010,6982434587,trend Hotels treebo Fort Club,hotel,Accommodation,17.3704572,78.4243723,3579906490,29.475,Normal
HYD009011,11696671105,vaishnavi hotel,hotel,Accommodation,17.3609019,78.5449042,13366559870,8.111,Normal
HYD009012,5022211026,الحوش,hotel,Accommodation,17.4043579,78.4558895,7712916899,10.773,Normal
HYD009014,7135117042,Signora Ware,houseware,Shopping,17.4033401,78.391042,1534914409,7.261,Normal
HYD009015,11691037513,ARUN ICE CREAMS,ice_cream,Food,17.4731132,78.55068,2232017811,31.268,Normal
HYD009016,13415039402,Amul Ice Cream Parlor,ice_cream,Food,17.4176249,78.5192737,309707392,30.682,Normal
HYD009017,6822126562,Amul Ice cream,ice_cream,Food,17.424538,78.4518194,12203629394,34.666,Normal
HYD009018,5386221222,"Amul, gp ice cream parlour",ice_cream,Food,17.4001683,78.4569645,2854815153,20.995,Normal
HYD009019,8389259130,Arun Icecreams,ice_cream,Food,17.4966904,78.4533459,2786981632,10.344,Normal
HYD009020,6248864085,Arun ice cream parlour,ice_cream,Food,17.495003,78.3971124,350457022,20.978,Normal
HYD009021,6267325685,Baskin Robbins,ice_cream,Food,17.4027474,78.4605871,2177311057,21.508,Normal
HYD009022,4769501690,Baskin-Robbins,ice_cream,Food,17.4137073,78.4071231,3195067866,22.522,Normal
HYD009023,13033145526,Baskin-Robbins,ice_cream,Food,17.4601321,78.2860897,4175348931,14.678,Normal
HYD009024,10584667960,Bilal Ice Cream,ice_cream,Food,17.3842782,78.4749046,2178294857,21.74,Normal
HYD009025,8387042817,Bombay Kulfi,ice_cream,Food,17.4548974,78.5027267,2225281783,15.16,Normal
HYD009026,5405056432,Choclate room,ice_cream,Food,17.4415787,78.3580621,1753608432,28.546,Normal
HYD009027,4755217232,Cream Stone,ice_cream,Food,17.4957251,78.3329733,1705548552,33.709,Normal
HYD009028,7035236530,Cream Stone,ice_cream,Food,17.4343724,78.3863769,3602301600,61.126,Normal
HYD009029,5405056141,Cream stone,ice_cream,Food,17.4428929,78.3554372,4729118789,32.802,Normal
HYD009030,14063278754,CreamStone - Next Galleria Mall,ice_cream,Food,17.4288981,78.4504284,5956936309,13.882,Normal
HYD009031,12972335839,Creamstone,ice_cream,Food,17.4574939,78.3720312,11135455840,24.578,Normal
HYD009032,7015719475,Dolphin juice 'n ice cream,ice_cream,Food,17.4482593,78.6347853,7577102601,55.964,Normal
HYD009033,7246812298,E mug ice cream parlour,ice_cream,Food,17.3930025,78.4389934,1312714944,27.834,Normal
HYD009034,5405055302,Eskimos,ice_cream,Food,17.4417124,78.3579309,1753608432,10.37,Normal
HYD009035,6822126480,Every Day Ice Cream,ice_cream,Food,17.464081,78.451165,3148645701,22.823,Normal
HYD009036,7039571989,Famous Ice Cream,ice_cream,Food,17.384359,78.4747662,3167994446,16.343,Normal
HYD009037,6219049185,Havmor,ice_cream,Food,17.3951187,78.4657045,7713015123,28.428,Normal
HYD009038,5431070023,Havmor Ice Cream,ice_cream,Food,17.3600731,78.4722873,1309450733,14.809,Normal
HYD009039,5892276127,Ibaco,ice_cream,Food,17.466772,78.4938107,1339465993,11.676,Normal
HYD009040,6651444886,Ibaco,ice_cream,Food,17.4974576,78.3358977,9684884090,27.872,Normal
HYD009041,7246516892,Ibaco,ice_cream,Food,17.4931891,78.4040938,6308390696,14.695,Normal
HYD009042,12541968001,Ibaco,ice_cream,Food,17.5225527,78.3960542,2237525016,19.346,Normal
HYD009043,13673530305,Ice - Cream parlor,ice_cream,Food,17.3760285,78.4695973,13266373985,1.04,Normal
HYD009044,6837577293,Ice Cream Parlour,ice_cream,Food,17.477247,78.286246,3472588059,21.529,Normal
HYD009045,4515082116,Kwality Walls,ice_cream,Food,17.4580725,78.371588,12992046226,15.041,Normal
HYD009046,7244029372,Lassi Spot,ice_cream,Food,17.4085949,78.3944276,2795871717,18.095,Normal
HYD009047,8113828152,Lassi corner,ice_cream,Food,17.4465792,78.4470935,1498261588,37.448,Normal
HYD009048,840124327,Masqati Ice Cream Parlour & Food Court,ice_cream,Food,17.36156872,78.4753391,4203989112,13.556,Normal
HYD009049,9768799956,Masqati Parlour,ice_cream,Food,17.2819518,78.5878732,3614583707,75.288,Normal
HYD009050,9956971795,Masqati ice cream,ice_cream,Food,17.434434,78.3684071,1304487242,20.827,Normal
HYD009051,5215853462,Naturals,ice_cream,Food,17.438569,78.3992127,3164043301,16.125,Normal
HYD009052,7113998091,Naturals,ice_cream,Food,17.438583,78.3992291,3207184247,15.688,Normal
HYD009053,6822126585,New Joy Ice Creams And Mustafa sweets,ice_cream,Food,17.3910338,78.4271155,3579910417,36.621,Normal
HYD009054,5892276139,Oh so stoned,ice_cream,Food,17.4589185,78.5003757,3207183151,15.353,Normal
HYD009055,6390378854,Oye Lassi,ice_cream,Food,17.3641581,78.5265116,307047880,10.509,Normal
HYD009056,5515637840,Quality walls,ice_cream,Food,17.4414221,78.3806922,3602303109,28.409,Normal
HYD009057,6653388886,S S Ice cream Parlour,ice_cream,Food,17.4947818,78.3213992,4169678451,15.193,Normal
HYD009058,6371886380,Scoops,ice_cream,Food,17.4059449,78.5869364,7716299120,15.579,Normal
HYD009059,14058678300,Scoops,ice_cream,Food,17.3915106,78.6081238,3598394387,14.053,Normal
HYD009060,6660275664,Scoops Ice Cream Parlour,ice_cream,Food,17.4233066,78.5138321,7677347745,12.542,Normal
HYD009061,9914161643,Scoops Ice cream Parlour,ice_cream,Food,17.3313325,78.5883686,2724686914,10.836,Normal
HYD009062,8921450265,Snowdrops,ice_cream,Food,17.3694328,78.5336678,1598136819,20.034,Normal
HYD009063,7025820787,Sumeet Chat Bhandar and Ice Cream Parlour,ice_cream,Food,17.4448679,78.3924758,7028056158,13.67,Normal
HYD009064,6822126655,Yummies,ice_cream,Food,17.4413694,78.4400806,11478093430,35.303,Normal
HYD009065,9370052906,cream chemistry,ice_cream,Food,17.4782491,78.5624382,2225461236,15.414,Normal
HYD009066,11690771248,creamstone,ice_cream,Food,17.3582891,78.5445086,2422989112,29.431,Normal
HYD009067,13673566720,heritage ice cream,ice_cream,Food,17.5014425,78.4290144,2028565822,12.375,Normal
HYD009068,6372314271,masqati dairy,ice_cream,Food,17.3765516,78.5409907,1952160029,12.397,Normal
HYD009069,11696711022,scoops ice cream,ice_cream,Food,17.3612222,78.5443943,1340809939,15.257,Normal
HYD009100,312366145,Pedestrian Refuge,islet,Nature & Outdoors,17.451395325,78.486461225,3218380347,5.973,Normal
HYD009101,312366146,Pedestrian Refuge,islet,Nature & Outdoors,17.451212220000002,78.48637374,1866937017,5.485,Normal
HYD009102,312385750,Pedestrian Refuge,islet,Nature & Outdoors,17.388841359999997,78.47647428,3158868855,13.24,Normal
HYD009103,312531907,Pedestrian Refuge,islet,Nature & Outdoors,17.368674780000003,78.46890512,3791315000,15.949,Normal
HYD009104,312363180,Pedestrian island,islet,Nature & Outdoors,17.44334412,78.47743433999999,1779447583,7.933,Normal
HYD009105,314523777,pedestrian refuge,islet,Nature & Outdoors,17.36868975,78.475985825,3791314997,4.276,Normal
HYD009106,314807907,pedestrian refuge,islet,Nature & Outdoors,17.40103456666667,78.47536191666667,3146936761,4.938,Normal
HYD009107,9918355394,A to z,jewelry,Shopping,17.5103923,78.426286,2852309032,18.272,Normal
HYD009108,11690887887,Aai Mata jewellers,jewelry,Shopping,17.4743707,78.5511664,2225283787,27.625,Normal
HYD009109,6850830253,Aashapuri Jewellers,jewelry,Shopping,17.365923,78.5521207,1596680187,25.282,Normal
HYD009110,13670896144,Anu Jewellers,jewelry,Shopping,17.5242652,78.3951256,3602333835,24.213,Normal
HYD009111,6865920686,Anutex,jewelry,Shopping,17.4238874,78.5461472,2236749108,13.139,Normal
HYD009112,8387021470,Arihant jewellers,jewelry,Shopping,17.4076073,78.4944575,3612572266,12.054,Normal
HYD009113,3010475782,Boorugu Jewellers,jewelry,Shopping,17.4442649,78.4684028,4614442661,14.608,Normal
HYD009114,4915905884,CMR Jewelers,jewelry,Shopping,17.4284681,78.4548517,3467755621,35.19,Normal
HYD009115,10280159832,Carat Lane,jewelry,Shopping,17.4286292,78.4532047,2857325739,21.825,Normal
HYD009116,10279842269,Devi Jewellers,jewelry,Shopping,17.4352098,78.4512596,289520297,13.014,Normal
HYD009117,6822126515,Devisree jewellers,jewelry,Shopping,17.469515,78.426946,13033588664,8.935,Normal
HYD009118,6822126564,Diamond jewellery wholesale and retail,jewelry,Shopping,17.432647,78.427312,354243502,33.159,Normal
HYD009119,13673486436,Dilip jewellers,jewelry,Shopping,17.5082576,78.429168,2852308083,10.306,Normal
HYD009120,14107474774,Eleve Diamonds,jewelry,Shopping,17.4542525,78.4976722,3164315909,23.789,Normal
HYD009121,11773916551,Emmadi Silver Jewelry,jewelry,Shopping,17.4913295,78.4075692,7097540941,33.752,Normal
HYD009122,4681602793,GRT Jewellers,jewelry,Shopping,17.4956193,78.332487,1705548552,29.707,Normal
HYD009123,3388923542,Ganga Jewellers,jewelry,Shopping,17.4941207,78.4018031,13579713375,18.006,Normal
HYD009124,13673515316,Gold and silver jewlery store,jewelry,Shopping,17.3716805,78.4698299,11242873928,8.477,Normal
HYD009125,6822126539,Hasya Priya Collections,jewelry,Shopping,17.4651365,78.4275926,3670022608,13.132,Normal
HYD009126,12696268441,Heerabhai Jewellers,jewelry,Shopping,17.3988693,78.4473405,11733691932,19.959,Normal
HYD009127,9961202524,Jai hanuman jewellery shop,jewelry,Shopping,17.4061098,78.6003491,3598399202,17.48,Normal
HYD009128,1435322779,Jain,jewelry,Shopping,17.4512113,78.5330022,7710171921,12.074,Normal
HYD009129,3388911679,Jewel Palace,jewelry,Shopping,17.4940433,78.40195,13579713375,14.256,Normal
HYD009130,6255308285,Joyalukkas,jewelry,Shopping,17.4963708,78.396876,7436647886,22.835,Normal
HYD009131,11774365335,Joyalukkas,jewelry,Shopping,17.3556475,78.4730694,312796824,35.116,Normal
HYD009132,733208907,Joyalukkas,jewelry,Shopping,17.4277503,78.45339088333334,1780121764,12.315,Normal
HYD009133,11690828476,KAMAL jewellers,jewelry,Shopping,17.4736645,78.5509356,4021573411,16.829,Normal
HYD009134,10280159826,Kalyan Jewellers,jewelry,Shopping,17.4274909,78.4531587,289519026,28.824,Normal
HYD009135,11774365336,Kalyan Jewellers,jewelry,Shopping,17.3557318,78.4730674,9605237103,26.983,Normal
HYD009136,4915906221,Khazan Jewelry,jewelry,Shopping,17.4285738,78.4550762,289510337,25.339,Normal
HYD009137,6273891085,Khazana,jewelry,Shopping,17.4948972,78.398205,1989047042,39.438,Normal
HYD009138,7246834923,Khazana jewellers,jewelry,Shopping,17.3686596,78.5315256,3612554674,8.786,Normal
HYD009139,7035236536,Krishna Jewellers Pearls & Gems,jewelry,Shopping,17.4347076,78.3868021,13313072583,51.815,Normal
HYD009140,13532195620,Kushals,jewelry,Shopping,17.4292016,78.4548724,2590019121,31.854,Normal
HYD009141,6212822488,Lalitha Jewellers,jewelry,Shopping,17.4290618,78.4546857,1779040762,24.188,Normal
HYD009142,7113994985,Mahaveer jewellers,jewelry,Shopping,17.4321512,78.4260156,354243449,20.806,Normal
HYD009143,758923503,Malabar Gold,jewelry,Shopping,17.418906383333333,78.54102273333332,2234499955,30.114,Normal
HYD009144,4665332404,Malabar Gold and Diamonds,jewelry,Shopping,17.4955135,78.3320003,1705549172,24.643,Normal
HYD009145,6247960685,Malabar Gold and Diamonds,jewelry,Shopping,17.4953518,78.3971373,350444616,11.38,Normal
HYD009146,6261771355,Malabar Gold and Diamonds,jewelry,Shopping,17.495018,78.3978586,1428985384,16.272,Normal
HYD009147,7244487787,Malabar gold and diamonds,jewelry,Shopping,17.3944097,78.4416405,2859817695,19.473,Normal
HYD009148,5942781128,Mangatrai,jewelry,Shopping,17.4466298,78.3843137,11817694791,24.719,Normal
HYD009149,6248946490,Mangatrai,jewelry,Shopping,17.4338372,78.4055465,5675269238,28.376,Normal
HYD009150,7021303707,Mangatrai Jewelary,jewelry,Shopping,17.4336986,78.4057656,5675269238,25.416,Normal
HYD009151,1779441446,Mangatrai Jewelers,jewelry,Shopping,17.4273838,78.452517,321709233,21.45,Normal
HYD009152,1883487532,Mangatrai Jewellers,jewelry,Shopping,17.4258521,78.4352494,3602300077,35.507,Normal
HYD009153,10280159825,Mannepally Jewellers Pvt Ltd,jewelry,Shopping,17.4275955,78.4532286,289519026,24.074,Normal
HYD009154,5105628510,My Kalyan,jewelry,Shopping,17.4947717,78.3184385,4169678456,40.203,Normal
HYD009155,6822126531,Nakoda Jewellers,jewelry,Shopping,17.4695083,78.4267571,11230599451,25.637,Normal
HYD009156,13536912481,Namishree,jewelry,Shopping,17.4387643,78.495299,3598259298,13.634,Normal
HYD009157,11690989658,Navkar Jewellers,jewelry,Shopping,17.4731981,78.5505844,2232017811,35.8,Normal
HYD009158,13654809704,Nivara - Lab grown diamonds,jewelry,Shopping,17.4178899,78.4135472,1948881800,15.797,Normal
HYD009159,13673825484,One gram gold jewelry store,jewelry,Shopping,17.3778836,78.4724091,308779604,5.876,Normal
HYD009160,357763101,PC Jeweller,jewelry,Shopping,17.40164142,78.56718886,11801943254,15.934,Normal
HYD009161,7569863056,Premraj Jewellers,jewelry,Shopping,17.479034,78.5139488,976475920,39.31,Normal
HYD009162,6575821867,Priya Jewelers Pawan Brokers,jewelry,Shopping,17.4198313,78.5650159,3598304153,13.927,Normal
HYD009163,6213314388,Rajlaxmi Jewellers,jewelry,Shopping,17.402135,78.6061318,3598397947,10.474,Normal
HYD009164,12410904325,Ramdev Jewellers,jewelry,Shopping,17.5115325,78.40662,7672861608,8.403,Normal
HYD009165,2428097394,Reliance Jewellery,jewelry,Shopping,17.492214,78.3936511,11041649469,11.212,Normal
HYD009166,5405059601,Senco gold and diamonds,jewelry,Shopping,17.4394471,78.3639766,13997007278,14.068,Normal
HYD009167,6822126567,Shantilal Jewellers,jewelry,Shopping,17.469497,78.42665,11230599451,15.812,Normal
HYD009168,11015846008,Shriomkar Jewellers,jewelry,Shopping,17.4263534,78.4575284,3598255675,12.308,Normal
HYD009169,11420427370,Shriomkar Jewellers,jewelry,Shopping,17.4264532,78.4574834,12530038581,20.918,Normal
HYD009170,12545949018,Shubhlaxmi Jewellers,jewelry,Shopping,17.47819,78.5604151,2225437025,40.54,Normal
HYD009171,1492112817,Silver jewellery  store,jewelry,Shopping,17.373321533333332,78.46892866666667,7682224094,24.572,Normal
HYD009172,13673825483,Singar One Jewelry store,jewelry,Shopping,17.377403,78.4723072,308779597,39.025,Normal
HYD009173,13532195613,Solitario,jewelry,Shopping,17.4256365,78.4482291,12334415844,19.601,Normal
HYD009174,6191414039,Sree Ganesh Watch Co,jewelry,Shopping,17.4439125,78.3869942,3164043356,21.948,Normal
HYD009175,6574777339,Sri Balaji Jewellers,jewelry,Shopping,17.4203673,78.5658933,2841186710,17.974,Normal
HYD009176,356286409,Sri Bhavani Jewellers,jewelry,Shopping,17.42435856,78.54769596,2236749176,26.868,Normal
HYD009177,12545949004,Sri Ganesh Jewellers,jewelry,Shopping,17.478417,78.5598837,2225461242,16.721,Normal
HYD009178,7025820885,Sri Shubham Jewellers,jewelry,Shopping,17.4407083,78.3928026,3210142888,20.444,Normal
HYD009179,6822126596,Srilakshmi Jewelers,jewelry,Shopping,17.4668959,78.6415108,3598314882,27.782,Normal
HYD009180,11752634074,Surana Jewellers,jewelry,Shopping,17.4340099,78.4943417,11054106735,32.751,Normal
HYD009181,7244243514,Tanishq,jewelry,Shopping,17.4848181,78.3898883,12237250639,18.514,Normal
HYD009182,7246751305,Tanishq,jewelry,Shopping,17.4794776,78.5572637,2653237545,20.203,Normal
HYD009183,733460027,Thanishq Jewellery,jewelry,Shopping,17.43081114,78.45640904000001,11033793192,44.861,Normal
HYD009184,7171334825,Tirupati jewelry,jewelry,Shopping,17.4546198,78.424668,352754373,12.013,Normal
HYD009185,13536912473,Vajra Jewelery,jewelry,Shopping,17.4357167,78.4939379,3619607009,14.48,Normal
HYD009186,7021303708,Veena Jewellery Works,jewelry,Shopping,17.442781,78.3885459,1323504823,12.158,Normal
HYD009187,6822126507,Vinayak Jewellers,jewelry,Shopping,17.4659173,78.4555679,2781136331,13.421,Normal
HYD009188,3387332873,Violet & Purple,jewelry,Shopping,17.49451,78.4012623,1428866541,5.434,Normal
HYD009189,6276379586,Violet and Purple,jewelry,Shopping,17.4905941,78.4008651,1987984244,24.503,Normal
HYD009190,13532195623,Vysyaraju Jewelers,jewelry,Shopping,17.4318383,78.4565004,2590035123,28.228,Normal
HYD009191,10903269983,balaji,jewelry,Shopping,17.3294097,78.5801994,2803084414,24.793,Normal
HYD009192,7244467462,bellesoms,jewelry,Shopping,17.3644556,78.5257524,6390378858,11.435,Normal
HYD009193,11696665468,cart lane,jewelry,Shopping,17.3580743,78.5444887,3670019785,26.572,Normal
HYD009194,10806838135,jewelry shop,jewelry,Shopping,17.4933611,78.5974962,2795779092,17.679,Normal
HYD009195,1080500340,jwellery,jewelry,Shopping,17.51570736,78.43930702,6308390529,19.287,Normal
HYD009196,11696617597,kushals jewelry,jewelry,Shopping,17.3603166,78.5438761,13366696880,16.451,Normal
HYD009197,11690897237,rajsree jewellers,jewelry,Shopping,17.3601762,78.5446643,1340792820,20.914,Normal
HYD009198,7244265362,sri veerbhadra jewellers,jewelry,Shopping,17.3675655,78.5250818,2243963405,14.226,Normal
HYD009199,7244184322,srinivasa jewllery,jewelry,Shopping,17.4942882,78.356181,7672517628,20.652,Normal
HYD009200,7246498940,swarnakshi jewels and accessories,jewelry,Shopping,17.4883201,78.3919474,7103775750,11.884,Normal
HYD009201,6936812125,voilet and purple jewellers,jewelry,Shopping,17.4942667,78.39964,350444625,10.349,Normal
HYD009202,8065369405,مجتبیٰ جیولرز,jewelry,Shopping,17.3742326,78.5002944,6530829323,19.622,Normal
HYD009203,8065347542,محمد خان جیولرز,jewelry,Shopping,17.3746006,78.4993824,2181370007,8.866,Normal
HYD009204,13673370110,Juice centre,juice_bar,Food,17.4529823,78.4948585,932870387,25.376,Normal
HYD009232,7168400379,gopal kirana store,kirana_store,Shopping,17.4502639,78.4419602,2822568683,7.939,Normal
HYD009258,13673658802,Leather Belt shop,leather,Shopping,17.3718031,78.465275,3612556810,12.144,Normal
HYD009259,2708670667,CRC,library,Culture & Heritage,17.493138,78.3912253,2705367343,47.975,Normal
HYD009260,265616074,City Central Library,library,Culture & Heritage,17.40398460769231,78.49183226923077,4003605841,40.4,Normal
HYD009261,7246812306,Delta Reading Room and Library,library,Culture & Heritage,17.3944255,78.4420948,3145250141,44.844,Normal
HYD009262,8386569654,Free Book Library,library,Culture & Heritage,17.5158839,78.3960966,3547284356,15.588,Normal
HYD009263,1502798798,French Library,library,Culture & Heritage,17.4458873,78.5076449,321712191,13.512,Normal
HYD009264,349002531,IIIT-H Library,library,Culture & Heritage,17.445824,78.3493093,942491652,63.239,Normal
HYD009265,331354865,INDRAPRASTA COLONY LIBRARY,library,Culture & Heritage,17.3998306,78.5211652,309703267,29.214,Normal
HYD009266,129389883,JNTU Library,library,Culture & Heritage,17.49551439285714,78.39147902857142,1427603937,35.357,Normal
HYD009267,13715467226,JNTUH UL,library,Culture & Heritage,17.495545,78.3915124,1427603937,36.664,Normal
HYD009268,14062424551,KMEC Library,library,Culture & Heritage,17.3968464,78.62206,11900595785,13.629,Normal
HYD009269,5545513976,Library,library,Culture & Heritage,17.5583644,78.451741,3618944267,37.954,Normal
HYD009270,11736395786,Library,library,Culture & Heritage,17.4954539,78.392278,760461438,5.51,Normal
HYD009271,11736398309,Library,library,Culture & Heritage,17.4951344,78.3918946,1427603914,21.612,Normal
HYD009272,245756560,Library,library,Culture & Heritage,17.31323733142857,78.40186540857144,2527794291,40.068,Normal
HYD009273,625370000,Library BPHC,library,Culture & Heritage,17.545732525000002,78.5714249875,7678816418,22.333,Normal
HYD009274,356236606,Loyola Library,library,Culture & Heritage,17.50629212352941,78.48599738823528,1274221689,31.739,Normal
HYD009275,6779684428,MVSR LIBRARY,library,Culture & Heritage,17.2820112,78.5389801,6267163192,34.365,Normal
HYD009276,5694668840,Marri BalReddy library,library,Culture & Heritage,17.5941957,78.441479,5708141632,30.923,Normal
HYD009277,7039571990,Mecca Masjid Library,library,Culture & Heritage,17.360097,78.4737802,9605237095,33.788,Normal
HYD009278,251901960,Ramesh Mohan Library,library,Culture & Heritage,17.423608979999997,78.5259083,13399654963,17.881,Normal
HYD009279,343600691,Reading room,library,Culture & Heritage,17.48955974,78.39412296,350456765,19.501,Normal
HYD009280,3997369742,SBIRD Library,library,Culture & Heritage,17.4666672,78.3336958,13397474078,9.835,Normal
HYD009281,332097885,Shaikpet Library,library,Culture & Heritage,17.40361718,78.39891096000001,1295676612,10.357,Normal
HYD009282,626897420,State Library,library,Culture & Heritage,17.3741567,78.4782198,11036636747,27.925,Normal
HYD009283,346464897,Student Library,library,Culture & Heritage,17.492994019999998,78.3916221,5948161009,32.898,Normal
HYD009284,6684817723,Study Guru Reading Room,library,Culture & Heritage,17.4424982,78.4393395,351828029,13.16,Normal
HYD009285,1623389085,Sundarayya Vignana Kendram,library,Culture & Heritage,17.4357658,78.3603085,5391741263,32.406,Normal
HYD009286,316636515,University Library,library,Culture & Heritage,17.4171696,78.5255149,7959311923,23.192,Normal
HYD009287,413843333,Vivekananda Library,library,Culture & Heritage,17.411093372727276,78.48228743636363,5486669779,17.002,Normal
HYD009288,5905914145,Wipro Library,library,Culture & Heritage,17.4266376,78.3419489,2212443180,58.194,Normal
HYD009289,2371734542,jntu library,library,Culture & Heritage,17.4955924,78.3910702,13033336354,0.0,Normal
HYD009290,5948186301,trml library,library,Culture & Heritage,17.5015748,78.6805305,7561359836,39.647,Normal
HYD009337,13715471250,Oyo,love_hotel,Accommodation,17.4982403,78.3893194,12965557857,24.936,Normal
HYD009338,13597151045,A Brands Clothing store,mall,Shopping,17.3705283,78.5209992,312810346,18.215,Normal
HYD009339,1123854181,AMR Planet,mall,Shopping,17.46329596,78.56023678,2225518577,44.503,Normal
HYD009340,9732460762,Anutex Shopping Mall,mall,Shopping,17.4815017,78.5556497,2225461292,38.676,Normal
HYD009341,1212194479,Aparna Neo Mall,mall,Shopping,17.466808379999996,78.31030673999999,13097995773,60.718,Normal
HYD009342,11736856481,Ashoka One,mall,Shopping,17.4795295,78.4175929,7690609254,46.37,Normal
HYD009343,1349067159,Asian Satyam Mall,mall,Shopping,17.437193580000002,78.44882814,12030526195,32.177,Normal
HYD009344,10774569823,BIBA,mall,Shopping,17.3997763,78.5551043,12880221170,25.494,Normal
HYD009345,5639635043,Big Bazaar,mall,Shopping,17.3524426,78.5073475,3894084721,35.045,Normal
HYD009346,758924181,Brand Factory,mall,Shopping,17.4446694125,78.46134789999999,12310919483,19.078,Normal
HYD009347,331792820,CHENNAI SHOPPING MALL,mall,Shopping,17.47962738,78.55699154,2653211585,19.315,Normal
HYD009348,11773916555,CMR Family Mall,mall,Shopping,17.4921251,78.4063628,10806750158,32.069,Normal
HYD009349,525065575,CMR Shopping Mall,mall,Shopping,17.4408914,78.4930194,3598259887,16.896,Normal
HYD009350,14022786453,CMR Shopping Mall,mall,Shopping,17.4972248,78.363232,11045883878,55.734,Normal
HYD009351,9887230613,CMR shopping Mall,mall,Shopping,17.5101533,78.3846382,11998502710,21.27,Normal
HYD009352,6774880497,CSK Park Square,mall,Shopping,17.4418398,78.4898589,3598260037,26.151,Normal
HYD009353,5405055460,Centro by Reliance,mall,Shopping,17.4418221,78.3619375,7654917353,32.67,Normal
HYD009354,525065573,Chandana Brothers,mall,Shopping,17.4401378,78.4949892,7713809094,27.844,Normal
HYD009355,7246751306,Chennai Shopping Mall,mall,Shopping,17.4798972,78.5554519,978107622,42.614,Normal
HYD009356,331631204,Chennai Shopping Mall,mall,Shopping,17.493632440000003,78.40348536,13300997488,15.881,Normal
HYD009357,7244480659,Chennai shopping mall,mall,Shopping,17.3948182,78.4360746,11096709855,18.044,Normal
HYD009358,7246812288,Chimanlal suresh kumar textiles,mall,Shopping,17.3947815,78.4357837,11096709854,39.206,Normal
HYD009359,9903766113,China Bazar,mall,Shopping,17.5138042,78.4470082,2852572146,26.843,Normal
HYD009360,694312084,Cine Polis,mall,Shopping,17.400037779999998,78.55497666,12880221181,29.415,Normal
HYD009361,75381630,City Center,mall,Shopping,17.41517080857143,78.44922098,3204224973,30.262,Normal
HYD009362,7246440950,Dmart,mall,Shopping,17.3497602,78.5474855,13366768778,13.335,Normal
HYD009363,776643322,Dmart,mall,Shopping,17.34977262,78.5474707,13366768778,13.281,Normal
HYD009364,10774570317,Dmart Uppal,mall,Shopping,17.4002948,78.5549504,12880221138,20.589,Normal
HYD009365,10774569820,Easy Buy,mall,Shopping,17.4002079,78.5552036,12880221162,17.93,Normal
HYD009366,10279266075,Elephant House,mall,Shopping,17.4338816,78.4466747,3598257603,32.886,Normal
HYD009367,7454376999,GFI Gaming,mall,Shopping,17.4199507,78.6367833,7571925211,19.153,Normal
HYD009368,158326980,GVK Mall,mall,Shopping,17.495074171428573,78.33439540000002,3977427866,38.221,Normal
HYD009369,202656013,GVK One,mall,Shopping,17.41924682058823,78.44860120882353,2126214171,15.712,Normal
HYD009370,273087600,Gilma,mall,Shopping,17.41065418,78.48458222000001,5486709296,11.162,Normal
HYD009371,10818839618,Hotel SVM Grand & Convention Hall Uppal,mall,Shopping,17.3907375,78.5593659,4207031248,37.048,Normal
HYD009372,250927610,Hyderabad Central,mall,Shopping,17.42651810769231,78.45312403846154,7701119342,24.051,Normal
HYD009373,68871414,Inorbit Mall Cyberabad,mall,Shopping,17.43399377090909,78.38663236181817,13313072578,44.302,Normal
HYD009374,6868792973,JC Brothers,mall,Shopping,17.3682957,78.5226814,3670020480,20.977,Normal
HYD009375,7008117200,KAIRA Dresses,mall,Shopping,17.4944803,78.3222511,5273710055,30.159,Normal
HYD009376,6868794052,KLM Shopping Mall,mall,Shopping,17.3682841,78.5225833,3612554631,25.33,Normal
HYD009377,10279697190,KLM Shopping Mall,mall,Shopping,17.3409616,78.5636185,13394441629,21.393,Normal
HYD009378,1124085463,KLM shopping Mall,mall,Shopping,17.3409886,78.56360956,13394441629,23.26,Normal
HYD009379,10279697209,Kalamandir Saree House,mall,Shopping,17.3397987,78.5645864,12836584784,47.86,Normal
HYD009380,232957784,Kalanikathan Shopping Mall,mall,Shopping,17.368079719999997,78.53018358,4032432894,25.537,Normal
HYD009381,356421581,Kanchipuram Narayani Silks_Peerzadiguda,mall,Shopping,17.407484099999998,78.59483787999999,13380608503,25.185,Normal
HYD009382,4615723290,Lifestyle,mall,Shopping,17.4363559,78.4565678,12640496695,27.168,Normal
HYD009383,11736426758,Lulu Mall,mall,Shopping,17.4900984,78.3928581,12898564652,26.682,Normal
HYD009384,880054935,Lulu Mall,mall,Shopping,17.490053560000003,78.39306922,12898564652,44.715,Normal
HYD009385,964199989,M Cube Mall,mall,Shopping,17.37172292,78.43011987999999,6555285235,54.734,Normal
HYD009386,7008117199,ME2 Shoppee,mall,Shopping,17.4945892,78.3222305,4169678450,32.16,Normal
HYD009387,7454360270,MJR Square,mall,Shopping,17.4201065,78.6370539,7571925205,22.724,Normal
HYD009388,3509547272,MLRIT Mall,mall,Shopping,17.5774237,78.4190281,11572604585,75.221,Normal
HYD009389,197389646,Maheshwari Parmeshwari Mall,mall,Shopping,17.39035931818182,78.48847129090908,13347258010,12.793,Normal
HYD009390,7244487786,Max showroom,mall,Shopping,17.3944155,78.4415537,2859817695,20.63,Normal
HYD009391,357383984,Mekala Complex,mall,Shopping,17.40125336,78.56376875999999,10308621090,21.093,Normal
HYD009392,10818767175,Metro Wholesale Uppal,mall,Shopping,17.391942,78.5601733,3598394588,43.311,Normal
HYD009393,3384185317,NIGHT BAZAR,mall,Shopping,17.4539558,78.3783191,1310966621,50.633,Normal
HYD009394,251805220,NSL Mall,mall,Shopping,17.483236964,78.39356486400001,668540401,47.791,Normal
HYD009395,630918550,Next Galleria Mall,mall,Shopping,17.428836399999998,78.45026021666668,5956936309,31.442,Normal
HYD009396,646826664,Next Galleria Mall,mall,Shopping,17.420802436363637,78.45530285454545,7030710342,30.187,Normal
HYD009397,362882657,Next Mall @ Moosarambagh,mall,Shopping,17.37163824,78.50946866,11032078833,40.942,Normal
HYD009398,12596374620,Nexus Hyderabad Mall,mall,Shopping,17.4842173,78.3889015,6150020404,57.375,Normal
HYD009399,311388388,Nexus Hyderabad Mall,mall,Shopping,17.48406941111111,78.3891074388889,6150020405,35.205,Normal
HYD009400,799043536,Orange Trade Centre,mall,Shopping,17.39069254,78.55932401999999,4207031248,42.696,Normal
HYD009401,626552618,PVR Icon,mall,Shopping,17.448150572727272,78.38444619090909,7100608023,27.201,Normal
HYD009402,10244211026,Pantaloons,mall,Shopping,17.4254075,78.5497264,11824261510,28.301,Normal
HYD009403,6036834735,Platina mall,mall,Shopping,17.4499196,78.3641864,1699091360,21.4,Normal
HYD009404,13227600344,Podium Mall,mall,Shopping,17.4003086,78.4148459,11806778626,31.522,Normal
HYD009405,776643323,Prajay,mall,Shopping,17.355124739999997,78.54488454,2245834944,39.938,Normal
HYD009406,7246440955,Prajay Towers,mall,Shopping,17.3551887,78.5449892,13378003356,37.766,Normal
HYD009407,763535120,Preston Prime Mall,mall,Shopping,17.43082084,78.37338928,9512781524,21.903,Normal
HYD009408,7134891008,Preston Prime Mall & Multiplex,mall,Shopping,17.4308409,78.37345,9512781524,15.835,Normal
HYD009409,7180198654,R K Collections,mall,Shopping,17.4929268,78.4011171,2787000623,10.843,Normal
HYD009410,3388766178,R.S. Brothers,mall,Shopping,17.4775777,78.5631914,7713628830,41.971,Normal
HYD009411,6248864186,R.S. Brothers Kukatpally,mall,Shopping,17.4937589,78.4007057,1428985379,15.872,Normal
HYD009412,140094536,RK Cineplex,mall,Shopping,17.42320982,78.42774412000001,3602299725,30.94,Normal
HYD009413,7244480662,RS brothers,mall,Shopping,17.3946903,78.436453,2859822960,33.305,Normal
HYD009414,7246812285,Ramraj cotton,mall,Shopping,17.3950027,78.4337251,245640524,19.836,Normal
HYD009415,7454353536,Reliance Digital,mall,Shopping,17.4201601,78.6372699,7571925217,12.377,Normal
HYD009416,6779723326,Reliance Trends,mall,Shopping,17.4995842,78.4767441,11944320406,15.005,Normal
HYD009417,7454368201,Reliance Trends,mall,Shopping,17.4200942,78.6367798,7571925210,20.31,Normal
HYD009418,10774570316,Reliance Trends _ Mens /Womens/ Kids,mall,Shopping,17.4003061,78.5551284,12880221148,24.174,Normal
HYD009419,7246812301,Reliance trends,mall,Shopping,17.3985257,78.4494604,5598608091,30.771,Normal
HYD009420,7243983836,Relience Trends,mall,Shopping,17.4088225,78.3993664,7433166887,8.874,Normal
HYD009421,357588859,SAREENIKETRHAN SHOPPING MALL,mall,Shopping,17.406328260000002,78.59318802,3598399254,25.471,Normal
HYD009422,7244487797,SGM mall,mall,Shopping,17.3942882,78.439778,10100669507,33.132,Normal
HYD009423,1544750041,SKY Mall,mall,Shopping,17.45667884,78.43779781999999,12169315741,24.954,Normal
HYD009424,740696767,SMR Vinay Metro Mall,mall,Shopping,17.4946027,78.35488088,3205667405,33.242,Normal
HYD009425,806951808,SPAR Hypermarket,mall,Shopping,17.4251765,78.54989756,11824261517,48.561,Normal
HYD009426,5405056228,Sandhya convention,mall,Shopping,17.4432684,78.3555478,13347752027,8.79,Normal
HYD009427,574673965,Sarat City Capital Mall,mall,Shopping,17.457724855555554,78.36370496666666,7673739008,57.848,Normal
HYD009428,6868812695,Sareenikethan,mall,Shopping,17.368298,78.5229395,3670020480,13.715,Normal
HYD009429,7569305359,Secunderabad centre Mall,mall,Shopping,17.4810361,78.5352283,4193167010,29.022,Normal
HYD009430,79910492,Shopper's Stop,mall,Shopping,17.44536862,78.46562890000001,366528826,44.751,Normal
HYD009431,3936112700,South India,mall,Shopping,17.3615965,78.4276746,13991568231,7.768,Normal
HYD009432,232954419,South India Shopping Mall,mall,Shopping,17.3646253,78.54362617999999,1596321558,44.993,Normal
HYD009433,5405045518,South india shopping mall,mall,Shopping,17.4350521,78.3683916,7492349749,4.669,Normal
HYD009434,9903904324,South india shopping mall,mall,Shopping,17.4960532,78.4005598,13395158689,59.554,Normal
HYD009435,1082282664,Store World,mall,Shopping,17.52169144,78.4286838,3547285063,29.179,Normal
HYD009436,784494349,TNR Northcity Mall & Multiplex,mall,Shopping,17.503134799999998,78.47747678,10172786336,47.272,Normal
HYD009437,2446627884,The Shopping Mall 6,mall,Shopping,17.3677505,78.5370061,11885987148,27.804,Normal
HYD009438,10774569821,Unlimited Shoping Centre,mall,Shopping,17.4001135,78.5552155,12880221162,14.501,Normal
HYD009439,6868801965,VISHAL MEGA MART,mall,Shopping,17.4071226,78.5935138,3496413207,38.66,Normal
HYD009440,776643326,Vaishnavi,mall,Shopping,17.35984164285714,78.54385264285713,13366659843,17.438,Normal
HYD009441,11361169672,Vasanth Nagar Shoping Complex,mall,Shopping,17.4926161,78.3843639,7695620445,27.05,Normal
HYD009442,7246440974,Viashnavi ONXY-1,mall,Shopping,17.3597564,78.5438197,13366659842,23.626,Normal
HYD009443,6850830309,Yurani Fashion,mall,Shopping,17.4713322,78.4195193,3602310691,14.431,Normal
HYD009444,7244127022,"ZUDIO, JNTUH, KPHB",mall,Shopping,17.4954617,78.3949732,350457092,21.677,Normal
HYD009445,7008117198,balaji dresses,mall,Shopping,17.4946527,78.3222218,4169678450,26.492,Normal
HYD009446,3388777472,chennai shopping mall,mall,Shopping,17.481603,78.5536458,2225461311,18.774,Normal
HYD009447,10818048803,chennai shopping mall,mall,Shopping,17.364688,78.5457619,1596554019,35.226,Normal
HYD009448,265417215,cmr shopping mall,mall,Shopping,17.4421435,78.49578848,13318769884,21.392,Normal
HYD009449,680383271,fair price,mall,Shopping,17.367996639999998,78.53980824,1602512764,19.627,Normal
HYD009450,11690830681,firstcry.com,mall,Shopping,17.3599913,78.5447389,1340792820,42.595,Normal
HYD009451,12596374927,gsm mall,mall,Shopping,17.497315,78.3359793,9684884090,44.461,Normal
HYD009452,12596394056,infinity mall,mall,Shopping,17.4951179,78.3344795,11502940373,40.766,Normal
HYD009453,265417385,kalamandir mall,mall,Shopping,17.441844139999997,78.49590859999999,13318769882,26.387,Normal
HYD009454,13437156184,lakeshore,mall,Shopping,17.4773003,78.4230399,14152818373,44.241,Normal
HYD009455,7244117097,reliance digital mall,mall,Shopping,17.4048907,78.5150701,3415837336,29.235,Normal
HYD009456,6779829501,sounth india shoppinh mall,mall,Shopping,17.4930479,78.4044898,11828160684,23.744,Normal
HYD009457,357051887,vigneshwara silks,mall,Shopping,17.36040794,78.54387234,13366696880,20.403,Normal
HYD009458,7244226228,vishal mart,mall,Shopping,17.4926207,78.6045423,3598320775,27.854,Normal
HYD009459,7244127021,vrksilks,mall,Shopping,17.4958081,78.3954187,6690124736,34.292,Normal
HYD009460,357051984,wedding hub,mall,Shopping,17.36046358,78.5436262,2245835453,30.964,Normal
HYD009574,4636929414,APJ Abdul Kalam Statue,memorial,Culture & Heritage,17.5169048,78.3426219,11903266184,17.852,Normal
HYD009575,889994313,Amar Jawan Memorial,memorial,Culture & Heritage,17.44390305384615,78.49124006923076,1779480605,59.12,Normal
HYD009576,1306282000,Amar Jyothi Amar Jawan,memorial,Culture & Heritage,17.4938541,78.5208267,2234143057,14.357,Normal
HYD009577,3180218832,Ambedkar Statue,memorial,Culture & Heritage,17.4015138,78.5601912,9870003634,19.205,Normal
HYD009578,3184114878,Ambedkar Statue,memorial,Culture & Heritage,17.391981,78.5161411,12704197641,2.172,Normal
HYD009579,5190765175,Ambedkar Statue,memorial,Culture & Heritage,17.4755797,78.4856559,1255128718,6.383,Normal
HYD009580,5967867552,B R Ambedkar Statue,memorial,Culture & Heritage,17.411047,78.4681483,3249116316,10.794,Normal
HYD009581,6373360518,Ballari Raghav,memorial,Culture & Heritage,17.4214922,78.484702,5743097279,10.976,Normal
HYD009582,780761850,Bapu Ghat,memorial,Culture & Heritage,17.372545342857144,78.41356165714285,7290452107,54.762,Normal
HYD009583,5695396230,C.R Reddy,memorial,Culture & Heritage,17.4220964,78.4851947,308792952,18.953,Normal
HYD009584,7707961937,Damodaram Sanjeevaiah Memorial,memorial,Culture & Heritage,17.4320459,78.4779496,2794897725,293.611,Extended
HYD009585,825496775,Damodaram Sanjeevaiah Memorial,memorial,Culture & Heritage,17.43205892,78.47794544000001,2794897725,292.368,Extended
HYD009586,1714408692,Dr. Ambedkar's Statue,memorial,Culture & Heritage,17.3640754,78.5961071,2587538898,5.796,Normal
HYD009587,4798484585,G A N RAJU Statue,memorial,Culture & Heritage,17.4039382,78.5172021,309700561,39.791,Normal
HYD009588,5695396229,Gurajada Apparao,memorial,Culture & Heritage,17.4201002,78.4838529,308792949,41.795,Normal
HYD009589,6651585138,HMWSSB,memorial,Culture & Heritage,17.494006,78.3279762,10279764592,9.665,Normal
HYD009590,2710964363,Indira Gandhi Statue,memorial,Culture & Heritage,17.4147982,78.465846,1869496133,31.036,Normal
HYD009591,12618805890,Jalagam Vengala rao Park Arch,memorial,Culture & Heritage,17.4233402,78.448391,1880347574,17.181,Normal
HYD009592,5695396236,Kumarambheem,memorial,Culture & Heritage,17.4237894,78.4860977,1947941965,11.506,Normal
HYD009593,3249939381,Mahatma Gandhi Statue,memorial,Culture & Heritage,17.4018422,78.4683104,3249147647,28.548,Normal
HYD009594,2527794306,Mahatma Gandhi statue,memorial,Culture & Heritage,17.3126268,78.4030886,2527794254,11.571,Normal
HYD009595,5695396232,Mahboob Ali Khan,memorial,Culture & Heritage,17.423078,78.4858637,1947941988,12.652,Normal
HYD009596,4637164124,Maktha Ambedkar Statue,memorial,Culture & Heritage,17.5145101,78.3486469,14139529205,6.927,Normal
HYD009597,886354211,Mother Teresa Statue,memorial,Culture & Heritage,17.437684,78.5046055,3166314624,15.492,Normal
HYD009598,4009273430,PGR Statue,memorial,Culture & Heritage,17.494378,78.4012556,7246579369,1.955,Normal
HYD009599,2710981546,PJR Statue,memorial,Culture & Heritage,17.4107048,78.4638497,726158175,7.144,Normal
HYD009600,2712477054,PJR Statue,memorial,Culture & Heritage,17.4445293,78.4323044,3195196244,24.101,Normal
HYD009601,2710980065,Rajiv Gandhi Statue,memorial,Culture & Heritage,17.4110582,78.4610145,2195239101,5.868,Normal
HYD009602,5695396234,Rudramadevi,memorial,Culture & Heritage,17.4235488,78.4860644,289905221,26.681,Normal
HYD009603,5695396231,Sarvepalli Radhakrishna,memorial,Culture & Heritage,17.4225572,78.4855048,6372708410,22.564,Normal
HYD009604,2710987499,Sarvepalli Radhakrishnan Statue,memorial,Culture & Heritage,17.4077763,78.4655217,7712917035,6.806,Normal
HYD009605,2412799920,Shivaji Statue,memorial,Culture & Heritage,17.3692634,78.5333548,1598136811,2.513,Normal
HYD009606,6776351523,Shivaji Statue,memorial,Culture & Heritage,17.4216182,78.5170798,5608460085,5.649,Normal
HYD009607,2708696718,Sri Krishna Devaraya Statue,memorial,Culture & Heritage,17.498671,78.3897262,13073959962,8.261,Normal
HYD009608,3170082731,Statue,memorial,Culture & Heritage,17.4025823,78.4681656,7721233575,2.637,Normal
HYD009609,3182229221,Statue,memorial,Culture & Heritage,17.4486891,78.4962713,3182231462,9.25,Normal
HYD009610,2710956962,Telangana Martyrs Memorial,memorial,Culture & Heritage,17.4004707,78.4736735,2847561579,40.271,Normal
HYD009611,6685486363,Telangana Martyrs Memorial,memorial,Culture & Heritage,17.4408942,78.4976949,1611088561,10.093,Normal
HYD009612,13043476521,Telangana Martyrs Memorial,memorial,Culture & Heritage,17.4086623,78.4729835,3612572568,43.71,Normal
HYD009613,2710974397,Visweswarayya Statue,memorial,Culture & Heritage,17.4132259,78.4604214,1762413434,12.953,Normal
HYD009614,3388793456,Vivekananda Statue,memorial,Culture & Heritage,17.4907914,78.4075587,3388793456,0.0,Normal
HYD009615,3182190027,YSR Statue,memorial,Culture & Heritage,17.4266915,78.4526737,3204242597,13.226,Normal
HYD009616,265419720,chenna reddy memorial,memorial,Culture & Heritage,17.411336533333333,78.48416568333334,308795897,34.068,Normal
HYD009617,2710906541,dr bhim rao ambhedkar statue,memorial,Culture & Heritage,17.4542338,78.5009313,1866900725,0.214,Normal
HYD009618,2710941028,eashwari bhai statue,memorial,Culture & Heritage,17.4426649,78.5058102,4315742879,11.201,Normal
HYD009619,2712702744,gandhi statue,memorial,Culture & Heritage,17.3924087,78.519186,12704197637,3.991,Normal
HYD009620,2712450043,marri chenna reddy statue,memorial,Culture & Heritage,17.4257566,78.4489014,12431507446,8.156,Normal
HYD009621,2710973709,pjr statue,memorial,Culture & Heritage,17.4135807,78.4602273,1762349858,9.91,Normal
HYD009622,2710977507,pjr statue,memorial,Culture & Heritage,17.4127359,78.4622139,2710977507,0.0,Normal
HYD009623,2713845109,pjr statue,memorial,Culture & Heritage,17.4319697,78.4392235,353721271,3.73,Normal
HYD009624,2713969504,pjr statue,memorial,Culture & Heritage,17.4542506,78.4157488,3691106067,15.869,Normal
HYD009625,2709166032,ysr statue,memorial,Culture & Heritage,17.3394978,78.5237381,12508902447,9.311,Normal
HYD009735,5539307072,"Ambedkar Statue, Boduppal",monument,Culture & Heritage,17.4183683,78.5845626,7716269384,2.54,Normal
HYD009736,2714348490,BR Ambedkar Statue,monument,Culture & Heritage,17.4951785,78.3918149,1427603915,17.028,Normal
HYD009737,10836252952,Bhagwan Das Bagh,monument,Culture & Heritage,17.3788354,78.4394513,3612560124,13.566,Normal
HYD009738,5733146968,Buddha's monument,monument,Culture & Heritage,17.3359145,78.2895947,2235061754,73.92,Normal
HYD009739,321710524,Clock Tower,monument,Culture & Heritage,17.4409014,78.4985547,12313694313,33.639,Normal
HYD009740,626901359,Dabeerpura darwaza,monument,Culture & Heritage,17.3679221,78.4851691,3678662761,8.208,Normal
HYD009741,6690779939,Dr B R Ambedkar Statue,monument,Culture & Heritage,17.4423867,78.4393579,351828029,4.405,Normal
HYD009742,7922879265,Hanuman Statue,monument,Culture & Heritage,17.5084529,78.3996686,8071260779,13.006,Normal
HYD009743,7966169681,JRD Tata Statue,monument,Culture & Heritage,17.4173012,78.4301218,5430551025,24.261,Normal
HYD009744,4856178849,Jawaharlal Nehru Statue,monument,Culture & Heritage,17.4964545,78.3929421,4856178849,0.0,Normal
HYD009745,238196320,Kacheguda Railway Station,monument,Culture & Heritage,17.389269,78.49915824444444,308775928,22.599,Normal
HYD009746,6634209091,Lord Shiva Arch,monument,Culture & Heritage,17.4209629,78.570979,310446947,17.771,Normal
HYD009747,6710912125,Mahatma Gandhi Statue,monument,Culture & Heritage,17.4294944,78.5129,308796505,7.839,Normal
HYD009748,8909177646,Mahatma Gandhi Statue,monument,Culture & Heritage,17.4386471,78.4887891,321709800,24.906,Normal
HYD009749,626926304,Mehboob Chowk Clock Tower,monument,Culture & Heritage,17.3618794,78.4709135,12986988887,20.04,Normal
HYD009750,170860198,Moazzam Jahi Market,monument,Culture & Heritage,17.38444783809524,78.47506795873018,3612561859,29.089,Normal
HYD009751,207568787,Moazzam Jahi Market,monument,Culture & Heritage,17.384749766666665,78.47500074848485,2854799856,21.935,Normal
HYD009752,4149702191,Moula Ali Kamaan,monument,Culture & Heritage,17.4612532,78.5583176,13394351781,8.33,Normal
HYD009753,626940816,Mozam Jahi Market Clock Tower,monument,Culture & Heritage,17.3845613,78.4750497,3612561892,37.145,Normal
HYD009754,6377169106,Mushroom Rock,monument,Culture & Heritage,17.4410994,78.3389869,11891246574,198.984,Extended
HYD009755,6169037521,NTR STATUE,monument,Culture & Heritage,17.5027658,78.3889706,6169037521,0.0,Normal
HYD009756,2590326097,NTR Statue,monument,Culture & Heritage,17.4011614,78.5816384,2590326097,0.0,Normal
HYD009757,4856178850,NTR Statue,monument,Culture & Heritage,17.4960312,78.394815,12761969562,1.341,Normal
HYD009758,9885108778,Nehru statue,monument,Culture & Heritage,17.3507099,78.4729016,306631592,2.572,Normal
HYD009759,6758497454,Netaji Subash Chandra Bose Statue,monument,Culture & Heritage,17.4198611,78.516566,309707236,16.634,Normal
HYD009760,6634208969,New Hema Nagar Colony Arch,monument,Culture & Heritage,17.4177858,78.5662056,7694365556,7.836,Normal
HYD009761,13673773621,Pooja store,monument,Culture & Heritage,17.3733813,78.4688183,10108052283,13.243,Normal
HYD009762,1492056631,Pooja store,monument,Culture & Heritage,17.374622120000005,78.4651905,1320923733,10.534,Normal
HYD009763,1492076035,Pooja store,monument,Culture & Heritage,17.37359702,78.46880064,10108052284,14.929,Normal
HYD009764,10836262029,Raja Bhagwan Das  Bagh,monument,Culture & Heritage,17.3787012,78.4402227,2859816408,24.317,Normal
HYD009765,6690779943,Rajiv Gandhi Statue,monument,Culture & Heritage,17.4423732,78.4410615,7130150201,10.473,Normal
HYD009766,7966169682,Sri. NTR & Smt. Basavatarakam Statue,monument,Culture & Heritage,17.4170357,78.4309056,7966160259,3.01,Normal
HYD009767,8621042251,Telugu thali statue,monument,Culture & Heritage,17.4515113,78.4841523,12437825523,1.441,Normal
HYD009768,2418791411,Umesh Chandra Statue,monument,Culture & Heritage,17.442546,78.4414688,3208546293,4.901,Normal
HYD009769,6634224607,Vijaya Ganapathi Arch,monument,Culture & Heritage,17.4120548,78.5612884,2236890259,6.459,Normal
HYD009770,10279877056,Vivekananda statue,monument,Culture & Heritage,17.3039107,78.4398894,10279877056,0.0,Normal
HYD009771,626940819,gandhi bhavan,monument,Culture & Heritage,17.3883677,78.4710398,2854799871,34.897,Normal
HYD009772,626910659,madina building;Ajfan,monument,Culture & Heritage,17.3684762,78.4757391,2460435098,27.012,Normal
HYD009773,626896827,shaik faiz kaman,monument,Culture & Heritage,17.3618204,78.4864271,308559908,6.345,Normal
HYD009774,4187311990,tank,monument,Culture & Heritage,17.4224031,78.4850374,308792952,51.191,Normal
HYD009775,10279582821,Athidhi Inn,motel,Accommodation,17.4352806,78.4504956,2854466667,34.83,Normal
HYD009776,10279582861,Hotel Gokul Grand,motel,Accommodation,17.4409017,78.4487314,3300712909,40.506,Normal
HYD009777,357105137,Mango Leaves,motel,Accommodation,17.3396191,78.56468876,1327848283,39.895,Normal
HYD009778,10279582828,Pummy Lodge,motel,Accommodation,17.4258957,78.4531897,7701119332,16.694,Normal
HYD009883,105725101,B M Birla Planetarium,museum,Culture & Heritage,17.40334344,78.47067302,7715721898,12.075,Normal
HYD009884,3415677039,B M Birla Science Museum,museum,Culture & Heritage,17.4033125,78.4695283,3612570436,15.341,Normal
HYD009885,10936819194,B.R.Ambedkar Statue,museum,Culture & Heritage,17.4132697,78.4673984,3612575694,88.064,Normal
HYD009886,3415666918,Dinosaurium,museum,Culture & Heritage,17.4031529,78.4698924,11033782747,21.662,Normal
HYD009887,475941772,Hakimpet Airforce Museum,museum,Culture & Heritage,17.545686184615388,78.5248873,4696212334,36.711,Normal
HYD009888,728852369,Horticulture Dept and Museum,museum,Culture & Heritage,17.3994472,78.4689612,3612568060,23.426,Normal
HYD009889,7021221185,Kalakriti art Gallery,museum,Culture & Heritage,17.416079,78.4434109,4244154625,24.323,Normal
HYD009890,4686864293,Railway Museum,museum,Culture & Heritage,17.3886992,78.4985997,6525697108,20.259,Normal
HYD009891,13543816905,Saifabad Mint Museum,museum,Culture & Heritage,17.4094646,78.4670978,453580425,48.97,Normal
HYD009892,238284090,Salar Jung Museum,museum,Culture & Heritage,17.3712786,78.48079076666666,3612556345,20.333,Normal
HYD009893,790788316,Taramati Baradari,museum,Culture & Heritage,17.375880600000002,78.37864641538462,8484837776,83.529,Normal
HYD009894,378458224,Telangana State Archaeology Museum,museum,Culture & Heritage,17.399235449999995,78.47026854444445,12337109964,49.169,Normal
HYD009895,626897250,The Nizam's Museum,museum,Culture & Heritage,17.365044,78.4832699,3671594931,41.738,Normal
HYD009896,357586185,Tribal Museum,museum,Culture & Heritage,17.40315770909091,78.45049579090909,13748635334,33.715,Normal
HYD009897,1409718843,ultimus,museum,Culture & Heritage,17.4245899,78.4521701,3676077011,19.183,Normal
HYD009898,1224523177,Adishwar Electronics,music,Entertainment,17.4525352,78.3640626,1699091371,33.903,Normal
HYD009899,2708229985,Planet M,music,Entertainment,17.3976021,78.5122721,3415837326,15.158,Normal
HYD009900,1883487163,TMC,music,Entertainment,17.4258803,78.4353809,11846315441,31.737,Normal
HYD009905,2217950163,Mahavir Nischalvan Eco Tourism,nature_reserve,Nature & Outdoors,17.3351662,78.5852597,4011191539,11.32,Normal
HYD009906,11489438733,nature,nature_reserve,Nature & Outdoors,17.4337022,78.5456761,11873559131,67.496,Normal
HYD030840,13064832961,MDRegion,outdoor,Recreation & Sports,17.435895,78.4541362,10060110478,14.322,Normal
HYD030841,4873113024,Swimming At Shusuma,outdoor,Recreation & Sports,17.3341383,78.5735459,4189322520,11.509,Normal
HYD030843,12541130544,Asian Enterprises,paint,Shopping,17.4768479,78.567131,3164348348,26.74,Normal
HYD030844,12545936080,Asian Paints Store,paint,Shopping,17.4793342,78.5578502,2225461257,12.065,Normal
HYD030845,11688047200,Dhanlaxmi Paints,paint,Shopping,17.5226041,78.4439562,4193478942,25.694,Normal
HYD030846,6589713128,Ganesh Traders,paint,Shopping,17.417895,78.5663888,3317426065,12.875,Normal
HYD030847,8909248524,M.S.Paints,paint,Shopping,17.4431036,78.4336516,351827184,18.209,Normal
HYD030848,6632844429,Sri Amarjyothi Traders,paint,Shopping,17.4191034,78.5653386,310444470,11.5,Normal
HYD030849,13536912464,Top Paints,paint,Shopping,17.4269056,78.4872155,6432145808,13.694,Normal
HYD030850,747860999,A-B,park,Nature & Outdoors,17.311903655555554,78.5195160888889,6996911366,14.098,Normal
HYD030851,8909248550,AG Colony Park-2,park,Nature & Outdoors,17.4469152,78.4286336,1750003750,36.123,Normal
HYD030852,798336250,Abdul Kalam Park,park,Nature & Outdoors,17.39506318,78.37186844,11150083036,40.295,Normal
HYD030853,13070393818,Abdullapurmet Lake,park,Nature & Outdoors,17.3062228,78.6936274,7650264629,62.217,Normal
HYD030854,898271650,Abhyudaya Nagar Community Hall,park,Nature & Outdoors,17.34697054,78.38074845999999,3579902511,25.633,Normal
HYD030855,281501985,Adarsh Nagar Park,park,Nature & Outdoors,17.404804566666666,78.47012156666666,3818680828,19.315,Normal
HYD030856,7351211488,Agri Biodiversity Park,park,Nature & Outdoors,17.3103778,78.4155092,4180267327,14.323,Normal
HYD030857,313280625,Agriculture Field,park,Nature & Outdoors,17.547510199999998,78.60315463999999,4188819249,208.711,Extended
HYD030858,2712512903,Alam Thota Park,park,Nature & Outdoors,17.4421937,78.4634506,7694976836,11.17,Normal
HYD030859,798336246,Alkapoor Park,park,Nature & Outdoors,17.3944674,78.37653132,3127112996,39.577,Normal
HYD030860,885392374,Alwal Childran's Park,park,Nature & Outdoors,17.499356319999997,78.51017049999999,2232047814,28.28,Normal
HYD030861,361886859,Alwyn Park,park,Nature & Outdoors,17.48980074,78.35172092,2231795204,38.296,Normal
HYD030862,3164412563,Amberpet T Jn,park,Nature & Outdoors,17.3920945,78.5163637,245640576,2.184,Normal
HYD030863,4637260280,Aparna Kranti Orchid,park,Nature & Outdoors,17.471981,78.3568794,2231576591,41.208,Normal
HYD030864,778828694,Aparna Serene Park Gardens,park,Nature & Outdoors,17.464692933333332,78.33656972222222,7030553037,41.712,Normal
HYD030865,778828695,Aparna Serene Park Gardens,park,Nature & Outdoors,17.463719118181817,78.33777404545454,8919400836,65.798,Normal
HYD030866,2714220179,Army Childrens park,park,Nature & Outdoors,17.4884883,78.5084377,3598276578,20.35,Normal
HYD030867,1490008053,Arogya Sanjeevani Vanam (Park),park,Nature & Outdoors,17.29973662,78.58068642,7518023135,38.646,Normal
HYD030868,165302486,Ayyappa Society Park,park,Nature & Outdoors,17.447149959999997,78.3933226,1323544908,15.892,Normal
HYD030869,568973277,Ayyappa Society Park,park,Nature & Outdoors,17.44699648,78.39092326,1323525354,21.894,Normal
HYD030870,1111768226,Ayyappa Society Park,park,Nature & Outdoors,17.45094208,78.39246174,6998058117,21.592,Normal
HYD030871,265202997,BHEL Hockey Court,park,Nature & Outdoors,17.4934685,78.30642,4191426778,78.678,Normal
HYD030872,339776081,BHEL Park,park,Nature & Outdoors,17.49485924444444,78.30720696666668,353673758,58.038,Normal
HYD030873,339802903,BHEL Park,park,Nature & Outdoors,17.494153555555556,78.30076436666667,7641955902,57.006,Normal
HYD030874,473916928,Badminton court,park,Nature & Outdoors,17.35444358,78.56917636,3598387225,21.172,Normal
HYD030875,238175802,Bank of Baroda Colony Park,park,Nature & Outdoors,17.41497536,78.49502206,308938417,14.985,Normal
HYD030876,1503406026,Banyan Tree Park,park,Nature & Outdoors,17.530032525,78.35916578333332,3614498436,17.015,Normal
HYD030877,13673385135,Begum bazar chaman,park,Nature & Outdoors,17.3707236,78.4700881,4203989135,70.997,Normal
HYD030878,281543181,Bhagath Singh Park,park,Nature & Outdoors,17.45471752,78.44690852,7694976839,51.314,Normal
HYD030879,346563647,Bhoodevi Nagar park,park,Nature & Outdoors,17.49162286,78.50278742,2221879079,35.834,Normal
HYD030880,3889091701,Biodiversity Complex,park,Nature & Outdoors,17.429105,78.3759577,9512781548,95.081,Normal
HYD030881,543750079,Biodiversity Park,park,Nature & Outdoors,17.428914771428566,78.37558146190476,3219757364,61.258,Normal
HYD030882,1456230225,Bird Park,park,Nature & Outdoors,17.258796044444445,78.68142674444444,7597497619,24.25,Normal
HYD030883,1419428231,Butterfly Theme Park,park,Nature & Outdoors,17.47577682,78.39464914,13043393838,18.772,Normal
HYD030884,311079962,Butterfly park,park,Nature & Outdoors,17.438875625,78.408475725,3602302613,55.829,Normal
HYD030885,361413338,Central Park,park,Nature & Outdoors,17.433398642857146,78.36265485714286,2246173530,41.982,Normal
HYD030886,29124405,Chacha Nehru Park,park,Nature & Outdoors,17.401688399999998,78.45047762222222,5144883252,72.473,Normal
HYD030887,894234295,Chanakyapuri Community Hall,park,Nature & Outdoors,17.36365846,78.56475680000001,1596025169,32.954,Normal
HYD030888,1495327859,Chatrapathi Shivaji Park,park,Nature & Outdoors,17.533193900000004,78.3929166,2780887973,38.551,Normal
HYD030889,768426882,Childern's Park,park,Nature & Outdoors,17.3036819625,78.516452225,3602491684,17.05,Normal
HYD030890,1098969963,Children Park,park,Nature & Outdoors,17.47418932,78.31036268,8258501933,10.189,Normal
HYD030891,253460280,Children Traffic Park,park,Nature & Outdoors,17.3612836,78.55801394285716,307055681,41.015,Normal
HYD030892,305823486,Children park,park,Nature & Outdoors,17.485529033333332,78.40600466666668,3105093432,25.383,Normal
HYD030893,1484471856,Children park,park,Nature & Outdoors,17.5023699,78.28420572,3109316421,32.025,Normal
HYD030894,1484472354,Children park,park,Nature & Outdoors,17.503360179999998,78.29063427999999,353645132,33.434,Normal
HYD030895,252087624,Children's Park,park,Nature & Outdoors,17.42461045454546,78.52405094545453,3598255360,12.051,Normal
HYD030896,252723812,Children's Park,park,Nature & Outdoors,17.364905072727275,78.58762045454546,1596174050,10.363,Normal
HYD030897,622612732,Children's Park,park,Nature & Outdoors,17.455325300000002,78.42945726,4611681457,32.274,Normal
HYD030898,630167062,Children's Park,park,Nature & Outdoors,17.45471164,78.42837469999999,5977431359,31.939,Normal
HYD030899,1256870553,Children's Park,park,Nature & Outdoors,17.52051852,78.44086646000001,7698397164,41.953,Normal
HYD030900,8386196949,Chilkalguda Park,park,Nature & Outdoors,17.4255364,78.5119056,12404435132,29.436,Normal
HYD030901,1473553062,Chitrapuri play park,park,Nature & Outdoors,17.416200735714288,78.37790955714286,5915678440,12.674,Normal
HYD030902,759615636,Colony Park,park,Nature & Outdoors,17.5252252,78.51247096666667,3618925679,32.122,Normal
HYD030903,1447352861,Colony Park and Play Area,park,Nature & Outdoors,17.410977316666667,78.45699553333334,11137672113,16.048,Normal
HYD030904,281534247,Community Park,park,Nature & Outdoors,17.37342452,78.51029218,3612557553,25.113,Normal
HYD030905,902979191,Community park,park,Nature & Outdoors,17.473549549999998,78.3890193125,11135369226,33.517,Normal
HYD030906,902979193,Community park,park,Nature & Outdoors,17.471690439999996,78.39035496,3602310674,44.029,Normal
HYD030907,851471715,Daasarathi Krishnamacharyulu Park,park,Nature & Outdoors,17.52872548,78.39215446,2780909585,41.517,Normal
HYD030908,545603455,Deccan Park,park,Nature & Outdoors,17.395342209523815,78.3986421809524,2594339257,0.406,Normal
HYD030909,234567408,Dharmareddy Colony Park,park,Nature & Outdoors,17.49199964,78.3940505,3602319966,20.337,Normal
HYD030910,825496776,Do.Science,park,Nature & Outdoors,17.432841475,78.4771068,3463068983,206.918,Extended
HYD030911,331777273,Dr. A.S. Rao Nagar Colony Park,park,Nature & Outdoors,17.4794363375,78.55558144999999,3598316892,37.127,Normal
HYD030912,851471714,Dr. Sarvepalli Radhakrishnan Park,park,Nature & Outdoors,17.52771736875,78.39211578124998,3614497129,24.892,Normal
HYD030913,2713457883,Durga Estates Park,park,Nature & Outdoors,17.4975873,78.3398384,2231795940,28.215,Normal
HYD030914,644363628,DurgaNagar Colony Park,park,Nature & Outdoors,17.426866550000003,78.45363062,2477255898,13.214,Normal
HYD030915,2713936303,Durgam Cheruvu Secret Lake Park,park,Nature & Outdoors,17.4311452,78.3920499,3602300859,75.74,Normal
HYD030916,362767920,East gandhi nagar park,park,Nature & Outdoors,17.49342092,78.61215176,4188879505,19.749,Normal
HYD030917,7345777446,Eco Park Hyderabad,park,Nature & Outdoors,17.3157844,78.3734999,7602668842,7.362,Normal
HYD030918,1240163351,Eco Park Hyderabad,park,Nature & Outdoors,17.313750121875,78.373949921875,11521904463,77.321,Normal
HYD030919,297191662,FCI Colony Park,park,Nature & Outdoors,17.49790412,78.35323822000001,1345864162,28.224,Normal
HYD030920,798336242,Fairfields Colony Chidren Park,park,Nature & Outdoors,17.39255314,78.3766689,2794196835,16.112,Normal
HYD030921,330903581,Feroz Gandhi Park,park,Nature & Outdoors,17.384972966666666,78.48144817777779,6536564683,40.326,Normal
HYD030922,2710794794,Friends Colony Badminton Park,park,Nature & Outdoors,17.3775427,78.5186982,3612559824,28.678,Normal
HYD030923,339978505,G PARK,park,Nature & Outdoors,17.481270400000003,78.30252936000001,4191453491,45.012,Normal
HYD030924,362532432,G.R. Reddy Park,park,Nature & Outdoors,17.49112006,78.57490812,2795821174,36.829,Normal
HYD030925,281803356,GA Venture Colony Park,park,Nature & Outdoors,17.361169080000003,78.51819496,11837286575,10.33,Normal
HYD030926,3535440814,GAJWEL,park,Nature & Outdoors,17.3560375,78.4632898,2852505913,0.0,Normal
HYD030927,362010497,GHMC HUDA Park,park,Nature & Outdoors,17.42615423333333,78.40102603333334,7680872202,32.516,Normal
HYD030928,13272712464,GHMC Monolith Park,park,Nature & Outdoors,17.4169549,78.4165479,13273826175,14.8,Normal
HYD030929,10960944066,GHMC PARK,park,Nature & Outdoors,17.443711,78.3308956,10097590137,25.458,Normal
HYD030930,10960953236,GHMC PARK,park,Nature & Outdoors,17.441891,78.3309198,13981179687,26.077,Normal
HYD030931,281798549,GHMC PARK,park,Nature & Outdoors,17.39822978,78.51763600000001,309704530,41.863,Normal
HYD030932,281798551,GHMC PARK,park,Nature & Outdoors,17.40606782,78.48063134,2847575140,13.939,Normal
HYD030933,281802921,GHMC PARK,park,Nature & Outdoors,17.37987324285714,78.44130092857144,308528903,27.06,Normal
HYD030934,281804171,GHMC PARK,park,Nature & Outdoors,17.37630508,78.4424176,2859816132,28.976,Normal
HYD030935,282201140,GHMC PARK,park,Nature & Outdoors,17.385925491666665,78.46036465,2852221746,35.72,Normal
HYD030936,282201142,GHMC PARK,park,Nature & Outdoors,17.385704275000002,78.46312085,308779492,44.491,Normal
HYD030937,282201143,GHMC PARK,park,Nature & Outdoors,17.37425132,78.4497971,4191498193,19.869,Normal
HYD030938,282201144,GHMC PARK,park,Nature & Outdoors,17.38616524,78.46246199999999,2852221750,22.028,Normal
HYD030939,282201145,GHMC PARK,park,Nature & Outdoors,17.372568620000003,78.45811662,11052249139,1.713,Normal
HYD030940,282201146,GHMC PARK,park,Nature & Outdoors,17.359128,78.43323292000001,2859870920,26.428,Normal
HYD030941,282201147,GHMC PARK,park,Nature & Outdoors,17.3650814,78.43702379999999,7713726714,31.649,Normal
HYD030942,282201149,GHMC PARK,park,Nature & Outdoors,17.387162522222226,78.46133712222223,11986853091,13.399,Normal
HYD030943,504688274,GHMC PARK,park,Nature & Outdoors,17.358683083333332,78.44636634999999,2738997993,50.273,Normal
HYD030944,2445875640,GHMC Park,park,Nature & Outdoors,17.3724796,78.5113174,3612557057,45.204,Normal
HYD030945,2447277091,GHMC Park,park,Nature & Outdoors,17.3998479,78.5212016,309703267,28.142,Normal
HYD030946,11878121669,GHMC Park,park,Nature & Outdoors,17.3967469,78.5425617,2240856804,9.683,Normal
HYD030947,281534245,GHMC Park,park,Nature & Outdoors,17.374849116666663,78.5011956,2241232725,52.718,Normal
HYD030948,341189072,GHMC Park,park,Nature & Outdoors,17.494334785714283,78.3950823142857,350457190,38.6,Normal
HYD030949,434944716,GHMC Park,park,Nature & Outdoors,17.4855107,78.31412472,4169633538,39.105,Normal
HYD030950,543840928,GHMC Park,park,Nature & Outdoors,17.44435166,78.36021738,3602303897,34.072,Normal
HYD030951,591727937,GHMC Park,park,Nature & Outdoors,17.50999472,78.36721968,7679194549,31.657,Normal
HYD030952,626551618,GHMC Park,park,Nature & Outdoors,17.446413019999998,78.38542119000002,349270032,26.616,Normal
HYD030953,879107114,GHMC Park,park,Nature & Outdoors,17.504441019999998,78.35701442,3602326699,26.53,Normal
HYD030954,884644649,GHMC Park,park,Nature & Outdoors,17.50243758,78.39660474,3602325418,24.835,Normal
HYD030955,1051807871,GHMC Park,park,Nature & Outdoors,17.4901564,78.55758994,2231827764,23.652,Normal
HYD030956,1051807872,GHMC Park,park,Nature & Outdoors,17.489653,78.55764217999999,2231636479,17.475,Normal
HYD030957,1256882225,GHMC Play Park,park,Nature & Outdoors,17.519202816666667,78.4391928,11885663668,28.905,Normal
HYD030958,929510116,GHMC Proposed Park,park,Nature & Outdoors,17.52880192,78.38954650000001,11533538792,17.514,Normal
HYD030959,281998361,GHMC ground,park,Nature & Outdoors,17.41107874,78.47746495999999,315057125,23.61,Normal
HYD030960,13308019393,GHMC park,park,Nature & Outdoors,17.4527464,78.3819778,5653671108,6.176,Normal
HYD030961,561432494,Gachibowli Park,park,Nature & Outdoors,17.442592080000004,78.35416648,1702560038,15.055,Normal
HYD030962,266133232,Gajularamaram Park,park,Nature & Outdoors,17.522105608333337,78.42645339166667,4202017000,17.97,Normal
HYD030963,341388491,"Gandhi Nagar,Community Hall",park,Nature & Outdoors,17.391776483333334,78.54217449166667,1317198060,20.85,Normal
HYD030964,626348183,Gandipet Lake park,park,Nature & Outdoors,17.382132739999996,78.315888095,308971296,108.241,Extended
HYD030965,158312226,Garden,park,Nature & Outdoors,17.540964358333333,78.38602276666667,1705375538,17.409,Normal
HYD030966,737554364,Garden,park,Nature & Outdoors,17.427552214285715,78.44170238571428,7233732636,15.318,Normal
HYD030967,495694430,Gautami Enclave Park,park,Nature & Outdoors,17.465792585714286,78.35003394285714,6150165889,39.08,Normal
HYD030968,9870554866,Gayatri Nagar Colony Association,park,Nature & Outdoors,17.4086822,78.5779574,2854539900,22.047,Normal
HYD030969,765157350,Gayatri Nagar Indoor Badminton Court,park,Nature & Outdoors,17.45351316,78.40015639999999,3602307414,15.48,Normal
HYD030970,1233761429,Golden Mile Park,park,Nature & Outdoors,17.40150306,78.33599505999999,2244916810,61.177,Normal
HYD030971,2712690737,Googlys Children Park,park,Nature & Outdoors,17.4186353,78.5452387,12320267396,41.229,Normal
HYD030972,879143597,Green Hamlet Park,park,Nature & Outdoors,17.46997918888889,78.3692116888889,7712350016,21.195,Normal
HYD030973,879143596,Green Hamlet Park 2,park,Nature & Outdoors,17.469269500000003,78.36873226,7673241213,18.161,Normal
HYD030974,1051807883,Green Park Central park,park,Nature & Outdoors,17.492083700000002,78.55843497999999,2231636568,25.715,Normal
HYD030975,1419448660,Green Space,park,Nature & Outdoors,17.43656987073171,78.47337156341463,3191280554,32.157,Normal
HYD030976,1051807881,Green park,park,Nature & Outdoors,17.490974833333336,78.55996235,2231531830,15.711,Normal
HYD030977,902946709,Gruhalakshmi colony park,park,Nature & Outdoors,17.45711728,78.50263115999999,2222305450,28.291,Normal
HYD030978,281501996,Gun Park,park,Nature & Outdoors,17.401304292857144,78.46952092857143,289917125,31.548,Normal
HYD030979,469300213,H.B colony Ground,park,Nature & Outdoors,17.453385185714286,78.56531145714284,3598311744,40.22,Normal
HYD030980,6935221547,HAL Park,park,Nature & Outdoors,17.4820586,78.4796382,2789776048,27.819,Normal
HYD030981,339700743,HIG Function Hall,park,Nature & Outdoors,17.50411252,78.30262318,3469099843,36.673,Normal
HYD030982,340893445,HIG Park,park,Nature & Outdoors,17.48429322,78.38745019999999,1750181374,43.328,Normal
HYD030983,361886861,HIG Park,park,Nature & Outdoors,17.48961612,78.34952872000001,2231795143,46.092,Normal
HYD030984,305823705,HMDA PARK,park,Nature & Outdoors,17.484556859999998,78.40508537999999,3602315556,27.393,Normal
HYD030985,706790546,HMT Lake Park,park,Nature & Outdoors,17.42237332941177,78.55007518235293,10559326587,33.923,Normal
HYD030986,10244211027,HMT park,park,Nature & Outdoors,17.4223412,78.5497907,1538421906,25.224,Normal
HYD030987,2431768432,HUDA Park,park,Nature & Outdoors,17.3237775,78.5693006,2725432613,53.436,Normal
HYD030988,265402614,HUDA Park,park,Nature & Outdoors,17.331739985714286,78.56840301428572,2881685624,50.041,Normal
HYD030989,340892765,HUDA Park,park,Nature & Outdoors,17.480980757142856,78.39298632857142,3602313870,64.464,Normal
HYD030990,515013278,Hamsa Cricket Ground,park,Nature & Outdoors,17.335337625,78.38452028750001,2744202874,52.265,Normal
HYD030991,362586953,Haripuri colony park,park,Nature & Outdoors,17.3628742,78.5525766,1340793724,31.323,Normal
HYD030992,2714343157,Herbal Garden,park,Nature & Outdoors,17.3122076,78.4206174,3550386317,18.821,Normal
HYD030993,265769131,Hig Park - Kids Play Area,park,Nature & Outdoors,17.50558196,78.30368326,3468988302,37.697,Normal
HYD030994,515411914,Hill Top Lake Park,park,Nature & Outdoors,17.444294242105258,78.41590352631579,1284260538,87.535,Normal
HYD030995,1294667922,Huda Colony C-Type Park,park,Nature & Outdoors,17.361591833333335,78.53806456666666,2245835515,18.842,Normal
HYD030996,902916033,Huda Colony Walkers Association,park,Nature & Outdoors,17.488864485714288,78.33007577142858,4357377653,31.736,Normal
HYD030997,6779897848,Huda Park,park,Nature & Outdoors,17.5134067,78.5503302,3598285494,75.402,Normal
HYD030998,13697879328,Huda Park,park,Nature & Outdoors,17.3633307,78.5374855,13377825341,47.608,Normal
HYD030999,355775213,Huda Sai Nagar Park,park,Nature & Outdoors,17.33240521666667,78.5795539,3598382377,28.986,Normal
HYD031000,8389347882,Huda park,park,Nature & Outdoors,17.362155,78.4257998,2739329277,57.75,Normal
HYD031001,11736410878,I Love Jntuh Park,park,Nature & Outdoors,17.4968822,78.3926433,7683005492,28.812,Normal
HYD031002,1257374561,IDPL exhibition grounds,park,Nature & Outdoors,17.4874853,78.44929731428572,2778849645,30.565,Normal
HYD031003,2712690736,IICT children's park 2,park,Nature & Outdoors,17.4210381,78.545115,10564876799,26.337,Normal
HYD031004,213636363,Imlibun Park,park,Nature & Outdoors,17.375857033333336,78.482694475,3612559107,58.281,Normal
HYD031005,469270371,Indiabulls Park,park,Nature & Outdoors,17.416622760000003,78.48444357999999,11175742004,18.76,Normal
HYD031006,29124111,Indira Park,park,Nature & Outdoors,17.413930624137933,78.48219106896552,3612575990,180.694,Extended
HYD031007,2709128837,Indraprastha Township Park,park,Nature & Outdoors,17.3583055,78.5158846,2243960771,35.021,Normal
HYD031008,642186487,Interactive Science park,park,Nature & Outdoors,17.445808839999998,78.37854268,6149806107,33.734,Normal
HYD031009,256666880,JNGP Hostel Areana,park,Nature & Outdoors,17.391605414285713,78.52934674285714,2623037187,26.337,Normal
HYD031010,543840929,JV Colony Park,park,Nature & Outdoors,17.445232216666668,78.36058324999999,2232097947,41.36,Normal
HYD031011,854214833,Jal Vayu Vihar Park,park,Nature & Outdoors,17.499771966666668,78.39778849999999,3602324131,14.91,Normal
HYD031012,29124311,Jalagam Vengal Rao Park,park,Nature & Outdoors,17.42302864117647,78.4481055352941,1880347574,63.233,Normal
HYD031013,894118914,Janapriya Enclave Park,park,Nature & Outdoors,17.35853165714286,78.56361201428571,13319845950,29.547,Normal
HYD031014,1452411991,Janapriya Enclave Park,park,Nature & Outdoors,17.358854442857144,78.56363037142857,1596067215,28.157,Normal
HYD031015,1051807890,Janapriya Park,park,Nature & Outdoors,17.493637460000002,78.5570865,7698015330,17.287,Normal
HYD031016,391488597,JawaharNagar Colony Park,park,Nature & Outdoors,17.437784299999997,78.48458986,3598259090,23.299,Normal
HYD031017,362695256,Jawan Nagar Park,park,Nature & Outdoors,17.48825678571428,78.57257888571428,2795821030,26.868,Normal
HYD031018,2709123146,Jayanagar Colony Park,park,Nature & Outdoors,17.3585073,78.5177466,312810203,28.352,Normal
HYD031019,827870923,Jayanagar Community Park,park,Nature & Outdoors,17.49896322,78.40494000000001,7728675417,13.964,Normal
HYD031020,1446704540,Jubilee Garden GHMC Park Road No. 1,park,Nature & Outdoors,17.460241557142858,78.3694644,7675774164,4.76,Normal
HYD031021,361720515,Jubilee Hills Urban Park,park,Nature & Outdoors,17.4357567875,78.41135486249999,2570959425,27.502,Normal
HYD031022,582560847,Jupally GHMC Park,park,Nature & Outdoors,17.505072260000002,78.54837758,7694963886,21.522,Normal
HYD031023,361880549,KPHB Park,park,Nature & Outdoors,17.47313793,78.38531628000001,2249764658,26.88,Normal
HYD031024,9457269962,KailashHills Park 1,park,Nature & Outdoors,17.5166752,78.4182694,3550347115,38.868,Normal
HYD031025,91741021,Kakateeya Nagar Park,park,Nature & Outdoors,17.41584304705882,78.54026411764707,3598253394,66.482,Normal
HYD031026,2607575861,Kalyan Nagar Phase-1 Park,park,Nature & Outdoors,17.4434407,78.432796,3218358878,24.131,Normal
HYD031027,897375946,Kamalapuri Colony Park,park,Nature & Outdoors,17.42936076,78.43005008,364697617,32.483,Normal
HYD031028,2712487682,Kanjerla Laxmi Narayan Yadav Park,park,Nature & Outdoors,17.4491548,78.4410307,5957371456,43.059,Normal
HYD031029,281802023,Kantinagar Colony Park,park,Nature & Outdoors,17.39150963333333,78.44052756666666,3612565027,30.236,Normal
HYD031030,706790545,Karthikeya Nagar Community Park,park,Nature & Outdoors,17.430775900000004,78.54772995,13415061750,18.227,Normal
HYD031031,706790544,Karthikeya Nagar Park,park,Nature & Outdoors,17.430103220000003,78.54667284,2236750191,20.056,Normal
HYD031032,55555826,Kesav Memorial Playground,park,Nature & Outdoors,17.39691634,78.4901943,4176118711,18.858,Normal
HYD031033,318507341,Khairatabad Park,park,Nature & Outdoors,17.410052244444447,78.46406837777778,13335606808,30.35,Normal
HYD031034,1420397723,Kindi Kunta Park,park,Nature & Outdoors,17.505381980000003,78.38975276000001,2852274952,49.795,Normal
HYD031035,10279452106,Kishan Bagh Park,park,Nature & Outdoors,17.3603316,78.4405603,316968038,46.568,Normal
HYD031036,883072272,Komaram Bheem Park,park,Nature & Outdoors,17.53070666,78.391149,3614498567,32.723,Normal
HYD031037,108233467,Krishnakanth Park,park,Nature & Outdoors,17.4402035125,78.43020765000001,1291820598,115.449,Extended
HYD031038,332097762,Kundanbagh Park,park,Nature & Outdoors,17.43435136,78.45926546,3598257744,34.485,Normal
HYD031039,468487461,LIG A PARK,park,Nature & Outdoors,17.477273200000003,78.56034692,3550378290,36.367,Normal
HYD031040,318606407,Lake View Park,park,Nature & Outdoors,17.41426933703704,78.46356446666665,6373360517,29.951,Normal
HYD031041,894234296,Lalitha Nagar Park,park,Nature & Outdoors,17.36586226,78.56292271999999,1596014897,26.043,Normal
HYD031042,1376717921,Lawn,park,Nature & Outdoors,17.530450728571427,78.36256715714285,2778813089,37.349,Normal
HYD031043,129394334,Lawns in front of Admin Block,park,Nature & Outdoors,17.496870783333335,78.39262013333332,7683005492,26.46,Normal
HYD031044,13673310907,Laxmi nagar colony park,park,Nature & Outdoors,17.3702294,78.5423722,10828983448,17.866,Normal
HYD031045,362700823,Local Park,park,Nature & Outdoors,17.446578350000003,78.50979214000002,2234142132,67.414,Normal
HYD031046,903286905,Lotus park,park,Nature & Outdoors,17.44150762,78.345563,6149329411,36.755,Normal
HYD031047,885449284,Louis Braille Park,park,Nature & Outdoors,17.371904938461537,78.50887348461538,11032078823,25.803,Normal
HYD031048,29124134,Lumbini Park,park,Nature & Outdoors,17.40971154903846,78.47328922211541,3612573353,57.54,Normal
HYD031049,4413436915,MCH PARK,park,Nature & Outdoors,17.3977615,78.4157502,7693510810,17.052,Normal
HYD031050,282025237,MCH PARK,park,Nature & Outdoors,17.413265399999997,78.51114268,3612574954,11.472,Normal
HYD031051,361681579,MCH Park,park,Nature & Outdoors,17.41057112857143,78.4227075,2855061997,58.724,Normal
HYD031052,554821843,MRWA Park 2,park,Nature & Outdoors,17.49386498,78.3711515,5354187913,50.754,Normal
HYD031053,6339493410,Madhura Nagar Park,park,Nature & Outdoors,17.3909254,78.5319732,1317001954,24.899,Normal
HYD031054,2712475270,Madhuranagar D Park,park,Nature & Outdoors,17.4396037,78.4351299,12639952959,28.177,Normal
HYD031055,361886865,Madinaguda Park,park,Nature & Outdoors,17.490951439999996,78.34652392000001,4193011303,21.761,Normal
HYD031056,2714308169,Mahatma Gandhi Park,park,Nature & Outdoors,17.3884689,78.3699932,2245932154,52.918,Normal
HYD031057,1025484565,Mahavir Harina Vanasthali National Park,park,Nature & Outdoors,17.340028791666665,78.58402479583332,2803084582,285.58,Extended
HYD031058,626897219,Manju miya tabela playground,park,Nature & Outdoors,17.365234,78.4848029,2859523737,18.21,Normal
HYD031059,2714174094,Meenakshi Estates Park,park,Nature & Outdoors,17.509976,78.483146,3598284141,14.042,Normal
HYD031060,169960774,Melkote Park,park,Nature & Outdoors,17.39854386666667,78.48916703636365,11042220377,88.326,Normal
HYD031061,543748699,Microsoft B3 Park,park,Nature & Outdoors,17.428396193333338,78.34054158,7687108291,25.616,Normal
HYD031062,1345419642,Microsoft Lake Park,park,Nature & Outdoors,17.42968913636363,78.34006299090909,12455560880,25.034,Normal
HYD031063,261478394,Microsoft Park,park,Nature & Outdoors,17.430360447058817,78.34214799411765,7687078461,53.007,Normal
HYD031064,297108845,Mindspace Park,park,Nature & Outdoors,17.442790840909094,78.38109571363636,11033804301,33.914,Normal
HYD031065,894120433,Mini Park,park,Nature & Outdoors,17.363680616666667,78.5608035,1596001184,10.847,Normal
HYD031066,281798438,Moosarambagh Park,park,Nature & Outdoors,17.3737784,78.51845003999999,312810332,48.441,Normal
HYD031067,75100051,Mother Teresa Park,park,Nature & Outdoors,17.437845525,78.5045953,308795993,25.759,Normal
HYD031068,361720516,Muncipal Park,park,Nature & Outdoors,17.432582939999996,78.40565545,3602301093,25.44,Normal
HYD031069,248417253,Municipal Corporation Park,park,Nature & Outdoors,17.40286884,78.44527092000001,1316822721,34.216,Normal
HYD031070,1595862680,Municipal Park,park,Nature & Outdoors,17.3969183,78.4945424,12048730960,45.95,Normal
HYD031071,2445997535,Municipal Park,park,Nature & Outdoors,17.3747753,78.5125111,7712788849,21.648,Normal
HYD031072,219364269,NTR Park,park,Nature & Outdoors,17.517869300000005,78.39534757999999,7941846130,30.434,Normal
HYD031073,8386475676,NTR children park,park,Nature & Outdoors,17.5220845,78.3955625,8127779818,20.784,Normal
HYD031074,500257375,Nagina Bagh,park,Nature & Outdoors,17.384970744444445,78.40197624444444,3579909428,60.641,Normal
HYD031075,884661559,Naren Holiday Park,park,Nature & Outdoors,17.505161157142858,78.36361901428572,11818028204,42.16,Normal
HYD031076,334491812,Narendra Park,park,Nature & Outdoors,17.39790602,78.51148452,3612567270,32.535,Normal
HYD031077,658049832,Nerella Park,park,Nature & Outdoors,17.461431572727275,78.36411289636364,3602308975,71.862,Normal
HYD031078,6372382480,Nizampetpark,park,Nature & Outdoors,17.5156522,78.3782104,7687168913,25.732,Normal
HYD031079,362695252,North Park,park,Nature & Outdoors,17.488839059999997,78.53830212,2222733708,30.458,Normal
HYD031080,1460129003,Open Air Gym,park,Nature & Outdoors,17.447841160000003,78.34822366,1580588257,37.664,Normal
HYD031081,331977010,Owaisi Park,park,Nature & Outdoors,17.392210116666664,78.45461184999999,728969403,17.715,Normal
HYD031082,1419428249,Oxygen Park,park,Nature & Outdoors,17.354308300000003,78.55610865999999,11827395969,12.197,Normal
HYD031083,1419428250,Oxygen Park,park,Nature & Outdoors,17.35254082,78.55551002,1595788684,6.423,Normal
HYD031084,692940430,P and T Colony Park,park,Nature & Outdoors,17.4119014,78.49241591250001,6528316321,15.865,Normal
HYD031085,281781846,PARK,park,Nature & Outdoors,17.40046908,78.51055042,3612569310,16.298,Normal
HYD031086,1088783158,PPZ Park,park,Nature & Outdoors,17.54128044,78.3664843,2778813222,39.144,Normal
HYD031087,340891351,PV Narasimharao Park,park,Nature & Outdoors,17.488912514285712,78.39013642857142,3602318219,82.187,Normal
HYD031088,384947549,Palm Meadows Park,park,Nature & Outdoors,17.55654384,78.48179946,2791954833,51.552,Normal
HYD031089,898269809,Panchatatva Park,park,Nature & Outdoors,17.3478657,78.38213492,3579902573,25.558,Normal
HYD031090,339693042,Park,park,Nature & Outdoors,17.50561148,78.30161196,2763929179,32.882,Normal
HYD031091,656926218,Park,park,Nature & Outdoors,17.4288502,78.64212427999999,6153219214,22.744,Normal
HYD031092,380919446,Park  & Kids Play Area,park,Nature & Outdoors,17.52905312857143,78.3613863142857,11169364204,16.288,Normal
HYD031093,2713460049,Park Area Pragathi Lay Out,park,Nature & Outdoors,17.4991605,78.3567474,2231949814,43.338,Normal
HYD031094,343689996,Patel Kunta Park,park,Nature & Outdoors,17.49701904791666,78.40938506458333,3602321508,95.66,Normal
HYD031095,362010510,Pearl Village Park,park,Nature & Outdoors,17.460850060000002,78.34672889999999,7663119130,30.309,Normal
HYD031096,8386117717,People's park association,park,Nature & Outdoors,17.4052122,78.4935646,4003605846,32.538,Normal
HYD031097,13673370115,Play ground,park,Nature & Outdoors,17.4541117,78.4940161,932877098,33.069,Normal
HYD031098,1492049281,Play ground,park,Nature & Outdoors,17.454022979999998,78.49403704,3598264909,41.209,Normal
HYD031099,9923836906,Playground,park,Nature & Outdoors,17.4244954,78.5249515,2578021685,27.703,Normal
HYD031100,2713459237,Pragathi Enclave Children Park,park,Nature & Outdoors,17.4983164,78.3565292,7672517620,31.143,Normal
HYD031101,872822648,Pragati Park,park,Nature & Outdoors,17.52446662812501,78.39621419999999,7694747689,14.078,Normal
HYD031102,865313779,Prashanthi Hills Park,park,Nature & Outdoors,17.52730372,78.3929216,3614496925,48.366,Normal
HYD031103,297207853,Press Colony Park,park,Nature & Outdoors,17.45976238333333,78.4955715,3598266876,29.762,Normal
HYD031104,487443506,"Priyadarshini Park , Saroor Nagar",park,Nature & Outdoors,17.355025160000004,78.530395052,11045863967,60.195,Normal
HYD031105,12343684457,Prof. Jayashankar tree Park,park,Nature & Outdoors,17.4885984,78.3300672,4357377653,61.119,Normal
HYD031106,469636118,Public Garden Park,park,Nature & Outdoors,17.398512880000006,78.46954898333335,3674101853,10.26,Normal
HYD031107,116944236,Public Gardens,park,Nature & Outdoors,17.39866236,78.46880824,3612567529,52.419,Normal
HYD031108,751542521,Public Park,park,Nature & Outdoors,17.439149553846157,78.38579431538462,7045983236,31.943,Normal
HYD031109,886475965,Public Park,park,Nature & Outdoors,17.405596514285715,78.5561796,3381806326,27.754,Normal
HYD031110,670652453,Quiet Lands Greenery,park,Nature & Outdoors,17.4404185,78.36250776,1318404224,13.206,Normal
HYD031111,670652457,Quiet Lands Park,park,Nature & Outdoors,17.441049333333336,78.36242558333333,1318404219,24.146,Normal
HYD031112,331355534,RAMAKRISHNA NAGAR PARK,park,Nature & Outdoors,17.39655908,78.52120986,2234832217,29.062,Normal
HYD031113,902957460,RICHI Park,park,Nature & Outdoors,17.517191160000003,78.39584033999999,1906537052,17.531,Normal
HYD031114,872821968,Raani Rudrama Devi Park,park,Nature & Outdoors,17.529673000000003,78.39161754444444,3614498403,29.011,Normal
HYD031115,7536668787,Rabbit's park,park,Nature & Outdoors,17.4782734,78.5171242,5491723780,38.299,Normal
HYD031116,759615635,Railway Employees’ Colony Park,park,Nature & Outdoors,17.538199385714286,78.50982544285714,7095914646,61.917,Normal
HYD031117,726874321,Ramalayam Temple Park,park,Nature & Outdoors,17.48733556,78.5373691,1001548868,30.866,Normal
HYD031118,13179504401,Red Hills Park,park,Nature & Outdoors,17.3967797,78.4650101,2847498455,45.712,Normal
HYD031119,265201055,Rock Garden,park,Nature & Outdoors,17.493478487500003,78.3132488875,9911123890,36.466,Normal
HYD031120,362567201,Rock Garden,park,Nature & Outdoors,17.544353328571432,78.572890625,2684820184,61.861,Normal
HYD031121,687813407,Rock Garden,park,Nature & Outdoors,17.376948127624303,78.31580226022102,308971301,74.896,Normal
HYD031122,894234294,Rock Town Colony Community Hall,park,Nature & Outdoors,17.358271842857146,78.56045808571427,1596094006,13.998,Normal
HYD031123,75500040,Rotary Park,park,Nature & Outdoors,17.42189540666667,78.48431336666668,3166087758,45.789,Normal
HYD031124,246112068,Rural Technology Park,park,Nature & Outdoors,17.312867483783783,78.39826783243242,2556825285,102.424,Extended
HYD031125,7140556933,S J Patel,park,Nature & Outdoors,17.4421722,78.4504951,350247385,22.476,Normal
HYD031126,2446634314,SBH Colony Community Park,park,Nature & Outdoors,17.3459952,78.5480553,2245995380,56.248,Normal
HYD031127,362955635,SBI Officers colony park,park,Nature & Outdoors,17.399166583333333,78.51784545,4637354271,15.116,Normal
HYD031128,876161049,SRT Colony (GHMC) Park,park,Nature & Outdoors,17.409011,78.50563832857142,2234832625,18.69,Normal
HYD031129,396689539,Sachivalaya Nagar Park,park,Nature & Outdoors,17.3267915125,78.570777475,3598381352,45.488,Normal
HYD031130,468454258,Safilguda Park,park,Nature & Outdoors,17.462781765217386,78.53696815652174,11865900020,31.574,Normal
HYD031131,874580320,Sahara Estates Garden,park,Nature & Outdoors,17.34836084,78.57115567999999,733902895,39.033,Normal
HYD031132,587073717,Sai Aishwarya Hill Park,park,Nature & Outdoors,17.39579854,78.61222996000001,3598395903,36.614,Normal
HYD031133,745841721,Sai Baba Nagar Colony Park,park,Nature & Outdoors,17.33968200909091,78.38266131818182,5273079665,23.677,Normal
HYD031134,238177496,Sai Baba Temple,park,Nature & Outdoors,17.41778166,78.49231234,1338952970,20.415,Normal
HYD031135,6734373718,Sai Laxmi Panchavati Colony Park,park,Nature & Outdoors,17.4120783,78.3832774,2795872112,11.797,Normal
HYD031136,362532424,Sainikpuri Children's Park,park,Nature & Outdoors,17.4876252,78.54636382,1448159649,50.53,Normal
HYD031137,362532425,Sainikpuri Park,park,Nature & Outdoors,17.486089122222225,78.55289032222221,3598275741,63.961,Normal
HYD031138,603428299,Saleem Nagar Colony Park,park,Nature & Outdoors,17.372115540000003,78.51245046,3612557037,32.388,Normal
HYD031139,1420118593,Samatha Nagar Park,park,Nature & Outdoors,17.50214815,78.39263584166666,11244947418,31.018,Normal
HYD031140,11009412980,Samathapuri colony park,park,Nature & Outdoors,17.3767522,78.5536735,1889465261,58.514,Normal
HYD031141,279349048,Sanathnagar Industrial Estate Park,park,Nature & Outdoors,17.45702936,78.44340593999999,2781135884,65.021,Normal
HYD031142,29124107,Sanjeevaiah Park,park,Nature & Outdoors,17.43151604184397,78.47505692978724,320409101,376.563,Extended
HYD031143,1544860869,Sapthagiri Park,park,Nature & Outdoors,17.49626404,78.41630774000001,2249842352,29.587,Normal
HYD031144,2709131770,Saraswathi Nagar Colony Park,park,Nature & Outdoors,17.3580184,78.5191857,312810200,19.218,Normal
HYD031145,334491813,Saraswati Nagar Park,park,Nature & Outdoors,17.39637538,78.50937186,1316859841,17.624,Normal
HYD031146,5595935142,Sarvat Bari Park,park,Nature & Outdoors,17.4149877,78.4430288,3612576035,47.844,Normal
HYD031147,585612916,Sarvat Bari Park,park,Nature & Outdoors,17.41484415,78.44307766428572,5595989141,53.557,Normal
HYD031148,129519442,Sathavahana Colony Park,park,Nature & Outdoors,17.497875,78.40296748,1428866602,30.76,Normal
HYD031149,252488302,Satya Nagar Colony Park,park,Nature & Outdoors,17.399681660000002,78.57308772000002,9713078308,14.142,Normal
HYD031150,1454227936,Savithribayi Phule Park,park,Nature & Outdoors,17.380858128571425,78.57225198571429,13336702647,8.047,Normal
HYD031151,740766215,Scidmore Park,park,Nature & Outdoors,17.304963107142857,78.51450921428571,7686765855,22.347,Normal
HYD031152,1209946949,Shaili Gardens GHMC Park 1,park,Nature & Outdoors,17.50154092,78.54624033999998,3598282440,46.392,Normal
HYD031153,582560854,Shaili Gardens GHMC Park 2,park,Nature & Outdoors,17.502964357142854,78.54854741428572,2794316422,48.626,Normal
HYD031154,9679094000,Shanthi Vanam Medipally Park,park,Nature & Outdoors,17.4158985,78.6018454,13363271366,269.686,Extended
HYD031155,29251806,Shilparamam,park,Nature & Outdoors,17.451845540909087,78.37794801818183,7676158390,51.911,Normal
HYD031156,13070393816,Shiva Gardens,park,Nature & Outdoors,17.3116863,78.6865342,7656684028,25.006,Normal
HYD031157,264089550,Shivapuri-Shank Colony Park,park,Nature & Outdoors,17.4813321,78.55960754,11568968749,14.167,Normal
HYD031158,340894662,Shyam Prasad Mukharjee Municipal Park,park,Nature & Outdoors,17.48945312,78.39748983999999,4170913466,25.913,Normal
HYD031159,255363158,Siddartha Nagar Park,park,Nature & Outdoors,17.441378680000003,78.43528583999998,351827087,39.521,Normal
HYD031160,939738216,Siddhartha Park,park,Nature & Outdoors,17.42955685555556,78.4374486,3602300707,22.812,Normal
HYD031161,516210928,Singhs Park Cricket Ground,park,Nature & Outdoors,17.333617659999998,78.38197922,14091543758,49.18,Normal
HYD031162,4637259707,Small park,park,Nature & Outdoors,17.4694609,78.3595363,11054294985,7.332,Normal
HYD031163,331976991,Snake Park,park,Nature & Outdoors,17.392835339999998,78.453079,1317469018,23.125,Normal
HYD031164,12164082166,Sri Mahagayathri GHMC Layout Park,park,Nature & Outdoors,17.3326057,78.6154049,12164096020,33.417,Normal
HYD031165,1314214109,Sri Mahagayathri GHMC Layout Park,park,Nature & Outdoors,17.332674183333335,78.6153913,4715940150,26.046,Normal
HYD031166,1455162438,Sri Mahalakshi Vambay Colony Children's Park,park,Nature & Outdoors,17.358251628571427,78.56584269999999,13344670699,12.695,Normal
HYD031167,11289965969,Sri Sai Colony Park,park,Nature & Outdoors,17.3641277,78.4105571,4260117708,6.659,Normal
HYD031168,169098536,Srila Main Park,park,Nature & Outdoors,17.48648946666667,78.3702699,1802650885,32.01,Normal
HYD031169,169098537,Srila Walkway Park,park,Nature & Outdoors,17.48820378,78.37139554000001,1802650894,14.469,Normal
HYD031170,332096119,Srinivasa Nagar Colony Park No.1,park,Nature & Outdoors,17.47914594,78.56293165999999,2225461252,30.147,Normal
HYD031171,902916924,Sripuri colony park,park,Nature & Outdoors,17.458481525,78.5022252,1339439563,41.769,Normal
HYD031172,745841722,St Micheals Colony Park,park,Nature & Outdoors,17.34807182777778,78.37650831666667,6980560640,21.449,Normal
HYD031173,265770309,Subba Rao Park,park,Nature & Outdoors,17.49404264,78.36300034,2229000585,52.828,Normal
HYD031174,265204892,Sundaravanam Park,park,Nature & Outdoors,17.503030442857142,78.29840414285715,4191133747,109.671,Extended
HYD031175,29252515,Sundarayya Park,park,Nature & Outdoors,17.398498042857142,78.49790529999999,308783046,47.493,Normal
HYD031176,210393778,Swami Vivekananda Park,park,Nature & Outdoors,17.39210852,78.37212206,11527420706,44.164,Normal
HYD031177,1199766643,Swami Vivekananda Park,park,Nature & Outdoors,17.452471755555553,78.39306007777778,11127406446,18.042,Normal
HYD031178,6407554284,T R Ujna Park,park,Nature & Outdoors,17.3974388,78.4688357,7010429424,35.281,Normal
HYD031179,10280090407,TNGOS PARK,park,Nature & Outdoors,17.3072739,78.4398261,4177623385,37.847,Normal
HYD031180,384969283,TNR Shakuntala Park,park,Nature & Outdoors,17.348833000000003,78.54298725999999,7709640297,58.044,Normal
HYD031181,670634597,Tapovanam Park,park,Nature & Outdoors,17.37252549375,78.41058971875,7380335864,59.551,Normal
HYD031182,967161512,Tara Maidan,park,Nature & Outdoors,17.36182076,78.46548025000001,2852506381,23.414,Normal
HYD031183,759757333,TechMahindra SEZ,park,Nature & Outdoors,17.452539229411766,78.37108045000001,7097303114,23.576,Normal
HYD031184,147998583,Telangana Martyrs Memorial,park,Nature & Outdoors,17.440872625,78.4976061,6862257427,13.601,Normal
HYD031185,122805508,Telecom Nagar Park,park,Nature & Outdoors,17.434408089999998,78.3660198,1308474369,43.137,Normal
HYD031186,756212720,Telecom Nagar Park 2,park,Nature & Outdoors,17.43235704,78.36688192,1308474676,41.875,Normal
HYD031187,1135426190,Telephone colony park,park,Nature & Outdoors,17.36849478,78.54728884,312813303,77.936,Normal
HYD031188,252269782,The English and Foreign Languages University (EFLU),park,Nature & Outdoors,17.424283924999997,78.525033935,3598255301,8.292,Normal
HYD031189,13088199796,Tree Park,park,Nature & Outdoors,17.4419898,78.326073,2155894570,25.473,Normal
HYD031190,1424020824,Tree Park,park,Nature & Outdoors,17.441924179999997,78.32633612000001,2155894570,17.99,Normal
HYD031191,13994413246,Udyanavanam Park,park,Nature & Outdoors,17.3966738,78.5410289,1317036766,8.826,Normal
HYD031192,281802022,Ushodaya Colony Park,park,Nature & Outdoors,17.38508535,78.43890056666667,3612562137,31.021,Normal
HYD031193,733439138,VST,park,Nature & Outdoors,17.4259038,78.54422198333333,2236749424,27.063,Normal
HYD031194,13415039601,VST Park,park,Nature & Outdoors,17.4045562,78.5017921,13436948431,14.001,Normal
HYD031195,1465001208,VST Park,park,Nature & Outdoors,17.407586580000004,78.50704538,11494245736,37.768,Normal
HYD031196,11361927896,Vasanth Nagar Park,park,Nature & Outdoors,17.4954508,78.3822439,11046206230,32.484,Normal
HYD031197,340919496,Vasanth Nagar Park,park,Nature & Outdoors,17.49120468,78.38452822,3602319560,28.876,Normal
HYD031198,7180214476,Vemana Colony Park,park,Nature & Outdoors,17.5048364,78.31635,11505267956,34.358,Normal
HYD031199,8909248547,Vikaspuri Colony Park,park,Nature & Outdoors,17.4491503,78.4314199,1748889420,22.645,Normal
HYD031200,963143254,Vikaspuri Park,park,Nature & Outdoors,17.449074883333335,78.43130438333334,1750016956,28.805,Normal
HYD031201,469637709,Vittal Rao Nagar Park,park,Nature & Outdoors,17.44431683846154,78.38501927692309,349270029,16.174,Normal
HYD031202,281781847,Walker Town Park,park,Nature & Outdoors,17.4255286,78.5072346,2240857519,33.775,Normal
HYD031203,633184980,Walker's Park,park,Nature & Outdoors,17.454658000000002,78.42930326000001,4271095411,32.624,Normal
HYD031204,361888760,Walkers Assosciation - HUDA Colony,park,Nature & Outdoors,17.48880998,78.33196412,3602317843,56.186,Normal
HYD031205,281988735,Walkers Park,park,Nature & Outdoors,17.45411008,78.42440562,6354009325,16.556,Normal
HYD031206,8909248553,Walkers Park 1,park,Nature & Outdoors,17.4475954,78.4252067,1750007585,41.194,Normal
HYD031207,1503406023,Water Tank Park,park,Nature & Outdoors,17.530343957142858,78.35752654285713,4194679496,14.915,Normal
HYD031208,1419428228,Women & Children Park,park,Nature & Outdoors,17.48449756,78.39189567999999,4170913457,15.22,Normal
HYD031209,281802166,apau colony park,park,Nature & Outdoors,17.365505583333334,78.51922775,2243962836,39.957,Normal
HYD031210,2713892815,bamboo park,park,Nature & Outdoors,17.4304083,78.4106297,356323044,43.802,Normal
HYD031211,2712690735,bapuji nagar park,park,Nature & Outdoors,17.4218643,78.546838,1538421860,17.742,Normal
HYD031212,1053226427,bhagyanagaram Nandhanavanam,park,Nature & Outdoors,17.415471584615382,78.60321140769231,10262071175,250.911,Extended
HYD031213,178744420,bio conversation,park,Nature & Outdoors,17.435418626666664,78.4673641622222,1869496185,111.179,Extended
HYD031214,281766049,bk guda park,park,Nature & Outdoors,17.44666276,78.4461906,11043804170,42.571,Normal
HYD031215,2714342265,botanical&horticultural garden,park,Nature & Outdoors,17.3161305,78.423611,7306007568,144.666,Extended
HYD031216,3528152299,brooke bond colony park,park,Nature & Outdoors,17.4256102,78.5082943,2234275970,23.26,Normal
HYD031217,568241502,celebration spot,park,Nature & Outdoors,17.495294,78.3918954,1427603912,17.53,Normal
HYD031218,2712512999,celebrity club park,park,Nature & Outdoors,17.4433487,78.4648412,11563086519,24.025,Normal
HYD031219,722756813,children park,park,Nature & Outdoors,17.33017116,78.58073924,2803084451,12.587,Normal
HYD031220,2713816229,"children park,perfect towers",park,Nature & Outdoors,17.4932388,78.3597945,3602320177,6.542,Normal
HYD031221,2714325898,childrens park,park,Nature & Outdoors,17.3503764,78.4501795,6440105812,66.635,Normal
HYD031222,281534246,colony park,park,Nature & Outdoors,17.376455299999996,78.51108497999999,2241233411,15.847,Normal
HYD031223,1014631582,communtiy garden,park,Nature & Outdoors,17.473219366666665,78.54863635833334,2225283754,21.756,Normal
HYD031224,722757121,cricket ground,park,Nature & Outdoors,17.3552369,78.568253,13797981986,20.366,Normal
HYD031225,158331247,deepthisri community park,park,Nature & Outdoors,17.499918360000002,78.33973584,1705548971,39.469,Normal
HYD031226,1257447302,doctors colony park,park,Nature & Outdoors,17.35844141666667,78.54302493333334,2245835229,27.57,Normal
HYD031227,2712497339,esi children park,park,Nature & Outdoors,17.4467463,78.443195,2857523376,13.039,Normal
HYD031228,2713979790,festival park kalyan nagar 3,park,Nature & Outdoors,17.4531515,78.4207287,1748011666,6.824,Normal
HYD031229,281798425,friends colony park,park,Nature & Outdoors,17.37762846,78.51877172,2240855087,28.621,Normal
HYD031230,281803355,ga venture 1 colony park,park,Nature & Outdoors,17.36218342,78.51749948,312810238,16.042,Normal
HYD031231,2713950140,gayithri park,park,Nature & Outdoors,17.4536899,78.4002273,3602307465,13.728,Normal
HYD031232,2713841650,ghmc park,park,Nature & Outdoors,17.4299016,78.4428358,7682659580,29.885,Normal
HYD031233,14109087127,ghmc park,park,Nature & Outdoors,17.391381,78.4280032,3738552576,25.0,Normal
HYD031234,1057075648,ghmc park,park,Nature & Outdoors,17.438942528571427,78.33119204285715,7646332730,51.862,Normal
HYD031235,2713827894,ghmc patk,park,Nature & Outdoors,17.3820061,78.4631802,3612561066,8.369,Normal
HYD031236,2713823466,goshamahal old quarters park,park,Nature & Outdoors,17.378402,78.4712243,3612559935,35.491,Normal
HYD031237,362894363,green hills colony park,park,Nature & Outdoors,17.359247149999998,78.54715121666666,3612551018,18.034,Normal
HYD031238,1043716389,ground,park,Nature & Outdoors,17.398134459999998,78.44198186000001,1314216674,72.654,Normal
HYD031239,2714332121,huda park,park,Nature & Outdoors,17.3334672,78.4417631,7699512313,20.632,Normal
HYD031240,9903987770,huda park,park,Nature & Outdoors,17.4810549,78.3930287,3602313870,64.926,Normal
HYD031241,12596396093,idl lake viewpoint,park,Nature & Outdoors,17.4786105,78.4148351,4328136918,29.475,Normal
HYD031242,2708998139,jagruthi colony park,park,Nature & Outdoors,17.4664516,78.3647693,13371265277,16.755,Normal
HYD031243,2708999856,jagruthi colony park 2,park,Nature & Outdoors,17.4665999,78.3639539,4000282539,6.261,Normal
HYD031244,8111134963,jai lodeshwar bhavan,park,Nature & Outdoors,17.3776344,78.455051,2852234205,40.299,Normal
HYD031245,776404543,jayabheri park,park,Nature & Outdoors,17.538645704545452,78.48622951818182,11043414650,31.554,Normal
HYD031246,776404544,jayabheri park,park,Nature & Outdoors,17.53781264,78.48640125499999,7677573881,87.246,Normal
HYD031247,12596446532,jurrasi park,park,Nature & Outdoors,17.3471428,78.4489057,2857756290,180.337,Extended
HYD031248,2714328030,jurrasic park,park,Nature & Outdoors,17.3471311,78.4488768,2857756290,179.374,Extended
HYD031249,13437156199,kbhp park,park,Nature & Outdoors,17.4698837,78.3891191,4328647063,92.755,Normal
HYD031250,6442886712,kings colony park,park,Nature & Outdoors,17.3336142,78.4473761,6443012780,6.78,Normal
HYD031251,135677828,kphb ph 5 park,park,Nature & Outdoors,17.47831756666667,78.39400101666666,1489748363,17.167,Normal
HYD031252,9626752884,lakshmi ganapathi park,park,Nature & Outdoors,17.4903585,78.3299812,11806529777,25.636,Normal
HYD031253,2712488361,ligh park,park,Nature & Outdoors,17.450789,78.4428546,3598263748,20.858,Normal
HYD031254,2712500165,ligh park,park,Nature & Outdoors,17.4476106,78.4484401,2403853122,24.639,Normal
HYD031255,2712690733,local park,park,Nature & Outdoors,17.4270575,78.5441438,2236749642,30.988,Normal
HYD031256,362007003,masqati play ground,park,Nature & Outdoors,17.35290588,78.49975659999998,312780845,32.312,Normal
HYD031257,2713845600,mch park,park,Nature & Outdoors,17.4320942,78.4385866,353721336,35.912,Normal
HYD031258,2713855034,mch park,park,Nature & Outdoors,17.4293674,78.4199736,4181079411,16.717,Normal
HYD031259,13437221840,melkote park,park,Nature & Outdoors,17.5218072,78.6701617,11009627593,58.726,Normal
HYD031260,1465001193,mini park,park,Nature & Outdoors,17.39838444,78.49874152,3612567514,11.26,Normal
HYD031261,158326956,mini public park,park,Nature & Outdoors,17.496896225,78.3348434375,7679373805,13.631,Normal
HYD031262,448142213,monkeys location,park,Nature & Outdoors,17.40230374,78.454926,7713480697,31.565,Normal
HYD031263,138706265,muncipal garden,park,Nature & Outdoors,17.41028304,78.54353114,1520914969,31.479,Normal
HYD031264,2712690734,nagarjuna nagar park,park,Nature & Outdoors,17.424861,78.5418018,3598255352,52.467,Normal
HYD031265,10277927486,nature,park,Nature & Outdoors,17.4323602,78.5442588,11873553546,72.488,Normal
HYD031266,2710928998,nehru nagar park,park,Nature & Outdoors,17.445137,78.5040451,321712282,28.78,Normal
HYD031267,1076262698,nehur park,park,Nature & Outdoors,17.399669859999996,78.54002666,9869711807,14.368,Normal
HYD031268,1554793316,new,park,Nature & Outdoors,17.273065683333332,78.63636876666668,3614580946,22.783,Normal
HYD031269,2710901307,"new life assembly of god church,mellinium garden",park,Nature & Outdoors,17.4473824,78.4954928,3224582670,80.489,Normal
HYD031270,2714333671,npa grounds,park,Nature & Outdoors,17.3274111,78.4381547,3550388656,72.719,Normal
HYD031271,13436972601,opp tankbundpark,park,Nature & Outdoors,17.4130393,78.4830087,1338979440,159.841,Extended
HYD031272,3528143853,padma rao nagar park,park,Nature & Outdoors,17.4254852,78.5072665,2240857519,35.754,Normal
HYD031273,411248434,padma rao nagar park,park,Nature & Outdoors,17.42955166,78.51257306,308796504,15.953,Normal
HYD031274,6248322362,padmalayanagar colony,park,Nature & Outdoors,17.3154255,78.6047804,7674099290,15.959,Normal
HYD031275,282025238,padmarao nagar park,park,Nature & Outdoors,17.42562778,78.50847552,11886079115,26.904,Normal
HYD031276,7611017181,pancheela park,park,Nature & Outdoors,17.4291902,78.5122118,3598256569,16.833,Normal
HYD031277,2708767333,park,park,Nature & Outdoors,17.497912,78.3843358,3602322230,41.509,Normal
HYD031278,2713838147,park,park,Nature & Outdoors,17.4129971,78.4481588,3612574463,14.426,Normal
HYD031279,2713841739,park,park,Nature & Outdoors,17.4304216,78.4424111,353721172,23.085,Normal
HYD031280,2713976696,park,park,Nature & Outdoors,17.453279,78.4226318,1748011674,31.178,Normal
HYD031281,281760572,park,park,Nature & Outdoors,17.42912608,78.4987265,12137511714,10.315,Normal
HYD031282,281760573,park,park,Nature & Outdoors,17.429299116666666,78.49166141666666,364666987,39.69,Normal
HYD031283,281781943,park,park,Nature & Outdoors,17.41524266,78.48804620000001,308938334,43.376,Normal
HYD031284,281798568,park,park,Nature & Outdoors,17.398188400000002,78.514801,309704527,38.213,Normal
HYD031285,281798569,park,park,Nature & Outdoors,17.39949312,78.51538880000001,309704524,42.546,Normal
HYD031286,281798570,park,park,Nature & Outdoors,17.39885456,78.51617193999999,11840315712,29.47,Normal
HYD031287,281798571,park,park,Nature & Outdoors,17.39820564,78.51590242,11840315711,50.252,Normal
HYD031288,281798572,park,park,Nature & Outdoors,17.39801058,78.51688451999999,309704540,37.302,Normal
HYD031289,13437327814,play area,park,Nature & Outdoors,17.4034395,78.5586463,11817686200,50.309,Normal
HYD031290,1465032673,play area,park,Nature & Outdoors,17.52992074,78.68995041999999,13437221821,33.738,Normal
HYD031291,469297442,prashanth nagar colony park,park,Nature & Outdoors,17.462847919999998,78.56277852,2796376542,27.296,Normal
HYD031292,2709078449,prathao nagar park,park,Nature & Outdoors,17.3720074,78.5336681,2245836108,2.471,Normal
HYD031293,2709159945,press colony,park,Nature & Outdoors,17.3435054,78.5244871,2244373079,28.716,Normal
HYD031294,469305124,public park,park,Nature & Outdoors,17.45250412,78.56609868,7710268491,40.13,Normal
HYD031295,2713965958,r k society park,park,Nature & Outdoors,17.4566786,78.4109138,2822548721,27.072,Normal
HYD031296,2710944008,railnilayam colony park,park,Nature & Outdoors,17.4402089,78.5104952,2232016482,44.919,Normal
HYD031297,281802167,revenue board colony park,park,Nature & Outdoors,17.366744066666666,78.51852625555556,310450590,32.875,Normal
HYD031298,238299280,rock garden,park,Nature & Outdoors,17.438867433333332,78.4590612,3598259250,14.03,Normal
HYD031299,2714300522,rock park,park,Nature & Outdoors,17.4165262,78.3834287,11530315997,39.131,Normal
HYD031300,2709160951,sai ram nagar colony park,park,Nature & Outdoors,17.3431251,78.5236171,2244372937,38.433,Normal
HYD031301,870300125,sanjaypuri colony community hall,park,Nature & Outdoors,17.49973816,78.42805956000001,3602324185,23.577,Normal
HYD031302,2362861719,sanjeev park,park,Nature & Outdoors,17.361777,78.491824,1813453334,32.749,Normal
HYD031303,7244487792,santhosh nagar colony park,park,Nature & Outdoors,17.3911018,78.4364912,1314187067,41.465,Normal
HYD031304,357042504,saraswathi nagar park,park,Nature & Outdoors,17.35606078,78.52063558,2243960165,23.963,Normal
HYD031305,281534271,sarojini nagarcolony park,park,Nature & Outdoors,17.378621225,78.499008425,2241233907,22.984,Normal
HYD031306,281800423,satavahana nagar park,park,Nature & Outdoors,17.37505516,78.52218076,312810417,35.942,Normal
HYD031307,1257397877,satyanarayana colony,park,Nature & Outdoors,17.315990957142855,78.59715605714287,4518342969,18.357,Normal
HYD031308,2713850928,sbi colony park,park,Nature & Outdoors,17.4315818,78.4349726,354243149,22.33,Normal
HYD031309,281763834,shaka ground,park,Nature & Outdoors,17.371793525,78.504697475,2243963727,16.039,Normal
HYD031310,264882680,shank colony park,park,Nature & Outdoors,17.484999733333336,78.55967791666667,2231636245,18.609,Normal
HYD031311,2713831289,shanti nagar park,park,Nature & Outdoors,17.4016441,78.4550419,2855073245,68.047,Normal
HYD031312,140391595,snehapuri colony park,park,Nature & Outdoors,17.424426771428575,78.54370361428572,7682383967,32.537,Normal
HYD031313,274482491,square garden,park,Nature & Outdoors,17.437998383333333,78.48183981666666,3598259130,14.591,Normal
HYD031314,42988863,sr nagar community park,park,Nature & Outdoors,17.443373180000002,78.44499995999999,353012642,34.196,Normal
HYD031315,2710908226,sri puri childrens colony park,park,Nature & Outdoors,17.458774,78.5010182,13417551885,9.782,Normal
HYD031316,1043695035,sudha cinepolis,park,Nature & Outdoors,17.35108314,78.47472604000001,14086758568,12.338,Normal
HYD031317,2712500097,swami vivekananda c type residence park,park,Nature & Outdoors,17.4470807,78.4438464,3598262391,23.998,Normal
HYD031318,5682004249,triangular park,park,Nature & Outdoors,17.4917874,78.3977643,7686809427,30.781,Normal
HYD031319,265769240,vemana colony park,park,Nature & Outdoors,17.5048742,78.31633894000001,3109574038,32.194,Normal
HYD031320,2710795684,west prashanth nagar park,park,Nature & Outdoors,17.3798135,78.5148255,12041573058,25.441,Normal
HYD031321,281538132,اعظمپورہ چمن,park,Nature & Outdoors,17.374226063333335,78.49305940666665,6530768662,21.186,Normal
HYD031358,9924687291,3D,party,Entertainment,17.4725142,78.4763308,3598271197,34.788,Normal
HYD031359,13272719362,wedding hall,party,Entertainment,17.4185075,78.342401,3372041227,27.187,Normal
HYD031360,9803882493,Dadu's,pastry,Food,17.4469512,78.3638725,12414904868,28.948,Normal
HYD031361,6853049491,Feranoz Patisserie and Cafe Banjara Hills,pastry,Food,17.4195233,78.4421158,13880026588,15.346,Normal
HYD031362,4971681653,Just Bake,pastry,Food,17.3453104,78.5235772,2244373848,32.528,Normal
HYD031363,7246491290,Just Bake,pastry,Food,17.4619853,78.3672975,1699091394,18.132,Normal
HYD031364,13597343952,Sweet Chariot,pastry,Food,17.3658913,78.392315,2744203920,11.332,Normal
HYD031365,14062515326,Sweet Chariot,pastry,Food,17.3913475,78.6064459,4201795172,18.507,Normal
HYD031369,2714358969,Devatala Gutta (MSL +630),peak,Nature & Outdoors,17.2957329,78.5132671,6270845724,123.417,Extended
HYD031370,7380335856,Fakhruddin Gutta,peak,Nature & Outdoors,17.4097891,78.3651835,3579914704,28.659,Normal
HYD031371,2949063980,Jalal Pahad,peak,Nature & Outdoors,17.3258775,78.4528098,11478093370,46.822,Normal
HYD031372,2949063982,Koh E Tur,peak,Nature & Outdoors,17.3301504,78.4670185,7140936655,6.252,Normal
HYD031373,2894717914,Naubat Pahad,peak,Nature & Outdoors,17.4029373,78.4706085,7715721898,56.189,Normal
HYD031374,13108193493,TSIIC Hill Manchirevula,peak,Nature & Outdoors,17.3768341,78.3464288,4327976624,235.412,Extended
HYD031642,668646038,Bhuvana Vijayam Play Ground,picnic_site,Nature & Outdoors,17.4856751,78.3961324,668540433,59.528,Normal
HYD031643,1215776132,Botanical Garden,picnic_site,Nature & Outdoors,17.4556985,78.362218,317760865,56.427,Normal
HYD031644,634153116,Asif Tennis Club,pitch,Recreation & Sports,17.39742502857143,78.47059255714285,2177311111,39.916,Normal
HYD031645,157047739,BB Ground,pitch,Recreation & Sports,17.447734580000002,78.34810448,13391423646,41.766,Normal
HYD031646,265202947,BHEL Basketball Court,pitch,Recreation & Sports,17.49399002,78.30486033999999,353673754,47.15,Normal
HYD031647,265202936,BHEL Tennis Court,pitch,Recreation & Sports,17.494038479999997,78.30407786,13347356489,41.145,Normal
HYD031648,879115803,BHEL Tennis Court,pitch,Recreation & Sports,17.493992220000003,78.30462557999999,353673754,54.259,Normal
HYD031649,879115804,BHEL Tennis Court,pitch,Recreation & Sports,17.493991200000004,78.30443368,353673754,66.982,Normal
HYD031650,879115805,BHEL Tennis Court,pitch,Recreation & Sports,17.49397258,78.30421950000002,4170874934,52.908,Normal
HYD031651,265202968,BHEL Volleyball Court,pitch,Recreation & Sports,17.494071,78.30512796000001,353673754,46.089,Normal
HYD031652,790536934,BMR Cricket Academy,pitch,Recreation & Sports,17.37102882666666,78.37736212,11521142183,55.286,Normal
HYD031653,1005389706,BPHC Criket Ground,pitch,Recreation & Sports,17.539804930000003,78.577472885,12330355059,75.582,Normal
HYD031654,256684833,BRJCPHS Ground,pitch,Recreation & Sports,17.4400621125,78.48920799999999,11328601188,30.099,Normal
HYD031655,1051807909,BVC football ground,pitch,Recreation & Sports,17.48823406,78.533762,2222733685,71.191,Normal
HYD031656,256667380,Badminton Court,pitch,Recreation & Sports,17.391984700000002,78.5279113,2623037182,28.096,Normal
HYD031657,676174837,Baseket Ball Court,pitch,Recreation & Sports,17.49113914,78.3903727,7686812917,29.423,Normal
HYD031658,860544866,Baskeball Court,pitch,Recreation & Sports,17.4375033,78.41015001999999,3602302369,37.552,Normal
HYD031659,107274907,Basket Ball Court-2,pitch,Recreation & Sports,17.39049014,78.32268380000001,7645168020,33.605,Normal
HYD031660,11361064484,Basket Ball Ground,pitch,Recreation & Sports,17.4942666,78.3847966,3602320939,39.478,Normal
HYD031661,107274774,Basket Ball court-1,pitch,Recreation & Sports,17.3906094,78.32246278,4204415401,24.353,Normal
HYD031662,158321650,Basketball Court,pitch,Recreation & Sports,17.53785054,78.385747,1705378172,75.776,Normal
HYD031663,598287845,Basketball Court,pitch,Recreation & Sports,17.59544564,78.4409678,5692832419,30.009,Normal
HYD031664,851500040,Basketball Court,pitch,Recreation & Sports,17.56391418,78.3850791,11893357432,23.421,Normal
HYD031665,852358170,Basketball Court,pitch,Recreation & Sports,17.55789336,78.39457066,7950865022,11.735,Normal
HYD031666,852358171,Basketball Court,pitch,Recreation & Sports,17.55764418,78.39461364,7950865021,26.47,Normal
HYD031667,852371126,Basketball Court,pitch,Recreation & Sports,17.554555599999997,78.39800936,7682389838,32.234,Normal
HYD031668,859689166,Basketball Court,pitch,Recreation & Sports,17.443609220000003,78.45870628,3598260415,28.613,Normal
HYD031669,859689167,Basketball Court,pitch,Recreation & Sports,17.443865519999996,78.45855900000001,3598260415,37.683,Normal
HYD031670,1222803748,Basketball Coutr,pitch,Recreation & Sports,17.41114358,78.34041096,7694801915,50.25,Normal
HYD031671,261478383,Beach Volleyball,pitch,Recreation & Sports,17.43300252,78.34320586,1043522227,57.37,Normal
HYD031672,2924219004,Bowenpally,pitch,Recreation & Sports,17.4755371,78.4792282,3598271963,13.719,Normal
HYD031673,14065740831,Bullseye Shooting Range,pitch,Recreation & Sports,17.4175858,78.4650818,6373319942,7.648,Normal
HYD031674,2431942102,CCMB Cricket Ground,pitch,Recreation & Sports,17.424203,78.5338642,7960300503,61.722,Normal
HYD031675,1464996556,CYR Indoor Stadium,pitch,Recreation & Sports,17.36701026,78.39549372,7392309620,22.33,Normal
HYD031676,1446078146,Chess Courtyard,pitch,Recreation & Sports,17.545910211111114,78.56970644444445,12894844900,44.077,Normal
HYD031677,872833402,Cricket Academy,pitch,Recreation & Sports,17.533608960000002,78.39425909999999,11254460110,19.137,Normal
HYD031678,107274962,Cricket Ground,pitch,Recreation & Sports,17.390138266666668,78.32233332222222,4204415401,58.608,Normal
HYD031679,107278009,Cricket Ground,pitch,Recreation & Sports,17.390362579999998,78.31830092,4204415402,76.967,Normal
HYD031680,342026283,Cricket Ground,pitch,Recreation & Sports,17.434219581818176,78.3515256590909,3602301319,61.254,Normal
HYD031681,600225463,Cricket Ground,pitch,Recreation & Sports,17.5954238,78.44161800499998,5694595556,75.536,Normal
HYD031682,853245655,Cricket Net,pitch,Recreation & Sports,17.40505174,78.55015328,3612571079,35.325,Normal
HYD031683,110018696,Cricket Nets,pitch,Recreation & Sports,17.44995796,78.37521656,3602306563,23.741,Normal
HYD031684,846905618,Cricket Pitch,pitch,Recreation & Sports,17.459320299999998,78.37402026,5776378907,12.943,Normal
HYD031685,107274207,Cricket and Volley Ball Ground,pitch,Recreation & Sports,17.39198392,78.3215385,4204415429,27.205,Normal
HYD031686,1082823043,Cricket playground,pitch,Recreation & Sports,17.50326928,78.44204255999999,3598282649,74.457,Normal
HYD031687,1494637349,DPS Nacharan Football Ground,pitch,Recreation & Sports,17.439736345454545,78.555325,7711049610,35.139,Normal
HYD031688,1494637350,DPSN Badminton Court,pitch,Recreation & Sports,17.44037648,78.55563816,7711049603,33.465,Normal
HYD031689,1120073304,DPSN Basketball Court,pitch,Recreation & Sports,17.44036016,78.55579675999999,7711049606,32.987,Normal
HYD031690,798336244,Fairfields Colony Badminton Court,pitch,Recreation & Sports,17.39229104,78.37727798,3579910542,11.082,Normal
HYD031691,240775647,Football Ground,pitch,Recreation & Sports,17.44676004,78.3483588,13620987602,61.1,Normal
HYD031692,304614006,Football Ground,pitch,Recreation & Sports,17.393633259999994,78.45188958000001,726259122,59.407,Normal
HYD031693,1051807899,Football Ground,pitch,Recreation & Sports,17.48976472,78.53318358,2222733753,70.078,Normal
HYD031694,1324094314,Football Ground,pitch,Recreation & Sports,17.44891288,78.42777373999999,3602306376,40.555,Normal
HYD031695,600225465,Football Pitch,pitch,Recreation & Sports,17.595294357142855,78.44251844285715,5878359515,58.82,Normal
HYD031696,6935603380,Footwear Shop,pitch,Recreation & Sports,17.4338258,78.4266116,1312750204,11.822,Normal
HYD031697,337930048,Goshamahal Sports Stadium,pitch,Recreation & Sports,17.37961103,78.47061483,1320897036,89.4,Normal
HYD031698,10239736179,Govardhan Badminton Academy,pitch,Recreation & Sports,17.3993285,78.5687021,11061326513,27.042,Normal
HYD031699,256666892,Ground,pitch,Recreation & Sports,17.393324720000003,78.52863255999999,2234831493,66.19,Normal
HYD031700,75365528,Gymkhana Cricket Pitch,pitch,Recreation & Sports,17.445022862962965,78.49001650370371,3598261817,98.345,Normal
HYD031701,1222712336,High Fields Basketball Court,pitch,Recreation & Sports,17.416080457142858,78.33984237142856,11342898257,20.992,Normal
HYD031702,1222890644,High Fields Giant Chess Board,pitch,Recreation & Sports,17.416278633333334,78.33983686666666,12295771398,17.635,Normal
HYD031703,1222890640,High Fields Tennis,pitch,Recreation & Sports,17.41540077142857,78.34147538571428,11342898399,13.984,Normal
HYD031704,1247721908,Honeywell Cricket Field,pitch,Recreation & Sports,17.419081885714284,78.34481408571428,3602298733,38.669,Normal
HYD031705,337929256,Idgah Grounds,pitch,Recreation & Sports,17.4014332,78.45297074,11568868210,55.625,Normal
HYD031706,1451106763,Indoor Badminton Court,pitch,Recreation & Sports,17.391160640000003,78.31789834,4204415414,36.911,Normal
HYD031707,5571207452,Indus Universal School Cricket Ground,pitch,Recreation & Sports,17.5073197,78.5552502,12058972276,81.457,Normal
HYD031708,582560845,Indus Universal School Tennis Court,pitch,Recreation & Sports,17.50794406666667,78.55509568333333,2794350128,39.944,Normal
HYD031709,582560846,Indus Universal School Tennis Court,pitch,Recreation & Sports,17.507973585714286,78.55476417142857,2794350140,39.265,Normal
HYD031710,11736376194,JNTU Basketball Ground,pitch,Recreation & Sports,17.4911159,78.3904076,7686812918,32.964,Normal
HYD031711,129529485,JNTU Ground,pitch,Recreation & Sports,17.492552760000002,78.39037145,1427659078,66.492,Normal
HYD031712,2447240863,Jawaharlal Nehru Polytechnic College Grounds,pitch,Recreation & Sports,17.3935533,78.5285095,2623037170,57.697,Normal
HYD031713,9768810819,Jb Cricket Club,pitch,Recreation & Sports,17.2800658,78.5879841,307059947,90.591,Normal
HYD031714,1063488279,Jb Cricket Club,pitch,Recreation & Sports,17.2800772875,78.58781859999999,2089777039,73.979,Normal
HYD031715,790788322,KRR Cricket Ground,pitch,Recreation & Sports,17.369658253846158,78.3839005076923,3579906465,48.696,Normal
HYD031716,12696077820,KS Badminton Academy,pitch,Recreation & Sports,17.4133242,78.5978262,12025361081,25.297,Normal
HYD031717,9708889100,Lcg Ground,pitch,Recreation & Sports,17.4852069,78.3185281,6914867220,57.486,Normal
HYD031718,274822406,MCA Basketball Court,pitch,Recreation & Sports,17.44459576,78.48621591999999,3598260689,48.431,Normal
HYD031719,616241199,MREC Cricket Ground,pitch,Recreation & Sports,17.55885701333333,78.45429714000001,10262398223,60.917,Normal
HYD031720,8113828213,Manikonda sports arena,pitch,Recreation & Sports,17.3997487,78.3680797,11527564324,26.254,Normal
HYD031721,158309249,Mens Basketball Court,pitch,Recreation & Sports,17.5387414,78.38496176000001,1705375540,24.635,Normal
HYD031722,261478379,Microsoft Basketball,pitch,Recreation & Sports,17.43283958,78.34310298,1043522227,77.527,Normal
HYD031723,1344036951,Microsoft Giant Chess Board,pitch,Recreation & Sports,17.43060392,78.34303494000001,2220940907,49.141,Normal
HYD031724,1345418274,Microsoft Kick Boxing Area,pitch,Recreation & Sports,17.43036186,78.34196628000001,2246072972,50.826,Normal
HYD031725,261478382,Microsoft Tennis,pitch,Recreation & Sports,17.43245684,78.34285806,1043522295,32.672,Normal
HYD031726,248417254,Municipal Corporation Playground,pitch,Recreation & Sports,17.402844979999998,78.44496054,1324037182,25.541,Normal
HYD031727,1037910806,NFC Cricket Ground,pitch,Recreation & Sports,17.46558338,78.57408397500002,4185236998,101.133,Extended
HYD031728,246112147,NIRD playground,pitch,Recreation & Sports,17.31369234,78.40506536666666,2527794265,108.24,Extended
HYD031729,122805529,Nasr School Football Gound,pitch,Recreation & Sports,17.43797297777778,78.37048434444444,11491021523,36.358,Normal
HYD031730,1393041453,New Football Ground,pitch,Recreation & Sports,17.540983524999994,78.57634998055556,12895031417,59.181,Normal
HYD031731,625369999,Old Football ground,pitch,Recreation & Sports,17.5437244,78.57427398,2684820193,47.88,Normal
HYD031732,1418892833,PB Cricket Ground - Kollur,pitch,Recreation & Sports,17.455560979999998,78.26421618666667,2222703442,393.043,Extended
HYD031733,1251533032,Paintball Arena,pitch,Recreation & Sports,17.413345855555555,78.32994322222223,11842274996,35.293,Normal
HYD031734,90557539,Pallavi Model School Playground,pitch,Recreation & Sports,17.464433399999997,78.48658552857141,3598268143,26.477,Normal
HYD031735,297208260,Pallavi Tennis Academy,pitch,Recreation & Sports,17.46483396,78.48649562,7694261124,24.618,Normal
HYD031736,297208261,Pallavi Tennis Academy,pitch,Recreation & Sports,17.464834219999997,78.48669638,7694255731,29.707,Normal
HYD031737,297208262,Pallavi Tennis Academy,pitch,Recreation & Sports,17.464837900000003,78.48688436,3598268459,39.227,Normal
HYD031738,297208263,Pallavi Tennis Academy,pitch,Recreation & Sports,17.4644576,78.48620082,3598268171,49.141,Normal
HYD031739,297208264,Pallavi Tennis Academy,pitch,Recreation & Sports,17.464826280000004,78.48617970000001,7694261131,27.355,Normal
HYD031740,1125338694,Practice Net,pitch,Recreation & Sports,17.473507160000004,78.31479512,5901691612,22.3,Normal
HYD031741,872890030,Rachabanda Grounds,pitch,Recreation & Sports,17.505977976190472,78.38933673809524,9860351794,91.624,Normal
HYD031742,545605706,Raghavendra Sports Estate,pitch,Recreation & Sports,17.344487383333334,78.38485425,7672996830,78.438,Normal
HYD031743,1199771916,Ramnaidu Cricket Academy,pitch,Recreation & Sports,17.458781150000004,78.3885095,6936808906,58.227,Normal
HYD031744,962244411,Rio Sports Arena,pitch,Recreation & Sports,17.49334762,78.57413521999999,7698014543,16.474,Normal
HYD031745,170187470,SAAP Tennis Complex,pitch,Recreation & Sports,17.399450044444443,78.47185376666668,2847561572,55.464,Normal
HYD031746,1015403235,SSR CRICKET GROUND,pitch,Recreation & Sports,17.349531242857143,78.32642427142856,7643349041,101.519,Extended
HYD031747,558979476,SVK Stadium,pitch,Recreation & Sports,17.43556666,78.36108792,7010687971,20.681,Normal
HYD031748,176129962,Secubderabad Club Tennis Court,pitch,Recreation & Sports,17.45355136,78.49841771999999,3598264817,54.064,Normal
HYD031749,11009648645,Shivaji cricket ground,pitch,Recreation & Sports,17.3479458,78.5609258,11009674086,16.449,Normal
HYD031750,265200558,Skating Track,pitch,Recreation & Sports,17.493923600000002,78.30760755999998,7642110926,44.027,Normal
HYD031751,1456908880,Smash & Co Pickleball Arena,pitch,Recreation & Sports,17.47085292,78.53863808,2222561354,20.072,Normal
HYD031752,852358173,Soccer Pitch,pitch,Recreation & Sports,17.55785402222222,78.3949277,7950865032,43.403,Normal
HYD031753,852372067,Soccer Pitch,pitch,Recreation & Sports,17.55405436,78.39800123999999,7682389839,31.19,Normal
HYD031754,1199766662,Speed Football Academy,pitch,Recreation & Sports,17.454050839999997,78.39703746,2249841558,39.185,Normal
HYD031755,355956738,Suchitra Badminton Academy,pitch,Recreation & Sports,17.50127756,78.47376702,11493777119,35.438,Normal
HYD031756,265204873,Sundaravanam Park Cricket Ground,pitch,Recreation & Sports,17.5044309,78.29937522,3468967775,92.219,Normal
HYD031757,176129961,Tariq Sports Academy,pitch,Recreation & Sports,17.453677239999998,78.49790809999999,3598264817,29.676,Normal
HYD031758,13715401162,Tennis Court,pitch,Recreation & Sports,17.4911545,78.3902978,7686812917,23.753,Normal
HYD031759,361719404,Tennis Court,pitch,Recreation & Sports,17.44314362,78.41066166,13355180964,9.538,Normal
HYD031760,851499483,Tennis Court,pitch,Recreation & Sports,17.56422484,78.38488849999999,11893357432,62.79,Normal
HYD031761,851499484,Tennis Court,pitch,Recreation & Sports,17.56394246,78.38492368,11893357432,33.827,Normal
HYD031762,852358168,Tennis Court,pitch,Recreation & Sports,17.557994280000003,78.39528876,7950865031,26.348,Normal
HYD031763,852358169,Tennis Court,pitch,Recreation & Sports,17.5574938625,78.395332225,3614504867,41.077,Normal
HYD031764,990873546,Tennis Court,pitch,Recreation & Sports,17.44925672,78.42749083999999,13394394087,24.91,Normal
HYD031765,254994032,The EFL University Basketball court,pitch,Recreation & Sports,17.424532199999998,78.52225092,11043771258,15.725,Normal
HYD031766,254993852,The EFL University Football ground,pitch,Recreation & Sports,17.42459856,78.52267807999999,11043815759,16.296,Normal
HYD031767,5732474086,Throwball court,pitch,Recreation & Sports,17.3363076,78.289356,2235061756,96.584,Normal
HYD031768,158310172,VNR Football cum Cricket Ground,pitch,Recreation & Sports,17.539898188888888,78.3855826111111,12856750887,40.517,Normal
HYD031769,158309553,VNR Tennis Court,pitch,Recreation & Sports,17.54083818,78.38641456,1705374891,22.653,Normal
HYD031770,158309554,VNRVJIET Womens Basketball Court,pitch,Recreation & Sports,17.54054282,78.38584692,1705374884,19.524,Normal
HYD031771,158318321,VNRVJIET Womens Throwball Court,pitch,Recreation & Sports,17.54054938,78.38599484000001,1705374883,19.329,Normal
HYD031772,238168753,Vajpayee Playground,pitch,Recreation & Sports,17.416328659999998,78.49028625999999,4003605284,30.192,Normal
HYD031773,107278010,Volley Ball courts,pitch,Recreation & Sports,17.390385759999997,78.3192798,4204415400,23.416,Normal
HYD031774,600225469,Volleyball Court,pitch,Recreation & Sports,17.59474562,78.44147627999999,5692832417,52.374,Normal
HYD031775,158310170,Volleyball Court 1,pitch,Recreation & Sports,17.53908136,78.38526878,1677942170,21.802,Normal
HYD031776,158310167,Volleyball Court 2,pitch,Recreation & Sports,17.53912798,78.38510949999998,1705375540,23.647,Normal
HYD031777,361719599,Volleyball court,pitch,Recreation & Sports,17.44301948,78.41003751999999,3602303527,29.47,Normal
HYD031778,71932260,YMCA Basketball court,pitch,Recreation & Sports,17.442625019999998,78.49880568,4317346529,20.586,Normal
HYD031779,929948083,basket ball court,pitch,Recreation & Sports,17.33639342,78.28887974,5737075863,145.892,Extended
HYD031780,1891017369,beach Volleyball,pitch,Recreation & Sports,17.4369592,78.471259,1869496150,57.454,Normal
HYD031781,1473511638,chitrapuri box cricket,pitch,Recreation & Sports,17.417056099999996,78.37811766,7549970674,17.939,Normal
HYD031782,7243985019,hama cricket grounds,pitch,Recreation & Sports,17.3320783,78.3673801,2247713058,213.819,Extended
HYD031783,11361111812,indoor Badminton Court Vasanth Nagar,pitch,Recreation & Sports,17.4941647,78.383819,3602320866,28.703,Normal
HYD031784,1014631584,indoor game point,pitch,Recreation & Sports,17.474107580000002,78.55183344,2225283779,20.197,Normal
HYD031785,374415594,janapriya,pitch,Recreation & Sports,17.52834282,78.52158304,3618932945,30.643,Normal
HYD031786,5732945790,nets,pitch,Recreation & Sports,17.3363496,78.2891127,2235061756,121.832,Extended
HYD031787,1149200673,pedda pitch,pitch,Recreation & Sports,17.36187202,78.5448748,3612552262,71.736,Normal
HYD031788,7180153790,skate floor,pitch,Recreation & Sports,17.4964136,78.4091021,3602321312,33.942,Normal
HYD031789,264585543,skating outdoor stadium,pitch,Recreation & Sports,17.414189009090908,78.48532371818182,3670021583,43.862,Normal
HYD031790,776431170,st.martins ground,pitch,Recreation & Sports,17.542609258333332,78.47513746666667,7698286216,65.577,Normal
HYD031791,5877747599,vardhaman college cricket ground,pitch,Recreation & Sports,17.2533967,78.3077704,2244766830,94.576,Normal
HYD031792,5732474085,volleyball court,pitch,Recreation & Sports,17.3363094,78.2892307,2235061756,109.763,Extended
HYD031794,10262083192,ABU BAKAR MASJID,place_of_worship,Religion,17.4510809,78.5248079,2232107615,15.57,Normal
HYD031795,357384102,ABU BAKR MASJID,place_of_worship,Religion,17.45108926,78.52479702,2232107615,16.889,Normal
HYD031796,10262083110,ASRA MASJID,place_of_worship,Religion,17.4492651,78.5370082,7719540774,27.767,Normal
HYD031797,3530280322,AYYAPPA TEMPLE,place_of_worship,Religion,17.3491816,78.5285059,2244374623,29.121,Normal
HYD031798,331355749,AYYAPPA TEMPLE,place_of_worship,Religion,17.39715632,78.5170788,309704541,37.511,Normal
HYD031799,8386228843,Aai Mataji Temple,place_of_worship,Religion,17.4223196,78.5107051,12217441136,23.219,Normal
HYD031800,12852130844,Aanjaneya swamy temple,place_of_worship,Religion,17.392094,78.5148276,12704188687,23.43,Normal
HYD031801,776400461,Aashoor Khana,place_of_worship,Religion,17.32625942,78.27416522000001,7246510440,7.748,Normal
HYD031802,1475760971,Abhaya Anjaneya Temple,place_of_worship,Religion,17.4085011,78.5100507,3612572834,10.549,Normal
HYD031803,6853049434,Abhaya Anjaneya Temple,place_of_worship,Religion,17.494429,78.3452587,2231795911,26.954,Normal
HYD031804,626897361,Afzalgunj Masjid,place_of_worship,Religion,17.3762148,78.4739176,308779600,34.219,Normal
HYD031805,4917132314,Akaashpuri Hanuman Temple,place_of_worship,Religion,17.3768228,78.4538334,7702268734,2.796,Normal
HYD031806,9885108796,Akkaanna Madanna Temple,place_of_worship,Religion,17.351903,78.4762445,2852574305,29.281,Normal
HYD031807,6772788269,Al Madina Jamia Masjid,place_of_worship,Religion,17.4228826,78.5116862,309707740,34.211,Normal
HYD031808,3791348884,Alamgiri,place_of_worship,Religion,17.3983468,78.4568226,309713941,38.717,Normal
HYD031809,7244480648,All in one temple,place_of_worship,Religion,17.3918711,78.4349937,1312714965,21.485,Normal
HYD031810,13673486434,Ambedkar Bhavan,place_of_worship,Religion,17.50748,78.4293342,2852571813,11.542,Normal
HYD031811,624384091,Amberpet Mosque - Darga Amber Baba,place_of_worship,Religion,17.392032016666665,78.51909328333333,1316890506,35.455,Normal
HYD031812,356480697,Ammavari Temple,place_of_worship,Religion,17.3436103,78.3775118,11510706499,11.274,Normal
HYD031813,349257452,Anjaneya Swami Temple,place_of_worship,Religion,17.4399609,78.3958845,3602302752,17.073,Normal
HYD031814,776648963,Annapurna devi temple,place_of_worship,Religion,17.524576900000003,78.41482776666666,7679429236,24.217,Normal
HYD031815,356009684,Aqsa,place_of_worship,Religion,17.48688322,78.31751072,2000780642,17.098,Normal
HYD031816,9903766099,Aqsa masjid,place_of_worship,Religion,17.5179697,78.4345308,2852309857,23.455,Normal
HYD031817,2429323037,Asthalaxmi Temple,place_of_worship,Religion,17.3650252,78.5470862,1596560489,49.692,Normal
HYD031818,7244242709,Autonagar,place_of_worship,Religion,17.3356141,78.5792031,13303530751,17.243,Normal
HYD031819,7153697096,Avatar Meher Baba Hyderabad Centre,place_of_worship,Religion,17.4448052,78.401638,324210206,7.706,Normal
HYD031820,7153615354,Avatar Meher Baba Koti Center,place_of_worship,Religion,17.382157,78.4883087,743369107,14.674,Normal
HYD031821,331631009,Ayappa Swamy Temple,place_of_worship,Religion,17.4725998,78.56553586,3387347820,23.427,Normal
HYD031822,1271903795,"Ayyapa Temple, Bolarum",place_of_worship,Religion,17.5143622,78.5209551,11205086520,19.745,Normal
HYD031823,9924565987,Ayyappa Swamy Temple,place_of_worship,Religion,17.44609,78.545408,2231827145,20.323,Normal
HYD031824,1306282002,Ayyappa Temple,place_of_worship,Religion,17.4893158,78.517608,3598276707,37.138,Normal
HYD031825,8389256569,Ayyappa Temple,place_of_worship,Religion,17.4965311,78.453348,2786981632,9.437,Normal
HYD031826,10280090377,Ayyappa Temple,place_of_worship,Religion,17.3103348,78.4431858,7682053215,33.557,Normal
HYD031827,356497727,Ayyappa temple,place_of_worship,Religion,17.41384058,78.57358122000001,2854498041,13.614,Normal
HYD031828,238284085,Aza Khana E Zehra,place_of_worship,Religion,17.372884579999997,78.48250073,1813453238,30.299,Normal
HYD031829,265204803,BHEL Temples,place_of_worship,Religion,17.501309885714285,78.29755698571428,4191133742,9.531,Normal
HYD031830,356566655,BK Guda Mazid,place_of_worship,Religion,17.44552772,78.44409275999999,3598261688,19.006,Normal
HYD031831,6583339526,Baba shah miskeen shah quadri dargah,place_of_worship,Religion,17.4652084,78.4729998,7694096032,15.538,Normal
HYD031832,7244249275,Baba temple,place_of_worship,Religion,17.4968143,78.4594191,3598279733,7.21,Normal
HYD031833,318505361,Bada Ganesh,place_of_worship,Religion,17.410790740000003,78.46402018,726158175,13.375,Normal
HYD031834,9913821033,Balaji Temple,place_of_worship,Religion,17.3772451,78.4378689,2859816190,14.486,Normal
HYD031835,259506395,Balaji Temple,place_of_worship,Religion,17.410704749999997,78.57112532500001,2649380001,32.927,Normal
HYD031836,357137433,"Bangaru Maisamma Temple, Boduppal",place_of_worship,Religion,17.4206371,78.58520456,3496436154,11.869,Normal
HYD031837,491246109,Bank Street Amma (Mata) Mandir,place_of_worship,Religion,17.3863510125,78.4810572125,1320763111,21.547,Normal
HYD031838,2446003124,Bapist Church,place_of_worship,Religion,17.3702189,78.5209584,312810346,32.999,Normal
HYD031839,579468935,Baptist,place_of_worship,Religion,17.39611287777778,78.48935003333332,3612566684,50.14,Normal
HYD031840,677298887,Baptist Church,place_of_worship,Religion,17.3961081,78.489357,3612566684,51.051,Normal
HYD031841,238177493,Baptist Church,place_of_worship,Religion,17.4205363,78.49365788,2460307979,9.081,Normal
HYD031842,281502015,Basheerbagh Durga Temple,place_of_worship,Religion,17.40085115,78.47571814,3100002635,15.902,Normal
HYD031843,1177107988,Basilica of Our Lady of the Assumption,place_of_worship,Religion,17.44223207647059,78.50223463529412,3598260080,39.566,Normal
HYD031844,10279737706,Bee Saheba Masjid,place_of_worship,Religion,17.359433,78.4412483,2550434414,21.544,Normal
HYD031845,356026747,Berachah Prayer House,place_of_worship,Religion,17.48378826,78.37963222,2249764798,39.601,Normal
HYD031846,13295395524,Bethany M.B Church,place_of_worship,Religion,17.3699497,78.4779176,2854813995,12.154,Normal
HYD031847,11484467234,Bethel Gospel Church,place_of_worship,Religion,17.3504408,78.560009,2247660693,27.736,Normal
HYD031848,1236761244,Bethel Gospel Church,place_of_worship,Religion,17.35044384,78.56002426,2247660693,27.086,Normal
HYD031849,13436972460,Bethesdha mahima pradana mandiram,place_of_worship,Religion,17.5113593,78.4223754,3665228672,12.94,Normal
HYD031850,577120414,Bhagyalaxmi Temple,place_of_worship,Religion,17.361528220000004,78.47483457999999,1309442595,9.878,Normal
HYD031851,129529482,Bhagyanagar Saibaba temple,place_of_worship,Religion,17.49450532,78.40272339999999,1437305504,43.621,Normal
HYD031852,238169525,Bhavani Shankar Temple,place_of_worship,Religion,17.420774041666668,78.49749246666666,1338925991,56.291,Normal
HYD031853,1437365110,Bhavani Temple,place_of_worship,Religion,17.4518905,78.5299783,1435323228,21.818,Normal
HYD031854,1438252865,Bhavani Temple,place_of_worship,Religion,17.4488251,78.5306175,1333813839,14.79,Normal
HYD031855,3530710151,Bhoodevi Nagar Temple,place_of_worship,Religion,17.4916085,78.5025578,2221879061,25.721,Normal
HYD031856,6187870388,Bhoolaxmi Mata Temple,place_of_worship,Religion,17.4046498,78.4518273,11043686827,3.539,Normal
HYD031857,6219010686,Bhoolaxmi Temple,place_of_worship,Religion,17.3999614,78.4626938,11980154951,13.211,Normal
HYD031858,356204159,Bhramaramba Mallikarjun Swamy Temple,place_of_worship,Religion,17.455153799999998,78.53627900000001,1333986165,21.279,Normal
HYD031859,9458465095,Bhramha kumaris spiritual Museum,place_of_worship,Religion,17.3445274,78.3010589,9458465092,19.135,Normal
HYD031860,4917180020,Bhulaxmi Temple,place_of_worship,Religion,17.3710642,78.4667112,2180797287,19.866,Normal
HYD031861,1491785286,Bhulaxmi Temple,place_of_worship,Religion,17.37101748,78.46671247999998,2180797287,23.815,Normal
HYD031862,13673385127,Bhulaxmi mata temple begum bazar,place_of_worship,Religion,17.3712842,78.4691051,3791315055,11.335,Normal
HYD031863,7610971341,Bible Believers Church,place_of_worship,Religion,17.4655397,78.3630344,7673719027,10.107,Normal
HYD031864,10000795507,Bilal Masjid,place_of_worship,Religion,17.3654804,78.5123291,3612553937,16.192,Normal
HYD031865,4575247893,Birappa Swamy temple,place_of_worship,Religion,17.3441893,78.5609373,4012402540,4.419,Normal
HYD031866,7819679155,Birappa Temple,place_of_worship,Religion,17.4380496,78.4701257,4015831483,18.336,Normal
HYD031867,318505362,Birla Mandir,place_of_worship,Religion,17.405465154166667,78.46939017916667,13371462722,8.663,Normal
HYD031868,6850830310,BogulKunta Masjid,place_of_worship,Religion,17.3910628,78.4807439,2847561288,14.096,Normal
HYD031869,1438252869,Brahmam Gari Templa,place_of_worship,Religion,17.4484157,78.530301,1332770214,12.261,Normal
HYD031870,8386747453,Brahmarambha Mallikarjuna swamy temple,place_of_worship,Religion,17.4727815,78.3893643,2249842097,19.991,Normal
HYD031871,464029751,Bujili Mahankali Temple,place_of_worship,Religion,17.3875788,78.52662466000001,1316917866,8.221,Normal
HYD031872,346569406,"CSI Garrison Wesley Church, Lal Bazar",place_of_worship,Religion,17.478800054545456,78.51491982727272,3598272609,12.01,Normal
HYD031873,7362894300,CSI Wesley Church,place_of_worship,Religion,17.4145262,78.498771,3612575935,23.836,Normal
HYD031874,8386766760,Catholic Church,place_of_worship,Religion,17.4722044,78.3901749,2249842092,13.073,Normal
HYD031875,6685486362,"Centenary Baptist Church, Secundrabad",place_of_worship,Religion,17.4401041,78.499527,3598259517,56.551,Normal
HYD031876,357965577,Chandabagh-Masjid,place_of_worship,Religion,17.465942846153848,78.55945064615385,7716704172,43.285,Normal
HYD031877,1435322441,ChandraMouleeshwara Temple,place_of_worship,Religion,17.4509324,78.5347403,1435313737,14.34,Normal
HYD031878,2418714856,Chenna Keshava Swami Temple,place_of_worship,Religion,17.3235693,78.4791594,7682815031,27.713,Normal
HYD031879,12528926910,Chinna Ananthagiri Shivalayam Temple,place_of_worship,Religion,17.3606324,78.4290412,4175547859,4.131,Normal
HYD031880,254297792,Chinna Shirdi Sansthan,place_of_worship,Religion,17.46740948,78.53969694,2225436486,24.584,Normal
HYD031881,6847914707,Chittaramma Temple,place_of_worship,Religion,17.469604,78.421059,13300985306,16.794,Normal
HYD031882,1215747408,Church,place_of_worship,Religion,17.4634711,78.3643788,11101162912,11.363,Normal
HYD031883,13335606964,Church,place_of_worship,Religion,17.4959961,78.450312,3598279445,42.275,Normal
HYD031884,6853049496,Church Of Christ,place_of_worship,Religion,17.5189419,78.4430994,7694066173,9.233,Normal
HYD031885,1087429519,College,place_of_worship,Religion,17.5407573,78.36634578571429,3614500903,62.089,Normal
HYD031886,11736388701,College Temple,place_of_worship,Religion,17.4934213,78.3926507,2705360652,25.581,Normal
HYD031887,9885051444,Darbar Maisamma Temple,place_of_worship,Religion,17.3777472,78.4881263,306605216,14.931,Normal
HYD031888,626896781,Darga kamli wale shah sahab,place_of_worship,Religion,17.3661923,78.4871894,13318930949,9.869,Normal
HYD031889,3249987883,Dargah,place_of_worship,Religion,17.4108167,78.4637321,726158198,7.766,Normal
HYD031890,4583920522,Dargah,place_of_worship,Religion,17.3156469,78.5889448,7691886108,13.877,Normal
HYD031891,7290427633,Dargah,place_of_worship,Religion,17.3709946,78.4080297,3579906668,40.975,Normal
HYD031892,314542402,Dargah,place_of_worship,Religion,17.327695124999998,78.4796556,4313223659,13.47,Normal
HYD031893,358792173,Dargah Hazrat Aashiq-e-Khwaja (Peeli Dargah),place_of_worship,Religion,17.31370102,78.4785102,4183440916,49.028,Normal
HYD031894,8024029756,Dargah Hazrat Muhammad Abdul Qadeer Siddiqi Qadri,place_of_worship,Religion,17.3597206,78.4571872,8024029753,29.191,Normal
HYD031895,7236102044,Dargah Hazrat Syed Asadullah Shah Qadri Shaheed (Ra),place_of_worship,Religion,17.386534,78.3725207,2246173048,40.916,Normal
HYD031896,4472294393,Dargah Hussain Shah Wali,place_of_worship,Religion,17.4111173,78.3896203,3579914866,19.74,Normal
HYD031897,358770271,Dargah Sha Wajoodi Shamsi Chisti Qadri (RH),place_of_worship,Religion,17.3123874,78.47614126,7682570195,17.58,Normal
HYD031898,4979205057,Dargha Hazrath Syed Sadaatullah Qadri,place_of_worship,Religion,17.3537556,78.5645571,4943433873,23.427,Normal
HYD031899,4835494860,Dattatreya Temple,place_of_worship,Religion,17.3541531,78.5308784,3612549612,4.768,Normal
HYD031900,12383891765,Deccan Auto Limited,place_of_worship,Religion,17.5921094,78.2826435,4259990873,188.522,Extended
HYD031901,4436525194,Devi Chowk,place_of_worship,Religion,17.4149564,78.4948644,308938417,1.902,Normal
HYD031902,9885114652,Dhathatriya Swamy temple,place_of_worship,Religion,17.3496294,78.4734251,8522893134,20.318,Normal
HYD031903,4616437274,Divine Mercy Adoration Chapel,place_of_worship,Religion,17.4418737,78.5021432,3598260080,7.34,Normal
HYD031904,626647091,Divine Word Centre,place_of_worship,Religion,17.54402478235294,78.21803165294119,11311189879,66.465,Normal
HYD031905,10277936663,Durga Bhavani Abayanjaneya Swami Temple,place_of_worship,Religion,17.305052,78.4379842,5116580887,24.048,Normal
HYD031906,534091115,Durga Devi temple,place_of_worship,Religion,17.4387374,78.4481862,332447591,12.395,Normal
HYD031907,7021303739,Durga Gudi,place_of_worship,Religion,17.4436194,78.3918022,324210335,9.252,Normal
HYD031908,13437146158,Durga Temple,place_of_worship,Religion,17.5129515,78.4324192,2852309285,21.484,Normal
HYD031909,13673540507,Durga ma temple,place_of_worship,Religion,17.3789788,78.4748391,2178294766,12.791,Normal
HYD031910,13673658801,Durga mata temple,place_of_worship,Religion,17.3732467,78.4666248,7702381300,43.498,Normal
HYD031911,13673806805,Durga mata temple,place_of_worship,Religion,17.3755543,78.4692147,308525941,16.958,Normal
HYD031912,13673822797,Durga mata temple,place_of_worship,Religion,17.3772844,78.4641826,308527204,15.293,Normal
HYD031913,1473553063,Durga temple,place_of_worship,Religion,17.4142061,78.3819494,13381080121,29.975,Normal
HYD031914,6375052985,Durgamma Temple,place_of_worship,Religion,17.5092416,78.4067892,3550344947,22.409,Normal
HYD031915,11736376196,Durgamma Temple,place_of_worship,Religion,17.4962347,78.3944779,7904757108,17.945,Normal
HYD031916,13715452783,Durgamma Temple,place_of_worship,Religion,17.4961828,78.3943759,1427603926,20.042,Normal
HYD031917,740707478,EIDGAH Masjid,place_of_worship,Religion,17.44364165714286,78.56780407142857,2805343843,15.095,Normal
HYD031918,1306281994,EME Gurudwara,place_of_worship,Religion,17.481421,78.5156661,2222385333,23.058,Normal
HYD031919,4979080183,EPPHM,place_of_worship,Religion,17.3611169,78.5674873,1596025198,19.37,Normal
HYD031920,3530679227,Ebenezer Church,place_of_worship,Religion,17.4903473,78.504025,2221878595,12.562,Normal
HYD031921,357685568,Eidgah,place_of_worship,Religion,17.3961292,78.54006179999999,13338153571,21.178,Normal
HYD031922,12854654624,Eidgah E Maqdum Nagar,place_of_worship,Religion,17.5037334,78.42988,2028554640,15.248,Normal
HYD031923,1341814411,Eidgah Hasmatpet,place_of_worship,Religion,17.4782155,78.49053995,4271482936,27.894,Normal
HYD031924,356517195,Ek Minar Masjid,place_of_worship,Religion,17.390626483333335,78.46795750000001,12421241112,9.453,Normal
HYD031925,9885003999,Ekbharanath temple,place_of_worship,Religion,17.5157922,78.46492,11882953954,11.941,Normal
HYD031926,4711614466,Ellamma Temple,place_of_worship,Religion,17.3294667,78.5636622,1324671596,18.408,Normal
HYD031927,6536382529,Emmanuel House of Worship,place_of_worship,Religion,17.4398649,78.5030686,12049118247,27.314,Normal
HYD031928,2154774356,Eshtakameshwari Temple,place_of_worship,Religion,17.3402691,78.6287129,981280480,14.892,Normal
HYD031929,11082456174,Fareed Masjid,place_of_worship,Religion,17.455742,78.4103625,11082456167,6.903,Normal
HYD031930,6847914804,Fathenagar Ramalayam Temple khaman,place_of_worship,Religion,17.4598339,78.4525504,2781136039,7.095,Normal
HYD031931,7244175918,Filmnagar Temple,place_of_worship,Religion,17.4154822,78.4103661,13999435823,17.098,Normal
HYD031932,7021303744,Fusion Church,place_of_worship,Religion,17.4449989,78.3856485,11033804440,36.351,Normal
HYD031933,10185315897,GANESH  TEMPLE,place_of_worship,Religion,17.3847833,78.5576159,11337179646,25.231,Normal
HYD031934,2607577074,GTS Colony temple,place_of_worship,Religion,17.4448519,78.4276526,3195196247,27.301,Normal
HYD031935,4209984191,Ganapathi Temple ,place_of_worship,Religion,17.3739452,78.5458481,1891818325,7.329,Normal
HYD031936,7244124239,Gandi maisamma temple,place_of_worship,Religion,17.3413132,78.3730677,7367309281,23.213,Normal
HYD031937,447033361,Ganesh Chowk,place_of_worship,Religion,17.313353035,78.498403935,5207886922,9.046,Normal
HYD031938,6651630331,Ganesh Mandir,place_of_worship,Religion,17.4862937,78.3205577,7710528142,5.577,Normal
HYD031939,515013276,Ganesh Mndapam,place_of_worship,Religion,17.34021632,78.37857066000001,5030510132,8.878,Normal
HYD031940,2445869192,Ganesh Temple,place_of_worship,Religion,17.372983,78.5129939,2241232516,38.091,Normal
HYD031941,2710668861,Ganesh Temple,place_of_worship,Religion,17.331317,78.5694839,3598382166,36.169,Normal
HYD031942,4978705677,Ganesh Temple,place_of_worship,Religion,17.3768222,78.5736578,3598391493,13.477,Normal
HYD031943,6208269885,Ganesh Temple,place_of_worship,Religion,17.3805942,78.4904926,11037159777,9.833,Normal
HYD031944,6254336987,Ganesh Temple,place_of_worship,Religion,17.3906652,78.4868259,8485293850,36.027,Normal
HYD031945,6375064263,Ganesh Temple,place_of_worship,Religion,17.5137253,78.4133263,11876057901,12.026,Normal
HYD031946,7002647732,Ganesh Temple,place_of_worship,Religion,17.4712605,78.5437191,2225283555,24.859,Normal
HYD031947,7025820791,Ganesh Temple,place_of_worship,Religion,17.4439951,78.3923652,7013029351,5.525,Normal
HYD031948,356455443,Ganesh Temple,place_of_worship,Religion,17.38769052,78.4899229,2197048424,24.981,Normal
HYD031949,360822944,Ganesh Temple,place_of_worship,Religion,17.443950655555554,78.4985747888889,4191721094,30.523,Normal
HYD031950,643283424,Ganesh Temple,place_of_worship,Religion,17.426283480000002,78.45522675999999,2477255884,5.308,Normal
HYD031951,8233373806,Ganesh Vigraham,place_of_worship,Religion,17.5341568,78.3913244,3614499389,10.677,Normal
HYD031952,13673598443,Ganesh mandir,place_of_worship,Religion,17.3698952,78.4670274,11373154602,11.607,Normal
HYD031953,7173978280,Ganesh temple,place_of_worship,Religion,17.5127277,78.3010967,11045856192,17.516,Normal
HYD031954,12528926909,Ganesh temple,place_of_worship,Religion,17.3597812,78.4310026,2738998059,16.127,Normal
HYD031955,341367536,Ganesh temple,place_of_worship,Religion,17.45040642,78.49854653999999,3598263672,15.915,Normal
HYD031956,357358329,Ganesh temple,place_of_worship,Religion,17.3314341,78.56948924,307061468,29.121,Normal
HYD031957,416916760,Ganesh temple,place_of_worship,Religion,17.41602396,78.37563516,3547295949,21.942,Normal
HYD031958,6935615653,Gethsamane Church,place_of_worship,Religion,17.447371,78.3889154,7012080644,23.237,Normal
HYD031959,6822126607,Ghouse- Ka-Chillah,place_of_worship,Religion,17.395887,78.41743,2852560629,11.812,Normal
HYD031960,11084918133,Ghousia masjid,place_of_worship,Religion,17.453925,78.4175704,4269634327,12.661,Normal
HYD031961,4433011991,Goddess,place_of_worship,Religion,17.4115915,78.489254,315060314,4.284,Normal
HYD031962,7021303747,Goddess Durga Temple,place_of_worship,Religion,17.4445529,78.3906687,1323520533,13.189,Normal
HYD031963,6853049417,Golden Temple Puppalaguda,place_of_worship,Religion,17.3997937,78.3833815,7709411689,25.813,Normal
HYD031964,297208482,Grace Community Baptist Church,place_of_worship,Religion,17.462687457142856,78.48912825714285,315072811,34.438,Normal
HYD031965,550775426,Grama Devatha Temple,place_of_worship,Religion,17.354890899999997,78.396468,2744203638,50.647,Normal
HYD031966,6765562784,Grudwara,place_of_worship,Religion,17.426449,78.5161457,9679249352,9.576,Normal
HYD031967,4583911871,Gurudwara,place_of_worship,Religion,17.3327329,78.5718186,1324669270,26.306,Normal
HYD031968,339755869,Gurudwara,place_of_worship,Religion,17.499715366666663,78.30365756666667,3469895705,36.298,Normal
HYD031969,1306281997,Guruvayurappan temple,place_of_worship,Religion,17.4860976,78.5155427,3598275942,91.325,Normal
HYD031970,355610791,HMT Swarnapuri Sai Baba Temple,place_of_worship,Religion,17.51587624,78.3457473,7669408212,14.5,Normal
HYD031971,469353065,HMT Swarnapuri Venkateswara Swami Temple,place_of_worship,Religion,17.517290179999996,78.33976254,2766314862,13.144,Normal
HYD031972,4621597290,Hafeez sab,place_of_worship,Religion,17.3923396,78.3875987,3579910547,18.526,Normal
HYD031973,9903766100,Haji Ali Masjeed,place_of_worship,Religion,17.5162121,78.4366707,2023729977,23.66,Normal
HYD031974,860343662,Hakeem Baba Dargah,place_of_worship,Religion,17.411652377777777,78.41352447777778,4173972700,42.218,Normal
HYD031975,211229387,Haniman Temple,place_of_worship,Religion,17.44202058,78.35617616,4132219726,11.89,Normal
HYD031976,2217968822,Hanuman,place_of_worship,Religion,17.4119618,78.3955516,2177264495,25.689,Normal
HYD031977,656437872,Hanuman & Shiva Temple,place_of_worship,Religion,17.42458328333333,78.4543857,366520675,19.854,Normal
HYD031978,238302521,Hanuman Ghat,place_of_worship,Religion,17.36989532,78.4670807,11373154602,13.61,Normal
HYD031979,883130171,Hanuman Mandir,place_of_worship,Religion,17.50175678,78.50920744,2988138240,21.572,Normal
HYD031980,1464554457,Hanuman Mandir,place_of_worship,Religion,17.3667666,78.39460784444445,2552420137,27.903,Normal
HYD031981,1050823758,Hanuman Temple,place_of_worship,Religion,17.4615819,78.4960307,1339495256,21.37,Normal
HYD031982,1333758090,Hanuman Temple,place_of_worship,Religion,17.4663343,78.5056203,2222306010,24.067,Normal
HYD031983,2429982727,Hanuman Temple,place_of_worship,Religion,17.3833236,78.4781514,8348357124,15.411,Normal
HYD031984,2432032114,Hanuman Temple,place_of_worship,Religion,17.3677316,78.5499916,1596680270,25.26,Normal
HYD031985,2445879232,Hanuman Temple,place_of_worship,Religion,17.3749375,78.5022062,2240854872,25.963,Normal
HYD031986,2446005044,Hanuman Temple,place_of_worship,Religion,17.3688251,78.5234317,2183029343,22.345,Normal
HYD031987,2447268825,Hanuman Temple,place_of_worship,Religion,17.3901492,78.5275459,1316921692,25.069,Normal
HYD031988,2447312068,Hanuman Temple,place_of_worship,Religion,17.3898097,78.4977727,11189651945,48.656,Normal
HYD031989,2712663121,Hanuman Temple,place_of_worship,Religion,17.4121085,78.4888887,11188206328,22.44,Normal
HYD031990,2817379201,Hanuman Temple,place_of_worship,Religion,17.3808141,78.4408213,11542735686,25.877,Normal
HYD031991,3155672150,Hanuman Temple,place_of_worship,Religion,17.4347528,78.4364385,353720870,40.077,Normal
HYD031992,3388955194,Hanuman Temple,place_of_worship,Religion,17.4687179,78.5604538,978107591,28.047,Normal
HYD031993,3392142869,Hanuman Temple,place_of_worship,Religion,17.4773088,78.5637791,3164348351,23.478,Normal
HYD031994,4796526724,Hanuman Temple,place_of_worship,Religion,17.3592215,78.5053406,3612551090,24.476,Normal
HYD031995,5279264313,Hanuman Temple,place_of_worship,Religion,17.4079087,78.3745518,7698733920,26.622,Normal
HYD031996,6199003788,Hanuman Temple,place_of_worship,Religion,17.393583,78.5309709,2234831480,22.697,Normal
HYD031997,6208269986,Hanuman Temple,place_of_worship,Religion,17.3805155,78.4892268,11836875044,13.496,Normal
HYD031998,6211085687,Hanuman Temple,place_of_worship,Religion,17.3930885,78.4649735,728975876,22.391,Normal
HYD031999,6216843086,Hanuman Temple,place_of_worship,Religion,17.3923087,78.4660911,7712655681,9.188,Normal
HYD032000,6219010785,Hanuman Temple,place_of_worship,Religion,17.3994627,78.462674,1820079639,5.975,Normal
HYD032001,6375064262,Hanuman Temple,place_of_worship,Religion,17.5077278,78.4081791,3550344740,20.066,Normal
HYD032002,6690779938,Hanuman Temple,place_of_worship,Religion,17.4260024,78.5158694,2234501185,11.839,Normal
HYD032003,6761376987,Hanuman Temple,place_of_worship,Religion,17.4869622,78.3236469,2231949274,5.578,Normal
HYD032004,6779857188,Hanuman Temple,place_of_worship,Religion,17.5130121,78.5527025,2794350662,14.81,Normal
HYD032005,7345777447,Hanuman Temple,place_of_worship,Religion,17.3133979,78.3722446,2247712935,20.104,Normal
HYD032006,7611364613,Hanuman Temple,place_of_worship,Religion,17.5584702,78.2226379,7608681260,6.545,Normal
HYD032007,7860508784,Hanuman Temple,place_of_worship,Religion,17.4981722,78.3575884,4191634425,15.291,Normal
HYD032008,7942144084,Hanuman Temple,place_of_worship,Religion,17.4683283,78.4263539,5759759153,8.435,Normal
HYD032009,8386132335,Hanuman Temple,place_of_worship,Religion,17.4884666,78.3327785,2231795095,12.825,Normal
HYD032010,8909248540,Hanuman Temple,place_of_worship,Religion,17.4480834,78.4324774,1750016980,32.154,Normal
HYD032011,10279599924,Hanuman Temple,place_of_worship,Religion,17.3404917,78.5249906,2244372598,47.577,Normal
HYD032012,10764939259,Hanuman Temple,place_of_worship,Religion,17.3781085,78.4478976,5573894757,12.804,Normal
HYD032013,11684822513,Hanuman Temple,place_of_worship,Religion,17.5200616,78.4398523,2852844631,21.663,Normal
HYD032014,12854596324,Hanuman Temple,place_of_worship,Religion,17.4167085,78.4618618,1309503676,15.341,Normal
HYD032015,13070393817,Hanuman Temple,place_of_worship,Religion,17.3098829,78.6941736,13766696689,26.959,Normal
HYD032016,13437146141,Hanuman Temple,place_of_worship,Religion,17.5110606,78.4255936,2988138270,5.156,Normal
HYD032017,13437146147,Hanuman Temple,place_of_worship,Religion,17.5089759,78.426,2852308714,12.079,Normal
HYD032018,13673822798,Hanuman Temple,place_of_worship,Religion,17.3791029,78.4639897,1320928048,9.51,Normal
HYD032019,116682512,Hanuman Temple,place_of_worship,Religion,17.41184016,78.44926474,7712559992,23.421,Normal
HYD032020,184103815,Hanuman Temple,place_of_worship,Religion,17.46863788,78.47707352,7694308385,11.497,Normal
HYD032021,355951427,Hanuman Temple,place_of_worship,Religion,17.493084900000003,78.31586030000001,3931737614,17.006,Normal
HYD032022,356417415,Hanuman Temple,place_of_worship,Religion,17.43813792,78.46154366,2852468401,17.446,Normal
HYD032023,357107421,Hanuman Temple,place_of_worship,Religion,17.40085428888889,78.46233860000001,11037207503,22.911,Normal
HYD032024,357703214,Hanuman Temple,place_of_worship,Religion,17.40262852,78.56221991999999,3598398140,9.407,Normal
HYD032025,389895398,Hanuman Temple,place_of_worship,Religion,17.51647688,78.38229324,8386715624,31.112,Normal
HYD032026,514460860,Hanuman Temple,place_of_worship,Religion,17.41212546,78.58463012000001,4183408769,19.95,Normal
HYD032027,758939663,Hanuman Temple,place_of_worship,Religion,17.45164492,78.49962294000001,2225281435,15.668,Normal
HYD032028,835332844,Hanuman Temple,place_of_worship,Religion,17.481692016666667,78.53777315,2222562428,18.728,Normal
HYD032029,911440039,Hanuman Temple,place_of_worship,Religion,17.4140199,78.59156592,3598401208,15.156,Normal
HYD032030,983103395,Hanuman Temple,place_of_worship,Religion,17.4116994,78.54992828,3612574285,16.514,Normal
HYD032031,1465001198,Hanuman Temple,place_of_worship,Religion,17.39778665,78.4975477,308783044,3.978,Normal
HYD032032,1513156696,Hanuman Temple,place_of_worship,Religion,17.557211459999998,78.3629948,11037221518,14.737,Normal
HYD032033,694270969,Hanuman Temple Maruthi Nagar,place_of_worship,Religion,17.4195729,78.58963966,3598304067,23.451,Normal
HYD032034,790167906,Hanuman Temple Sannidanam,place_of_worship,Religion,17.338557571428574,78.3727700857143,7387116594,20.846,Normal
HYD032035,8707257996,"Hanuman Temple, Anjali Gardens Colony",place_of_worship,Religion,17.402839,78.3716811,12043374534,10.238,Normal
HYD032036,2715273243,"Hanuman Temple, Domalguda",place_of_worship,Religion,17.4093098,78.4858478,4142192244,19.943,Normal
HYD032037,4290644890,Hanuman temple,place_of_worship,Religion,17.5624189,78.4539784,7669037203,6.758,Normal
HYD032038,4432327794,Hanuman temple,place_of_worship,Religion,17.4062941,78.4931993,13671127671,17.282,Normal
HYD032039,7088365505,Hanuman temple,place_of_worship,Religion,17.4389603,78.4493247,11032201017,13.687,Normal
HYD032040,7171269293,Hanuman temple,place_of_worship,Religion,17.3095495,78.5331977,2789994808,15.439,Normal
HYD032041,7244140162,Hanuman temple,place_of_worship,Religion,17.5281211,78.2659819,2852272988,20.183,Normal
HYD032042,7244233165,Hanuman temple,place_of_worship,Religion,17.5371916,78.2621539,7244233164,10.726,Normal
HYD032043,8389353980,Hanuman temple,place_of_worship,Religion,17.3715729,78.4289433,3205794936,25.5,Normal
HYD032044,9821777987,Hanuman temple,place_of_worship,Religion,17.3424312,78.5330454,3612545933,19.487,Normal
HYD032045,9974695511,Hanuman temple,place_of_worship,Religion,17.5164054,78.3822933,8386715624,28.607,Normal
HYD032046,13673666018,Hanuman temple,place_of_worship,Religion,17.3708694,78.4694653,4203989135,13.037,Normal
HYD032047,680469222,Hanuman temple,place_of_worship,Religion,17.392031499999998,78.51482067999999,3216871980,19.273,Normal
HYD032048,880039765,Hanuman temple,place_of_worship,Religion,17.49710448888889,78.40706645555555,6308390070,12.357,Normal
HYD032049,1059144544,Hanuman temple,place_of_worship,Religion,17.3279587,78.58523474285714,3059817556,31.427,Normal
HYD032050,1492122084,Hanuman temple,place_of_worship,Religion,17.37923317857143,78.46394337142858,3612560383,21.293,Normal
HYD032051,1299079176,Hare Krishna Tower,place_of_worship,Religion,17.397726666666667,78.341741,12033717081,48.123,Normal
HYD032052,1341814412,Hasmatpet Qabristan,place_of_worship,Religion,17.478580563636363,78.49093716363636,4271482946,15.078,Normal
HYD032053,12854573914,Hazrat Amber sha dargha,place_of_worship,Religion,17.3919521,78.5190947,1316890506,30.972,Normal
HYD032054,771240788,Hebron Church,place_of_worship,Religion,17.4110482,78.4974754,13373339737,25.276,Normal
HYD032055,412918988,Hermon,place_of_worship,Religion,17.411810159999998,78.49696008000001,308938356,41.466,Normal
HYD032056,4931853973,Hexagon,place_of_worship,Religion,17.4436002,78.3738987,7676315621,34.226,Normal
HYD032057,11736398310,Hindu Temple,place_of_worship,Religion,17.4928115,78.3919152,5948161009,40.548,Normal
HYD032058,853191128,Hindu Temple,place_of_worship,Religion,17.559298419999998,78.39644694,7682160159,7.176,Normal
HYD032059,6268163782,Holy Family Church,place_of_worship,Religion,17.477334,78.5127465,2221877068,58.303,Normal
HYD032060,12046007007,Holy Trinity Church,place_of_worship,Religion,17.4416812,78.3267844,2155894571,21.169,Normal
HYD032061,346567470,"Holy Trinity Church, Bolarum",place_of_worship,Religion,17.51676318,78.52372614000001,7698445451,23.775,Normal
HYD032062,8110957840,House of peace prayer hall,place_of_worship,Religion,17.4511424,78.4450655,2822568827,29.326,Normal
HYD032063,357079774,House of peace prayer hall,place_of_worship,Religion,17.451154980000002,78.44506282,2822568827,30.299,Normal
HYD032064,886337163,ISKCON,place_of_worship,Religion,17.442076,78.5055212,1779502610,36.007,Normal
HYD032065,1842293609,Immaculate Conception Church,place_of_worship,Religion,17.4953836,78.4059465,1431190649,33.682,Normal
HYD032066,1985561838,Indra Nagar Mosque,place_of_worship,Religion,17.4416129,78.3603276,1311004922,32.672,Normal
HYD032067,6822126565,Infant Jesus Catholic Church,place_of_worship,Religion,17.2748232,78.5953364,7687887131,21.917,Normal
HYD032068,12528926908,Iskcon attapur,place_of_worship,Religion,17.3601307,78.4325282,2738998082,23.165,Normal
HYD032069,6255550787,Iskon,place_of_worship,Religion,17.3878667,78.474973,2847557199,44.496,Normal
HYD032070,6514122439,Jagnath Temple,place_of_worship,Religion,17.3831368,78.4539968,4174046563,41.137,Normal
HYD032071,357600990,Jai Hanuman,place_of_worship,Religion,17.45919722,78.5434746,7701113249,20.711,Normal
HYD032072,6210878485,Jai Mata Di,place_of_worship,Religion,17.3883124,78.4697854,2847725818,5.244,Normal
HYD032073,6195717385,Jai Matha DI Temple,place_of_worship,Religion,17.3943515,78.4625084,11072490868,9.515,Normal
HYD032074,6187870389,Jai Matha Di,place_of_worship,Religion,17.4073348,78.4515354,3210162206,19.241,Normal
HYD032075,356248753,Jai Sri Krishna,place_of_worship,Religion,17.450641660000002,78.53496365999999,3663312734,17.04,Normal
HYD032076,357760885,Jain Mandheer Temple,place_of_worship,Religion,17.461394034999998,78.542502555,12043100474,14.651,Normal
HYD032077,8110916033,Jalihanuman mandir,place_of_worship,Religion,17.3738032,78.4599313,3612558170,11.19,Normal
HYD032078,7244020258,Jama Masjid,place_of_worship,Religion,17.3261069,78.2758696,2236837404,20.913,Normal
HYD032079,740795304,Jame Masjid Nacharam,place_of_worship,Religion,17.43166972,78.5495678,2236750524,13.806,Normal
HYD032080,626897372,Jamia Masjid,place_of_worship,Religion,17.3762475,78.4750979,308525930,12.186,Normal
HYD032081,1341384379,Jamia Masjid Hasmatpet,place_of_worship,Religion,17.473797783333335,78.48769320000001,4208589768,18.067,Normal
HYD032082,6822126536,Jamme Masjid Qutub Shahi,place_of_worship,Religion,17.409088,78.4006237,13383352498,8.758,Normal
HYD032083,635722558,JanaPriya Hanuman Temple,place_of_worship,Religion,17.4089284,78.5109277,634130063,3.319,Normal
HYD032084,7021303746,Jeeva Jalamula Prarthana Mandiram,place_of_worship,Religion,17.4410393,78.395446,3602302949,14.934,Normal
HYD032085,6261453385,Jehovah Nissi house of worship,place_of_worship,Religion,17.4730189,78.3872388,2249764657,19.123,Normal
HYD032086,793420240,Jerusalem prayer house,place_of_worship,Religion,17.483420783333333,78.32894643333334,7401499000,18.161,Normal
HYD032087,8233202620,Jesus Calls Prayer Tower,place_of_worship,Religion,17.4996054,78.5125096,2232047827,27.148,Normal
HYD032088,6853049477,Jesus Pentecostal Prayer Ministries,place_of_worship,Religion,17.5355403,78.2611081,2763874560,9.357,Normal
HYD032089,13715452801,Jntu Temple,place_of_worship,Religion,17.4933928,78.3926496,2705360652,22.409,Normal
HYD032090,1271903168,Joseph's Church,place_of_worship,Religion,17.5174214,78.5219207,11568413298,32.028,Normal
HYD032091,758941492,Julamma Temple,place_of_worship,Religion,17.43732794,78.48610798,7698723615,11.724,Normal
HYD032092,6935422631,KALIKA DEVI TEMPLE,place_of_worship,Religion,17.4795487,78.4785507,2789775696,12.006,Normal
HYD032093,6847914831,Kaalikadevi Temple,place_of_worship,Religion,17.462888,78.45283,3598267855,22.074,Normal
HYD032094,8389339489,Kala Hanuman mandir,place_of_worship,Religion,17.3576649,78.4267157,4175743479,50.913,Normal
HYD032095,626897145,Kali Masjid,place_of_worship,Religion,17.3647875,78.4859446,2859523719,19.679,Normal
HYD032096,6308233006,Kalimandir,place_of_worship,Religion,17.3525969,78.3767451,5598835090,20.059,Normal
HYD032097,4978765875,Kalimatha Temple,place_of_worship,Religion,17.3665372,78.5844159,4189571352,54.944,Normal
HYD032098,7021303740,Kalki Avatar Mandir,place_of_worship,Religion,17.4431892,78.3912034,1323514614,13.542,Normal
HYD032099,7174074866,Kalki Bhagavan Temple,place_of_worship,Religion,17.490512,78.4552019,13431701625,13.247,Normal
HYD032100,2429870081,Kanaka Durga Temple,place_of_worship,Religion,17.3688036,78.5258281,7244175534,17.096,Normal
HYD032101,5608454513,Kanaka Durga Temple,place_of_worship,Religion,17.4184087,78.5176322,2234499911,21.364,Normal
HYD032102,6219010685,Kanaka Durga Temple,place_of_worship,Religion,17.399312,78.462578,12640042946,3.562,Normal
HYD032103,7246440942,Kanaka Durga Temple,place_of_worship,Religion,17.3489871,78.5481378,2245995999,13.01,Normal
HYD032104,232038383,Kanaka Durga Temple,place_of_worship,Religion,17.434531583333335,78.44762159999999,7244300080,7.303,Normal
HYD032105,7860520388,Kanakadurga Temple,place_of_worship,Religion,17.4949527,78.3541072,2231949531,11.327,Normal
HYD032106,7173917137,Kanakadurga devi temple,place_of_worship,Religion,17.4345329,78.4478534,2403829338,14.287,Normal
HYD032107,7244256680,Kanakadurga temple,place_of_worship,Religion,17.484319,78.398514,1987984274,25.205,Normal
HYD032108,2412757405,Kanyaka Parameshwari Temple,place_of_worship,Religion,17.3722562,78.5406441,2412757402,17.887,Normal
HYD032109,1474078037,Kasi Viswanadha Temple,place_of_worship,Religion,17.4721794,78.538865,11054196081,17.442,Normal
HYD032110,12793779424,Katamaisamma Temple,place_of_worship,Religion,17.4881454,78.3230929,13397203265,15.763,Normal
HYD032111,727183028,Katta Maisamma Temple,place_of_worship,Religion,17.4129315,78.4782789,6372012809,13.941,Normal
HYD032112,10262368334,Katta Maisamma Temple,place_of_worship,Religion,17.4624544,78.5368814,11865900027,7.221,Normal
HYD032113,1455541253,Kattamysamma Devalayam,place_of_worship,Religion,17.337693628571426,78.5234756,315086318,23.295,Normal
HYD032114,357142068,Khair unnisa masjid,place_of_worship,Religion,17.383572,78.50325332000001,2240855556,14.653,Normal
HYD032115,116016783,Khairatabad Mosque,place_of_worship,Religion,17.40860005714286,78.4632649857143,13333746478,18.026,Normal
HYD032116,4436525397,Khairatabad ganesh,place_of_worship,Religion,17.4111187,78.4672606,12231478260,51.377,Normal
HYD032117,7021303745,"Kingdom Hall of JW, HiTech City Congregation",place_of_worship,Religion,17.4414835,78.3952871,7008311425,12.716,Normal
HYD032118,6949241811,Kondapur Saibaba Temple,place_of_worship,Religion,17.4627285,78.3648995,1301942857,13.876,Normal
HYD032119,9724129624,Krishna  temple,place_of_worship,Religion,17.3622359,78.4742923,11041674058,16.035,Normal
HYD032120,1081673936,Krishna temple,place_of_worship,Religion,17.37438514,78.4375963,7715372166,14.133,Normal
HYD032121,341181909,Kukatpally Baptist Church,place_of_worship,Religion,17.49751232,78.39142491999999,3602321880,33.415,Normal
HYD032122,3318241758,Kumaramma gudi,place_of_worship,Religion,17.4100526,78.5740364,3598400225,6.646,Normal
HYD032123,3978244704,Lakshmi Venkateshwara Swami Temple,place_of_worship,Religion,17.4896522,78.3728371,1802650840,20.345,Normal
HYD032124,5539274772,Laxmi Narshimha Swamy Temple,place_of_worship,Religion,17.3925434,78.6120071,3598394944,31.9,Normal
HYD032125,6737197808,Laymen's Evangelical Fellowship International,place_of_worship,Religion,17.4127668,78.4592463,3612574552,25.524,Normal
HYD032126,6822126518,Living Word Of Jesus Church,place_of_worship,Religion,17.5095743,78.2998972,4009708567,18.489,Normal
HYD032127,667116148,Lord Krishna temple,place_of_worship,Religion,17.47846018947368,78.38745681578946,4192956457,45.75,Normal
HYD032128,1410864195,Lord Shiva,place_of_worship,Religion,17.4590172,78.54344116,2225282161,19.988,Normal
HYD032129,7244193694,Lord Shiva Temple,place_of_worship,Religion,17.3284265,78.2740634,7670950429,37.591,Normal
HYD032130,7729970661,Lord Shiva Temple,place_of_worship,Religion,17.4955019,78.5928944,7729970659,8.885,Normal
HYD032131,357404730,Lord Shiva Temple,place_of_worship,Religion,17.3881266,78.5266432,2234830850,10.366,Normal
HYD032132,4710073991,"Lord Shiva, Hanuman temple",place_of_worship,Religion,17.4951042,78.3289428,3164090677,20.058,Normal
HYD032133,9918777536,Lord Siva Temple,place_of_worship,Religion,17.5239771,78.3697579,7676061708,28.854,Normal
HYD032134,6847914832,Lord Sri Pochamma Temple,place_of_worship,Religion,17.439296,78.4373601,12639952961,22.431,Normal
HYD032135,7113870285,Lord shiva,place_of_worship,Religion,17.3629993,78.5088763,3612553199,13.713,Normal
HYD032136,7174360459,Lotus temple of lord shiva,place_of_worship,Religion,17.338629,78.3096576,7692630652,33.484,Normal
HYD032137,116011574,Lutheran Church,place_of_worship,Religion,17.4039193,78.4662775,712863460,21.103,Normal
HYD032138,343668443,MGJSO Church Mettuguda,place_of_worship,Religion,17.4361795,78.5177271,7710587404,14.034,Normal
HYD032139,7243946115,Maha Lakshmi Temple,place_of_worship,Religion,17.4936357,78.3565137,2231949507,14.427,Normal
HYD032140,6953421419,Mahakali Temple,place_of_worship,Religion,17.4054777,78.6626513,7674302898,7.393,Normal
HYD032141,7569548870,Mahakali Temple,place_of_worship,Religion,17.4792509,78.5104135,11066460239,22.778,Normal
HYD032142,356454155,Mahakali Temple,place_of_worship,Religion,17.46048636,78.49088564000002,315072845,28.514,Normal
HYD032143,871051475,Mahakali Temple,place_of_worship,Religion,17.4564733,78.4930689,3598265521,13.59,Normal
HYD032144,13673515308,Mahakali mata temple,place_of_worship,Religion,17.3714622,78.4692712,3791315056,4.934,Normal
HYD032145,3392158289,Mahalakshi Temple,place_of_worship,Religion,17.4887643,78.392118,3602317273,27.153,Normal
HYD032146,1435322432,Mahan Kali temple,place_of_worship,Religion,17.4497477,78.5369263,494357772,22.841,Normal
HYD032147,8233139515,Mahankali,place_of_worship,Religion,17.5105344,78.5574257,2794350419,16.771,Normal
HYD032148,2526194954,Mahankali Gudi,place_of_worship,Religion,17.4314674,78.5282929,2236750398,48.143,Normal
HYD032149,7025820927,Mahankali Matha temple,place_of_worship,Religion,17.4408689,78.3886117,13361369676,12.521,Normal
HYD032150,7244140115,Mahankali Temple,place_of_worship,Religion,17.5303791,78.2650489,12234508469,38.057,Normal
HYD032151,253463264,Mahankali Temple,place_of_worship,Religion,17.401705333333336,78.56291288333334,9870003655,10.126,Normal
HYD032152,814544469,Mahankali Temple,place_of_worship,Religion,17.441687159999997,78.4624021,3598260029,11.525,Normal
HYD032153,13673370104,Mahankali mata temple,place_of_worship,Religion,17.43867,78.4948689,2214136517,19.459,Normal
HYD032154,417224637,Maheshnagar Temple,place_of_worship,Religion,17.39309874,78.47087368,1317231037,14.446,Normal
HYD032155,516210936,Maisamma Devalayam,place_of_worship,Religion,17.33369366,78.39388818,7672646958,7.029,Normal
HYD032156,3010475744,Maisamma Temple,place_of_worship,Religion,17.4441516,78.4692607,4614442660,10.694,Normal
HYD032157,706102390,Maisamma Temple,place_of_worship,Religion,17.41228087142857,78.56384928571427,2854456293,10.005,Normal
HYD032158,10806800002,Majid,place_of_worship,Religion,17.5046868,78.5887508,3598325019,14.733,Normal
HYD032159,10764943832,Majid -e-Aqsa,place_of_worship,Religion,17.3772281,78.4491295,10764943821,14.646,Normal
HYD032160,7321350333,Majid-E-Miskeen shah quadri,place_of_worship,Religion,17.4651321,78.4730714,3598268524,19.018,Normal
HYD032161,630995325,Malayalam worship service hall,place_of_worship,Religion,17.43095332,78.50499002000001,2240857815,29.316,Normal
HYD032162,1209946952,Mallana Temple Yapral,place_of_worship,Religion,17.503886686363636,78.54402010454545,7695467268,27.711,Normal
HYD032163,3541529453,Mallanna Gutta,place_of_worship,Religion,17.4189191,78.3945755,3602298726,9.905,Normal
HYD032164,357137273,Mallanna Temple,place_of_worship,Religion,17.423839559999998,78.58262787999999,2823894992,15.951,Normal
HYD032165,238195447,Mallapaly Masjid,place_of_worship,Religion,17.391990566666667,78.45786422222223,308779445,34.524,Normal
HYD032166,6847914886,Mallmaisamma Temple,place_of_worship,Religion,17.402875,78.566905,3673014890,14.87,Normal
HYD032167,626897149,Mandir,place_of_worship,Religion,17.365963,78.4851122,13330006672,12.638,Normal
HYD032168,7345789952,Manna Full Gospel Church,place_of_worship,Religion,17.3227065,78.4028497,4180416299,56.906,Normal
HYD032169,7153693123,"Manonash Cave, Avatar Meher Baba Hyderabad Centre",place_of_worship,Religion,17.4095838,78.3639131,3579914525,10.922,Normal
HYD032170,626896927,Masjid,place_of_worship,Religion,17.3664054,78.4876612,1813453242,42.485,Normal
HYD032171,4432328890,Masjid,place_of_worship,Religion,17.3973241,78.4890368,2847634132,21.75,Normal
HYD032172,11082456134,Masjid,place_of_worship,Religion,17.4570024,78.4101569,7701468815,8.773,Normal
HYD032173,170187404,Masjid,place_of_worship,Religion,17.36505676666667,78.48848417777776,3612553653,33.158,Normal
HYD032174,238282672,Masjid,place_of_worship,Religion,17.36183136,78.47050498,308560211,24.14,Normal
HYD032175,358062055,Masjid,place_of_worship,Religion,17.36716536,78.48763081999999,13321379453,12.914,Normal
HYD032176,411234795,Masjid,place_of_worship,Religion,17.40209632,78.48746056,315056941,19.015,Normal
HYD032177,464030091,Masjid,place_of_worship,Religion,17.386112675,78.5244651,2236282691,11.406,Normal
HYD032178,9918750785,Masjid - E- Gousiya,place_of_worship,Religion,17.5106222,78.4286908,2852309048,10.046,Normal
HYD032179,9918750784,Masjid - E- rahman,place_of_worship,Religion,17.5085915,78.4310682,11906929857,26.0,Normal
HYD032180,4971918341,Masjid Bagh Siraj Unnisa Madrsa Taleem Ul Quran,place_of_worship,Religion,17.3311974,78.5129674,4971918340,14.35,Normal
HYD032181,361691484,Masjid Chiraan Palace,place_of_worship,Religion,17.42196762,78.42471206,1948588733,169.64,Extended
HYD032182,10279761420,Masjid E  Azher Shah,place_of_worship,Religion,17.3624767,78.4428243,10279761416,6.845,Normal
HYD032183,341109394,Masjid E Khairul Anam,place_of_worship,Religion,17.431384184615386,78.43130351538463,3602300937,49.517,Normal
HYD032184,7330746743,Masjid E Noorani,place_of_worship,Religion,17.4427615,78.5149164,2234141861,8.216,Normal
HYD032185,8173355145,Masjid E Osman Zun Noorain Ahle Hadees,place_of_worship,Religion,17.3433303,78.4555912,2852504858,5.222,Normal
HYD032186,13436972418,Masjid E Quba,place_of_worship,Religion,17.5114029,78.4219008,2852571581,10.132,Normal
HYD032187,13436972485,Masjid E Shams,place_of_worship,Religion,17.517284,78.4269612,13357664913,9.719,Normal
HYD032188,768049515,Masjid E Subhani,place_of_worship,Religion,17.428803725,78.46072877499999,2854507258,14.476,Normal
HYD032189,361507568,Masjid Osman-Bin-Affan,place_of_worship,Religion,17.389138283333335,78.54163771666667,1317202073,21.555,Normal
HYD032190,8173355146,Masjid e Assalaam Ahle Hadees,place_of_worship,Religion,17.3476559,78.4538379,2852505266,10.653,Normal
HYD032191,238177494,Masjid e Firdoos,place_of_worship,Religion,17.42161295714286,78.49500850000001,1404712426,13.538,Normal
HYD032192,7105419009,Masjid e Gulam Rasool,place_of_worship,Religion,17.3831137,78.4441075,1321737145,22.596,Normal
HYD032193,896550646,Masjid e Hafiz dhanka,place_of_worship,Religion,17.35917386956522,78.47740295217392,3681327109,13.026,Normal
HYD032194,4378850791,Masjid e Hanifa,place_of_worship,Religion,17.3921404,78.5046083,12330556664,3.238,Normal
HYD032195,356539809,Masjid e Lateef,place_of_worship,Religion,17.39304532,78.52382870000001,2234831336,29.123,Normal
HYD032196,10000807720,Masjid e Madani Shah,place_of_worship,Religion,17.3677345,78.5151758,2243963482,26.067,Normal
HYD032197,238177495,Masjid e Omar,place_of_worship,Religion,17.4181795,78.49313865,1338944320,17.22,Normal
HYD032198,8084936870,Masjid e Saliheen,place_of_worship,Religion,17.3659597,78.4980554,12367016084,14.007,Normal
HYD032199,8173355144,Masjid e Saliheen,place_of_worship,Religion,17.3392216,78.4534694,308576242,25.81,Normal
HYD032200,8173355147,Masjid e Summaiya Ahle Hadees,place_of_worship,Religion,17.3603361,78.4421097,316968036,30.442,Normal
HYD032201,356197460,Masjid e mohammedia,place_of_worship,Religion,17.493006242857142,78.44222482857141,2778849720,26.965,Normal
HYD032202,12526931382,Masjid-E-Ahmediya,place_of_worship,Religion,17.5084043,78.6148399,7682244923,3.744,Normal
HYD032203,1360373459,Masjid-E-Ahmediya (Ahle-Sunnat-Ul-Jamath),place_of_worship,Religion,17.50840136,78.61481481999999,7682244923,4.382,Normal
HYD032204,7892309455,Masjid-E-Faizul Quran,place_of_worship,Religion,17.3465309,78.4151485,2744233676,18.286,Normal
HYD032205,6822126584,Masjid-E-Ghousia,place_of_worship,Religion,17.51939,78.442988,2852571054,26.526,Normal
HYD032206,357709486,Masjid-E-Habeeb,place_of_worship,Religion,17.395629340000003,78.40990234,7693510068,14.028,Normal
HYD032207,7244124225,Masjid-E-Himayath sagar,place_of_worship,Religion,17.3400571,78.3622368,3226948522,28.455,Normal
HYD032208,579464513,Masjid-E-Qutub Shahi,place_of_worship,Religion,17.39935218,78.5356723,9803352621,29.161,Normal
HYD032209,357683953,Masjid-E-Rahmania,place_of_worship,Religion,17.395574179999997,78.53973183999999,1317136497,15.404,Normal
HYD032210,1015403236,Masjid-E-Razzaq,place_of_worship,Religion,17.34666072,78.32738856,11158646114,11.093,Normal
HYD032211,4472320789,Masjid-e-Bilal,place_of_worship,Religion,17.4105134,78.3946278,7135062127,36.057,Normal
HYD032212,6822126576,Masjid-e-Ilahiya,place_of_worship,Religion,17.468578,78.457323,3598269778,24.667,Normal
HYD032213,355679570,Masjid-e-Mehraj,place_of_worship,Religion,17.53413226,78.43721348,3614499331,19.974,Normal
HYD032214,596491210,Masjid-e-Mohammadia,place_of_worship,Religion,17.486861819999998,78.40085622,350438952,30.145,Normal
HYD032215,1087198389,Masjid-e-Mohammadia,place_of_worship,Religion,17.522962957142855,78.54184412857141,7690996336,33.889,Normal
HYD032216,750393600,Masjid-e-Qutub Shahi,place_of_worship,Religion,17.42624486,78.38849136000002,12323256642,294.793,Extended
HYD032217,1234147889,Masjid-e-Sayeeda Moin,place_of_worship,Religion,17.401833500000002,78.39251922000001,1534914395,12.271,Normal
HYD032218,357043488,Masjid-e-Umar Farooq,place_of_worship,Religion,17.407170611111113,78.39028416666666,1534914465,18.562,Normal
HYD032219,357319680,Masjid-e-noor,place_of_worship,Religion,17.38107438,78.50287458,2240855316,24.517,Normal
HYD032220,357319572,Masjid-e-saad,place_of_worship,Religion,17.383209119999997,78.50413277999999,2240855551,28.306,Normal
HYD032221,13673515312,Massjid,place_of_worship,Religion,17.3715972,78.4700128,1813453264,18.492,Normal
HYD032222,6280781168,Mata Amritanandamayi Math,place_of_worship,Religion,17.4486862,78.5205441,3598263205,24.628,Normal
HYD032223,356550449,Mata Temple,place_of_worship,Religion,17.3428761,78.38210538,7672772026,19.732,Normal
HYD032224,116029684,Mecca Masjid,place_of_worship,Religion,17.36043531333333,78.47374467333333,9605237095,68.518,Normal
HYD032225,11084918145,Meraj Masjid,place_of_worship,Religion,17.4530544,78.413936,2822548267,16.097,Normal
HYD032226,7244193693,Methodist Church,place_of_worship,Religion,17.3288565,78.2753482,7670950474,39.207,Normal
HYD032227,170860196,Methodist Church,place_of_worship,Religion,17.394313166666667,78.47211035555557,12019385593,22.553,Normal
HYD032228,413304820,Millenium Methodist Church,place_of_worship,Religion,17.44105944,78.50070772000001,2234141720,37.52,Normal
HYD032229,10279737665,Mohammedia Masid,place_of_worship,Religion,17.3594936,78.4438475,316967048,27.762,Normal
HYD032230,8280319655,Mohammedia Masjid,place_of_worship,Religion,17.3703782,78.5146528,3184095099,22.858,Normal
HYD032231,10279761421,Mohammedia Masjid,place_of_worship,Religion,17.3644957,78.4414593,3612553634,16.073,Normal
HYD032232,893195075,Mosque,place_of_worship,Religion,17.3989642,78.4156737,10279838203,7.056,Normal
HYD032233,1215790315,Mosque,place_of_worship,Religion,17.4678559,78.3673463,4170788912,8.515,Normal
HYD032234,2817395316,Mosque,place_of_worship,Religion,17.3860293,78.4408605,1321360192,11.151,Normal
HYD032235,2835660758,Mosque,place_of_worship,Religion,17.4502513,78.4263608,1748860932,7.247,Normal
HYD032236,2949081831,Mosque,place_of_worship,Religion,17.3260251,78.5993841,2802932492,23.747,Normal
HYD032237,4187284198,Mosque,place_of_worship,Religion,17.367419,78.4812533,14007740213,6.098,Normal
HYD032238,6369917025,Mosque,place_of_worship,Religion,17.4081699,78.5165242,2234498732,12.437,Normal
HYD032239,740788798,Mosque,place_of_worship,Religion,17.435497220000002,78.42840002,354242532,8.859,Normal
HYD032240,4187313389,Mosque - Shah Ali Banda,place_of_worship,Religion,17.3551201,78.4738712,3207307272,36.629,Normal
HYD032241,357991201,Moula Ali Dargah,place_of_worship,Religion,17.46873766666667,78.5567478777778,2225518778,99.152,Normal
HYD032242,9369819275,Moula Ali hill,place_of_worship,Religion,17.4629403,78.5559497,2225518611,131.111,Extended
HYD032243,8386160542,Muktheswara Swami Temple,place_of_worship,Religion,17.4921079,78.4625955,2786981479,19.978,Normal
HYD032244,357098453,Multi-temple,place_of_worship,Religion,17.445383942857145,78.44921748571427,352754545,23.504,Normal
HYD032245,357317904,Mumtaz Masjid,place_of_worship,Religion,17.400623160000002,78.39310808,2795871108,13.165,Normal
HYD032246,6308262628,Muthyalamma temple,place_of_worship,Religion,17.4118391,78.4929156,308942970,30.929,Normal
HYD032247,1474078034,Muudu Gudulu,place_of_worship,Religion,17.4715091,78.5392512,11054187714,18.195,Normal
HYD032248,5813304188,My home vihanga temple,place_of_worship,Religion,17.4357597,78.3322387,8090601823,23.804,Normal
HYD032249,5803895955,Mysamma gudi,place_of_worship,Religion,17.5573847,78.4498733,1055916816,11.406,Normal
HYD032250,5572466625,Naga Devtha Temple,place_of_worship,Religion,17.501322,78.5385841,662742388,25.637,Normal
HYD032251,5572466626,Naga Devtha Temple,place_of_worship,Religion,17.5017934,78.542278,3598282490,15.491,Normal
HYD032252,6268166118,NagaDevatha Temple,place_of_worship,Religion,17.4843202,78.497413,11572288532,10.299,Normal
HYD032253,6685486359,Nagadevatha Temple,place_of_worship,Religion,17.4412777,78.4983217,11052201838,31.975,Normal
HYD032254,6847914773,Nagalakshmi Temple,place_of_worship,Religion,17.439701,78.438911,351829056,11.702,Normal
HYD032255,10764943841,Nalla Pochamma Temple,place_of_worship,Religion,17.3776991,78.4496254,7702268755,16.995,Normal
HYD032256,1138695808,Nalla Pochamma Temple,place_of_worship,Religion,17.402931119999998,78.49713956000001,2236283079,29.861,Normal
HYD032257,1312980849,Nalla Pochamma Temple,place_of_worship,Religion,17.43915195,78.53954278333332,2234141453,10.311,Normal
HYD032258,657664758,Nalla Pochamma Temple (Gollaguda),place_of_worship,Religion,17.48835892,78.50215333999999,14161827483,10.462,Normal
HYD032259,7008089081,Nallapochamma Temple,place_of_worship,Religion,17.5034685,78.4153001,2783285433,22.689,Normal
HYD032260,7860508782,Nava Graha Temple,place_of_worship,Religion,17.4982716,78.3576931,1344092380,11.213,Normal
HYD032261,13825591619,Navagraha Mandapam,place_of_worship,Religion,17.5572366,78.3630893,3614504844,15.886,Normal
HYD032262,6822126497,New Apostolic Church,place_of_worship,Religion,17.469028,78.4197858,3602310365,8.481,Normal
HYD032263,790167904,New Jerusalem Church,place_of_worship,Religion,17.33880024,78.3727789,7387116594,45.02,Normal
HYD032264,360984755,New Life Assembly of God (AG),place_of_worship,Religion,17.449366215384615,78.49323827692307,6034290059,35.541,Normal
HYD032265,10279481532,Nizam-E-Mohammedia Masjid,place_of_worship,Religion,17.3632143,78.443765,3612553311,18.384,Normal
HYD032266,1124048943,Nizam-E-Mohammedia Masjid,place_of_worship,Religion,17.363231579999997,78.44382346,316967098,21.891,Normal
HYD032267,740795303,Noor Masjid,place_of_worship,Religion,17.431081811111113,78.55011386666666,4184900222,6.979,Normal
HYD032268,626897186,Noor masjid,place_of_worship,Religion,17.3659363,78.48602,3612553792,18.361,Normal
HYD032269,9267411646,Old tree temple,place_of_worship,Religion,17.487459,78.2707388,4191339242,497.117,Extended
HYD032270,13671465424,Omer Shah Masjid,place_of_worship,Religion,17.3217351,78.4556813,2730570365,14.336,Normal
HYD032271,13673666033,Omkareshwara temple,place_of_worship,Religion,17.3705,78.469813,7682217647,60.853,Normal
HYD032272,626897146,Osmania Masjid,place_of_worship,Religion,17.3659958,78.4848073,13330006674,17.275,Normal
HYD032273,7610969999,Our Lady of Good Health Church,place_of_worship,Religion,17.4655306,78.3626779,3602309549,25.958,Normal
HYD032274,6935406168,POCHAMA TEMPLE,place_of_worship,Religion,17.4794135,78.4814359,3598272727,22.163,Normal
HYD032275,3530230561,POCHAMMA TEMPLE,place_of_worship,Religion,17.3459443,78.5273374,2244374064,24.197,Normal
HYD032276,355713167,POCHAMMA TEMPLE,place_of_worship,Religion,17.559303879999998,78.36446952000001,14124327382,22.281,Normal
HYD032277,357970106,Padmavathi Godha Sametha Venkateswara Swamy temple,place_of_worship,Religion,17.349757,78.52782366,3612547880,24.787,Normal
HYD032278,267200642,Pahadi Shareef Dargah,place_of_worship,Religion,17.26762902083333,78.47175403333333,7666504109,32.647,Normal
HYD032279,8386785218,Panchamukha Hanuman Temple,place_of_worship,Religion,17.4442534,78.5656153,11875775881,18.195,Normal
HYD032280,13607554685,Panchmukha Anjaneya Temple,place_of_worship,Religion,17.5020947,78.2922769,3109316426,40.001,Normal
HYD032281,7113765585,Parvath nagar Masjid,place_of_worship,Religion,17.4559548,78.3992836,2249841724,11.27,Normal
HYD032282,464029847,Patel Nagar Hanuman Temple,place_of_worship,Religion,17.38626378,78.52517096,2234830664,12.999,Normal
HYD032283,3390943089,Peddamma Temple,place_of_worship,Religion,17.4907858,78.4086631,3602318935,15.393,Normal
HYD032284,11278911369,Peddamma Temple,place_of_worship,Religion,17.4306035,78.4049058,3602300851,31.463,Normal
HYD032285,857256365,Peddamma Temple,place_of_worship,Religion,17.487195959999998,78.34163488,9649193055,43.857,Normal
HYD032286,11082688363,Peli Dargha,place_of_worship,Religion,17.4524586,78.4087031,11082688367,16.652,Normal
HYD032287,6822126553,Peniel Church,place_of_worship,Religion,17.533254,78.481648,7677233571,12.988,Normal
HYD032288,7025820917,Penthekosthu Prabhu Pradhana Mandiram,place_of_worship,Religion,17.4422069,78.3882198,289517370,25.092,Normal
HYD032289,1447127332,Place to break coconuts,place_of_worship,Religion,17.464965380000002,78.37260785999999,11038478034,50.922,Normal
HYD032290,4796539021,Pochamma,place_of_worship,Religion,17.359833,78.5071505,12508682830,3.161,Normal
HYD032291,7021303743,Pochamma Mandir,place_of_worship,Religion,17.440941,78.3956311,3602302949,12.859,Normal
HYD032292,3534998951,Pochamma Temple,place_of_worship,Religion,17.5425844,78.2121841,2886942506,12.223,Normal
HYD032293,6575821830,Pochamma Temple,place_of_worship,Religion,17.4178472,78.5660045,6570831610,10.796,Normal
HYD032294,6847914785,Pochamma Temple,place_of_worship,Religion,17.4336957,78.4458254,2403829327,23.684,Normal
HYD032295,6868834523,Pochamma Temple,place_of_worship,Religion,17.5057783,78.3184313,3685009532,14.497,Normal
HYD032296,8909248539,Pochamma Temple,place_of_worship,Religion,17.4476373,78.4321387,1750016977,14.097,Normal
HYD032297,356173016,Pochamma Temple,place_of_worship,Religion,17.45780742,78.53616302,3871760047,15.802,Normal
HYD032298,356570497,Pochamma Temple,place_of_worship,Religion,17.45460908,78.42601398,6518078815,12.144,Normal
HYD032299,357461295,Pochamma Temple,place_of_worship,Religion,17.398805739999997,78.57533916,3989494985,18.621,Normal
HYD032300,781182916,Pochamma Temple,place_of_worship,Religion,17.352625933333332,78.39047416666666,2744203447,14.571,Normal
HYD032301,1096233370,Pochamma Temple,place_of_worship,Religion,17.4816868,78.57663398,6393193260,26.107,Normal
HYD032302,1412645921,Pochamma Temple,place_of_worship,Religion,17.498120339999996,78.36201181999999,2231949699,21.537,Normal
HYD032303,7244233171,Pochamma temple,place_of_worship,Religion,17.5373121,78.2625739,7244233169,9.412,Normal
HYD032304,332097939,Pochamma temple,place_of_worship,Religion,17.4052102,78.39487112,7709457063,44.774,Normal
HYD032305,385369467,Pochamma temple,place_of_worship,Religion,17.4895326,78.31947171428571,3887222608,13.799,Normal
HYD032306,733439003,Pochamma temple,place_of_worship,Religion,17.505775840000002,78.31843124,3685009532,14.229,Normal
HYD032307,5803895954,Pochammathalli devaalayam,place_of_worship,Religion,17.5634985,78.4512275,4180194909,16.771,Normal
HYD032308,1202357130,Prayer Power Church,place_of_worship,Religion,17.35558828,78.63708424,4289866555,8.665,Normal
HYD032309,4432377892,Puri jagannath temple,place_of_worship,Religion,17.4150026,78.4259266,3579915371,42.239,Normal
HYD032310,7860520387,Qutub Masjid Mosque,place_of_worship,Religion,17.4984077,78.3567642,7672517620,10.93,Normal
HYD032311,238169526,Qutub Shahi Jamia Masjid,place_of_worship,Religion,17.41822698,78.49789054,2460236791,25.291,Normal
HYD032312,357402064,RAMALAYAM TEMPLE,place_of_worship,Religion,17.503076479999997,78.39602405999999,11549021214,29.199,Normal
HYD032313,814548900,Radha Krishna Temple,place_of_worship,Religion,17.4401993,78.4632924,3598259623,15.787,Normal
HYD032314,238178322,Rahimia Masjid,place_of_worship,Religion,17.41965136,78.4994778,2460272728,9.046,Normal
HYD032315,2534605301,Rajendra Nagar Masjid,place_of_worship,Religion,17.3206816,78.4015055,3658457882,21.68,Normal
HYD032316,13070393833,Rama Temple,place_of_worship,Religion,17.3339475,78.6981335,4201856836,31.831,Normal
HYD032317,570705858,Ramakrishna Math,place_of_worship,Religion,17.41082824,78.48125310666666,5486669782,32.992,Normal
HYD032318,6575734428,Ramalayam,place_of_worship,Religion,17.5314752,78.3152008,2766337652,22.666,Normal
HYD032319,6950562602,Ramalayam,place_of_worship,Religion,17.5056349,78.3527601,3602327723,28.403,Normal
HYD032320,7244001226,Ramalayam,place_of_worship,Religion,17.4951124,78.4591405,3598278675,15.96,Normal
HYD032321,7244196871,Ramalayam,place_of_worship,Religion,17.3976771,78.5024057,315062696,17.511,Normal
HYD032322,9887289833,Ramalayam,place_of_worship,Religion,17.5190004,78.3791907,11484416505,24.099,Normal
HYD032323,265418328,Ramalayam,place_of_worship,Religion,17.41647836,78.48897939999999,308943017,43.756,Normal
HYD032324,340919809,Ramalayam,place_of_worship,Religion,17.48455896,78.30179025999999,2222050655,18.738,Normal
HYD032325,356178819,Ramalayam,place_of_worship,Religion,17.488148,78.55392072,2231531431,19.209,Normal
HYD032326,514817465,Ramalayam,place_of_worship,Religion,17.3399522,78.3807220625,2744203008,16.139,Normal
HYD032327,7021303749,Ramalayam Gudi,place_of_worship,Religion,17.4429257,78.3862103,7012080630,17.778,Normal
HYD032328,2446626914,Ramalayam Temple,place_of_worship,Religion,17.3657043,78.530572,2245835873,22.431,Normal
HYD032329,13697879330,Ramalayam Temple,place_of_worship,Religion,17.3638033,78.5375915,2915456545,35.389,Normal
HYD032330,356157633,Ramalayam Temple,place_of_worship,Religion,17.48727076,78.53679834,1001548847,22.372,Normal
HYD032331,2418713974,Ramalayam(Sri Rama Mandiram),place_of_worship,Religion,17.323929,78.4798662,306631546,29.465,Normal
HYD032332,159293205,Ramaliam,place_of_worship,Religion,17.37173644,78.57006238,2586427848,25.975,Normal
HYD032333,539243195,Ramalingeswara Swami Temple,place_of_worship,Religion,17.44119842,78.46936426,11032071400,19.1,Normal
HYD032334,2212440901,Ranganadhaswamy Temple,place_of_worship,Religion,17.4230971,78.3432318,12756622942,61.896,Normal
HYD032335,4541673559,Ranganayakula Gutta,place_of_worship,Religion,17.3134481,78.6154752,2802932104,31.303,Normal
HYD032336,4769980523,Rehoboth Church Of God,place_of_worship,Religion,17.4644315,78.4564081,3598268207,10.988,Normal
HYD032337,343654425,Rehoboth House of Prayer,place_of_worship,Religion,17.48312236,78.39499968,1987984277,22.614,Normal
HYD032338,7021303750,Renuka Ellamma Thalli Gudi,place_of_worship,Religion,17.4460656,78.3884476,3602304947,11.638,Normal
HYD032339,1484468817,Renuka Matha,place_of_worship,Religion,17.5334828,78.36007135,13611019579,27.774,Normal
HYD032340,13611027699,Renuka Matha  Temple,place_of_worship,Religion,17.5334737,78.3601134,13611019579,23.202,Normal
HYD032341,7642365580,Renuka yelamma Temple,place_of_worship,Religion,17.4425346,78.4981452,4317346530,35.352,Normal
HYD032342,515013285,Rock Church,place_of_worship,Religion,17.3397085,78.38430352,7672996847,61.325,Normal
HYD032343,608839458,SAI BABA TEMPLE,place_of_worship,Religion,17.40935994,78.59357104,7701316988,31.72,Normal
HYD032344,10262083170,SHIVA TEMPLE,place_of_worship,Religion,17.4532038,78.5232415,11350385617,19.4,Normal
HYD032345,9885114653,SImhavahini Mahankali Temple,place_of_worship,Religion,17.3483947,78.473967,306631589,14.424,Normal
HYD032346,10279748925,SRI BHULAXMAMMA TEMPLE,place_of_worship,Religion,17.3023353,78.4390508,7693551761,20.058,Normal
HYD032347,8166399539,SST,place_of_worship,Religion,17.3586316,78.46163,2852506308,19.538,Normal
HYD032348,626897172,Saath Gudi,place_of_worship,Religion,17.3674697,78.489472,3612554388,40.284,Normal
HYD032349,7246751299,Sai  Baba Temple,place_of_worship,Religion,17.4737191,78.5709784,9635015416,6.482,Normal
HYD032350,1435322439,Sai Baba Kalyana Mandapam,place_of_worship,Religion,17.4505665,78.5313687,2231827514,33.616,Normal
HYD032351,7021303752,Sai Baba Mandir,place_of_worship,Religion,17.4383079,78.3944983,324210105,38.898,Normal
HYD032352,928699959,Sai Baba Temple,place_of_worship,Religion,17.482543,78.5021957,7713206959,17.028,Normal
HYD032353,1435322431,Sai Baba Temple,place_of_worship,Religion,17.4504514,78.53124,2231827514,22.186,Normal
HYD032354,2429327526,Sai Baba Temple,place_of_worship,Religion,17.367823,78.527249,307047887,20.365,Normal
HYD032355,2430216386,Sai Baba Temple,place_of_worship,Religion,17.3653989,78.552827,1596679806,10.347,Normal
HYD032356,3388952647,Sai Baba Temple,place_of_worship,Religion,17.4723045,78.5610792,2225436841,28.591,Normal
HYD032357,4917139069,Sai Baba Temple,place_of_worship,Religion,17.3751736,78.4620954,1320922492,7.304,Normal
HYD032358,6208269985,Sai Baba Temple,place_of_worship,Religion,17.3805506,78.4896808,11521367872,21.482,Normal
HYD032359,6255635885,Sai Baba Temple,place_of_worship,Religion,17.4245343,78.4500443,354643924,21.942,Normal
HYD032360,7180373302,Sai Baba Temple,place_of_worship,Religion,17.512359,78.3033085,2764031409,18.034,Normal
HYD032361,8386117455,Sai Baba Temple,place_of_worship,Religion,17.4900575,78.3327655,3602318266,13.457,Normal
HYD032362,13070393820,Sai Baba Temple,place_of_worship,Religion,17.3104124,78.6758241,7691546319,23.922,Normal
HYD032363,13479577601,Sai Baba Temple,place_of_worship,Religion,17.4148508,78.6447902,2800364482,9.042,Normal
HYD032364,13759079188,Sai Baba Temple,place_of_worship,Religion,17.5222191,78.359652,3547285101,20.858,Normal
HYD032365,253467399,Sai Baba Temple,place_of_worship,Religion,17.4007316875,78.580316375,11052326832,23.468,Normal
HYD032366,339699530,Sai Baba Temple,place_of_worship,Religion,17.45340736,78.39255537999999,3602307431,24.158,Normal
HYD032367,356171537,Sai Baba Temple,place_of_worship,Religion,17.48753104,78.3267159,2228839172,29.432,Normal
HYD032368,356198385,Sai Baba Temple,place_of_worship,Religion,17.511004355555556,78.40563806666665,2783285908,19.053,Normal
HYD032369,356236357,Sai Baba Temple,place_of_worship,Religion,17.487196185714286,78.45043701428571,3151970832,39.443,Normal
HYD032370,356464486,Sai Baba Temple,place_of_worship,Religion,17.4986988,78.59390688,2795744052,25.793,Normal
HYD032371,359694943,Sai Baba Temple,place_of_worship,Religion,17.490153279999998,78.35194539999999,3446122845,24.899,Normal
HYD032372,514817466,Sai Baba Temple,place_of_worship,Religion,17.338094900000005,78.38397754,5273079671,7.935,Normal
HYD032373,3530689585,"Sai Baba Temple, Bhoodevi Nagar",place_of_worship,Religion,17.4893445,78.5043415,2221878313,26.83,Normal
HYD032374,358041796,"Sai Baba Temple, Defence Colony",place_of_worship,Religion,17.49025709,78.54137727999999,752186847,24.42,Normal
HYD032375,281802024,"Sai Baba Temple, Gudimalkapur",place_of_worship,Religion,17.386312649999997,78.43967019999998,1321359616,29.946,Normal
HYD032376,2835226196,Sai Baba temple,place_of_worship,Religion,17.4508945,78.4206236,1748004986,18.739,Normal
HYD032377,7244022649,Sai baba,place_of_worship,Religion,17.5020054,78.4165548,2783285351,6.209,Normal
HYD032378,5596234703,Sai baba Temple,place_of_worship,Religion,17.4285756,78.5549112,2236749938,15.994,Normal
HYD032379,4416393289,Sai baba temple,place_of_worship,Religion,17.4023369,78.4872857,315057056,9.447,Normal
HYD032380,7113938487,Sai baba temple,place_of_worship,Religion,17.4176455,78.5667054,3598303543,50.681,Normal
HYD032381,9924581893,Sai baba temple,place_of_worship,Religion,17.4385687,78.5420691,13417795066,12.165,Normal
HYD032382,9961146203,Sai baba temple,place_of_worship,Religion,17.4969714,78.3257937,2228839649,19.018,Normal
HYD032383,776426195,Sai baba temple,place_of_worship,Religion,17.5320406,78.26089273333334,11539847516,13.583,Normal
HYD032384,891286184,"Sai baba temple, Boduppal",place_of_worship,Religion,17.419073080000004,78.58174672,11101375423,14.666,Normal
HYD032385,1242130290,Saibaba Temple,place_of_worship,Religion,17.4415991,78.4318023,6389827288,22.536,Normal
HYD032386,4979201588,Saibaba Temple,place_of_worship,Religion,17.3547114,78.563336,3995161897,5.763,Normal
HYD032387,7608585730,Saibaba Temple,place_of_worship,Religion,17.4386502,78.4972509,3598259223,22.764,Normal
HYD032388,8386239909,Saibaba Temple,place_of_worship,Religion,17.4954254,78.4659285,4271104841,43.279,Normal
HYD032389,10208602869,Saibaba Temple,place_of_worship,Religion,17.522892,78.3712459,10208577361,17.579,Normal
HYD032390,1256874400,Saibaba Temple,place_of_worship,Religion,17.521567883333333,78.44260431666666,2852844646,40.129,Normal
HYD032391,356516954,Saint George’s Church,place_of_worship,Religion,17.39329044,78.47709074000001,4182621291,28.102,Normal
HYD032392,356187966,Saint Thomas Church,place_of_worship,Religion,17.490282642857146,78.32753208571428,4193325804,44.35,Normal
HYD032393,8909248531,Salem Fellowship Church,place_of_worship,Religion,17.4460852,78.4324838,352754294,47.029,Normal
HYD032394,6079097834,Sanath Nagar Temples,place_of_worship,Religion,17.4534156,78.4397892,4568378849,32.106,Normal
HYD032395,238174415,Sangameshwara Temple,place_of_worship,Religion,17.41637612,78.49256052000001,7712842379,19.271,Normal
HYD032396,215195250,Sanghi Temple,place_of_worship,Religion,17.266839764285717,78.67585630714287,2246050681,41.373,Normal
HYD032397,457057850,Sant Nirankari Satsang Bhawan,place_of_worship,Religion,17.406406166666667,78.46116075555555,2177311074,46.887,Normal
HYD032398,7794501356,Santhoshi Mata Temple,place_of_worship,Religion,17.4687517,78.5452145,11876063154,10.108,Normal
HYD032399,7180271909,Santhoshi mata temple,place_of_worship,Religion,17.315302,78.2402166,11357691887,69.657,Normal
HYD032400,870705218,Santhoshi matha temple,place_of_worship,Religion,17.451188757142855,78.44470857142858,2822568837,5.345,Normal
HYD032401,4917167170,Santoshi Maa Temple,place_of_worship,Religion,17.3733817,78.4621852,2852277922,26.38,Normal
HYD032402,10584051579,Saraswathi temple,place_of_worship,Religion,17.3701321,78.5465813,1596680022,44.642,Normal
HYD032403,2429873762,Satya Narayana Swamy Temple,place_of_worship,Religion,17.3666561,78.5256394,307047894,17.275,Normal
HYD032404,13994346889,Satyanarayana Swamy Temple,place_of_worship,Religion,17.3948023,78.5377241,1317041184,14.941,Normal
HYD032405,579464512,Satyanarayana swamy temple,place_of_worship,Religion,17.39475701,78.53799159999998,1317041196,27.263,Normal
HYD032406,356419831,Saviour's Lutheran Church,place_of_worship,Religion,17.3950153,78.37705378000001,3127112999,19.403,Normal
HYD032407,339752519,Seetharamanjaneya Temple,place_of_worship,Religion,17.50682388,78.30732452,2763929207,36.941,Normal
HYD032408,1242158840,Seven temples,place_of_worship,Religion,17.4627059,78.475642,1242139269,21.694,Normal
HYD032409,318598224,Shahi Masjid,place_of_worship,Religion,17.40054876,78.46904866,5985197262,39.225,Normal
HYD032410,635577218,Shanker Mutt,place_of_worship,Religion,17.4007635,78.50734,3612569385,16.252,Normal
HYD032411,116942274,Shia Imami Ismaili Jamat Khana,place_of_worship,Religion,17.390291575,78.4739517,4193010778,25.743,Normal
HYD032412,274794922,Shia Imami Ismaili Khoja Jamatkhana,place_of_worship,Religion,17.44100538,78.48325022,2794821641,37.704,Normal
HYD032413,6407355350,Shia Imami Ismaili Muslim Prayer Hall,place_of_worship,Religion,17.3902268,78.473901,4193010778,31.675,Normal
HYD032414,7021303753,Shine of Shekinah church,place_of_worship,Religion,17.4357332,78.4004935,7035151524,41.212,Normal
HYD032415,5448558711,Shirdi Sai Baba,place_of_worship,Religion,17.3462586,78.5143063,2244374132,24.889,Normal
HYD032416,8911008866,Shirdi Sai Baba Temple,place_of_worship,Religion,17.4532558,78.5406749,1395835095,12.346,Normal
HYD032417,7860508783,Shiridi Sai Baba Temple,place_of_worship,Religion,17.4980818,78.3575586,2231949670,16.259,Normal
HYD032418,1310455567,Shiv mandir,place_of_worship,Religion,17.42759746,78.32229068,12887869985,12.151,Normal
HYD032419,4575240096,Shiva Temple,place_of_worship,Religion,17.3500661,78.5590085,3598386560,9.933,Normal
HYD032420,4923787033,Shiva Temple,place_of_worship,Religion,17.4026435,78.596655,7701029725,34.733,Normal
HYD032421,6263529087,Shiva Temple,place_of_worship,Religion,17.409867,78.5590082,2236748497,17.109,Normal
HYD032422,6771713691,Shiva Temple,place_of_worship,Religion,17.4661498,78.3433312,3602309722,11.297,Normal
HYD032423,7860520385,Shiva Temple,place_of_worship,Religion,17.498256,78.357581,1344092380,21.526,Normal
HYD032424,8386136647,Shiva Temple,place_of_worship,Religion,17.4356699,78.4599322,3598258221,51.428,Normal
HYD032425,11633881464,Shiva Temple,place_of_worship,Religion,17.4930066,78.4471322,3598277775,19.553,Normal
HYD032426,13070393814,Shiva Temple,place_of_worship,Religion,17.3150447,78.6869685,4289921661,19.701,Normal
HYD032427,355895207,Shiva Temple,place_of_worship,Religion,17.490354380000003,78.35195148,2231795204,39.227,Normal
HYD032428,8891813192,Shiva temple,place_of_worship,Religion,17.4351742,78.4478635,3430396550,8.325,Normal
HYD032429,2346908501,Shivalayam,place_of_worship,Religion,17.3587973,78.2989126,4754154679,54.821,Normal
HYD032430,4791200980,Shivalayam,place_of_worship,Religion,17.3796678,78.5748885,1595306228,21.936,Normal
HYD032431,7114070085,Shivalayam,place_of_worship,Religion,17.4936354,78.3995796,2786995861,18.673,Normal
HYD032432,7160835586,Shivalayam,place_of_worship,Religion,17.51694,78.439825,2852325795,18.106,Normal
HYD032433,7246440943,Shivalayam,place_of_worship,Religion,17.3481985,78.54876,13366775410,18.302,Normal
HYD032434,8386405813,Shivalayam,place_of_worship,Religion,17.4963918,78.4661792,6829266635,11.493,Normal
HYD032435,8386826948,Shivalayam,place_of_worship,Religion,17.4945096,78.4549281,3598278375,4.718,Normal
HYD032436,9821778007,Shivalayam,place_of_worship,Religion,17.3440299,78.533123,12855149501,6.566,Normal
HYD032437,11361142764,Shivalayam,place_of_worship,Religion,17.4938723,78.3842719,4208492263,11.594,Normal
HYD032438,12793794406,Shivalayam,place_of_worship,Religion,17.506446,78.3041949,11892824812,22.848,Normal
HYD032439,12841353102,Shivalayam,place_of_worship,Religion,17.3940645,78.5395427,13343909931,14.611,Normal
HYD032440,13436972455,Shivalayam,place_of_worship,Religion,17.5104401,78.4202544,9626266912,22.544,Normal
HYD032441,14168692030,Shivalayam,place_of_worship,Religion,17.365385,78.5222091,2243962911,24.321,Normal
HYD032442,355621136,Shivalayam,place_of_worship,Religion,17.533896757142855,78.31627018571429,2766337682,19.012,Normal
HYD032443,356419228,Shivalayam,place_of_worship,Religion,17.39622986,78.37548192,3579911672,21.61,Normal
HYD032444,699818041,Shivalayam,place_of_worship,Religion,17.420781679999997,78.56721866000001,3674394201,16.623,Normal
HYD032445,740695876,Shivalayam,place_of_worship,Religion,17.4009511,78.55810452,11046226326,23.04,Normal
HYD032446,828015425,Shivalayam,place_of_worship,Religion,17.4955067,78.5928853,7729970659,8.742,Normal
HYD032447,1096233369,Shivalayam,place_of_worship,Religion,17.48266806,78.57591718,2795820544,11.015,Normal
HYD032448,1492049400,Shivalayam,place_of_worship,Religion,17.50557028,78.42628880000001,13992894035,13.77,Normal
HYD032449,355713755,Shivalayam Mallampet,place_of_worship,Religion,17.55731868,78.36276596,11037234967,21.237,Normal
HYD032450,6369301128,Shivalayam Temple,place_of_worship,Religion,17.5099466,78.4047926,2783285861,18.745,Normal
HYD032451,8386142761,Shivalayam Temple,place_of_worship,Religion,17.4881804,78.3307178,2231795066,43.105,Normal
HYD032452,12854654623,Shivalayam Temple,place_of_worship,Religion,17.5063631,78.4276781,2852571653,17.858,Normal
HYD032453,356449083,Shivalayam Temple,place_of_worship,Religion,17.48881316,78.49834614,3598276595,9.671,Normal
HYD032454,680243817,Shivalayam Temple,place_of_worship,Religion,17.509961614285714,78.40478841428572,2783285861,19.402,Normal
HYD032455,899386538,Shivalayam Temple,place_of_worship,Religion,17.5376647,78.4351797,3614500515,14.706,Normal
HYD032456,902954026,Shivalayam Temple,place_of_worship,Religion,17.368228650000002,78.52793123000001,2243963516,44.57,Normal
HYD032457,8113802710,Shivalaym,place_of_worship,Religion,17.454299,78.4914448,3598265023,22.084,Normal
HYD032458,2431930176,Shivam Temple,place_of_worship,Religion,17.4026644,78.5140372,11039347731,34.217,Normal
HYD032459,2447311750,Shree Shyam Baba Mandir,place_of_worship,Religion,17.3895656,78.4973631,3184132015,13.854,Normal
HYD032460,10020141218,Shri Dasanjaneya Hanuman Temple,place_of_worship,Religion,17.3739781,78.4503728,2857519759,8.609,Normal
HYD032461,1306281991,Shri Krishna Temple,place_of_worship,Religion,17.4989447,78.5250002,7699345274,18.216,Normal
HYD032462,691187504,Shri Mahalakshmi Temple,place_of_worship,Religion,17.4630556,78.5623456,2796376541,24.674,Normal
HYD032463,7025820785,Shri Ram Hanuman Shiv Mandir,place_of_worship,Religion,17.4445639,78.3930698,7013309412,13.095,Normal
HYD032464,2835660311,Shri Rama Temple,place_of_worship,Religion,17.4500773,78.4276509,352754337,11.063,Normal
HYD032465,11878121269,Shri Saibaba Temple,place_of_worship,Religion,17.3974459,78.5669632,2585228474,15.439,Normal
HYD032466,112652210,Shri Sita Ramanjaneya Temple,place_of_worship,Religion,17.45748928571429,78.36948435714285,1042219308,36.279,Normal
HYD032467,8110957829,Shri renuka yellama temple,place_of_worship,Religion,17.4506147,78.446117,3653705879,10.532,Normal
HYD032468,14022786451,Sion Fellowship Church,place_of_worship,Religion,17.4995526,78.3805441,8556047457,9.716,Normal
HYD032469,359965198,SitaRama Temple,place_of_worship,Religion,17.43210352222222,78.41417112222221,3602301071,40.67,Normal
HYD032470,12528926911,Sitaram Temple,place_of_worship,Religion,17.3622125,78.4300005,4175499015,38.456,Normal
HYD032471,9732100008,Sitarambagh Temple,place_of_worship,Religion,17.3846832,78.4568255,2852310349,39.489,Normal
HYD032472,282201150,Sitarambagh Temple,place_of_worship,Religion,17.3829105962963,78.4584372962963,2852310341,70.712,Normal
HYD032473,883092267,Sitha Ram Temple,place_of_worship,Religion,17.494306116666667,78.39469586666667,1428985382,40.057,Normal
HYD032474,468482166,Siva Temple,place_of_worship,Religion,17.501037439999998,78.58839782,11890734580,18.68,Normal
HYD032475,2607453374,Sivalayam,place_of_worship,Religion,17.4189398,78.4568149,2178003426,16.938,Normal
HYD032476,8891813180,Sivalayam,place_of_worship,Religion,17.4328495,78.4364396,354243004,34.619,Normal
HYD032477,355959264,Sivalayam,place_of_worship,Religion,17.508649166666668,78.38385242222222,1657353223,13.887,Normal
HYD032478,6690779942,Skandagiri Temple,place_of_worship,Religion,17.4228483,78.5095728,2234275795,32.507,Normal
HYD032479,356459002,Skandagiri Temple,place_of_worship,Religion,17.422809585714283,78.50947895714286,2234275795,40.209,Normal
HYD032480,2784822661,Small Temple,place_of_worship,Religion,17.4108917,78.4848772,3612573898,5.448,Normal
HYD032481,817353672,Spanish Mosque,place_of_worship,Religion,17.443726,78.4725554,11847039667,22.264,Normal
HYD032482,883130172,Sree Ganesh Temple,place_of_worship,Religion,17.501631279999998,78.50917724,2988138240,7.736,Normal
HYD032483,6364348147,Sree Rama Sevaka Samajam,place_of_worship,Religion,17.380621,78.482997,2185045491,35.322,Normal
HYD032484,6364348148,Sree Rama Sevaka Samajam,place_of_worship,Religion,17.3811466,78.4812044,4513148315,30.505,Normal
HYD032485,6822126571,Sri Abhaya Anjaneya Swamy Temple,place_of_worship,Religion,17.441018,78.434656,351827542,30.869,Normal
HYD032486,12685247353,Sri Anantha Padhmanabha Swamy Temple,place_of_worship,Religion,17.4097788,78.3629304,3579914525,107.309,Extended
HYD032487,657664764,Sri Ashtasakhi Radha Krishna Devasthanam,place_of_worship,Religion,17.48815334,78.5009448,2221878104,13.619,Normal
HYD032488,1456906629,Sri Bala Anjaneya Swamy Temple,place_of_worship,Religion,17.47189278,78.53654406000001,11572309008,14.226,Normal
HYD032489,282035298,Sri Bhaktanjaneya Swamy Temple,place_of_worship,Religion,17.409368640000004,78.43708570000001,1314805503,24.393,Normal
HYD032490,12796940152,Sri Bramarambha Mallikarjuna Swamy Temple,place_of_worship,Religion,17.5196042,78.3058564,4195150861,25.329,Normal
HYD032491,2784822670,Sri Ellamma Devalayam,place_of_worship,Religion,17.4101597,78.4861593,12049270431,7.165,Normal
HYD032492,11294604369,Sri Enugula Maisamma Temple,place_of_worship,Religion,17.3650213,78.4137103,3579905191,22.716,Normal
HYD032493,7311748170,Sri Gnanagiri Lakshmi Narasimha Swamy Temple,place_of_worship,Religion,17.3967832,78.6877932,4183101142,8.123,Normal
HYD032494,13737616361,Sri Hanuman Devalayam,place_of_worship,Religion,17.5059472,78.6888305,13737616366,3.217,Normal
HYD032495,13607511706,Sri Hanuman Temple,place_of_worship,Religion,17.5187243,78.3053678,4189247791,27.349,Normal
HYD032496,461576467,Sri Hanuman Temple,place_of_worship,Religion,17.452955,78.5342649125,7710171926,26.208,Normal
HYD032497,1124064031,Sri Hanuman and Shiva Temple,place_of_worship,Religion,17.375503039999998,78.44180675999999,2859815958,12.783,Normal
HYD032498,500257374,Sri Jagadamba Mahakali Temple,place_of_worship,Religion,17.383412166666666,78.39954666666667,12033424474,270.133,Extended
HYD032499,357691681,Sri Jamsingh Balaji Venkateshwara Swami Temple,place_of_worship,Religion,17.384848859999998,78.4327518,9676435504,32.754,Normal
HYD032500,645161472,Sri Kalyana Venkateswara swamy Temple,place_of_worship,Religion,17.425817485714283,78.45414500000001,10279266044,11.741,Normal
HYD032501,6936820046,Sri Kamakshi Kalyana Mandapam,place_of_worship,Religion,17.4936076,78.3996159,2786995861,23.583,Normal
HYD032502,8909248522,Sri Kanaka Dhurgamma Gudi,place_of_worship,Religion,17.4432567,78.4323239,352759370,18.971,Normal
HYD032503,4971661581,Sri Kanakadurga Devi Temple,place_of_worship,Religion,17.3737951,78.5303308,4969638539,12.752,Normal
HYD032504,8233121622,Sri Kanakadurga Temple,place_of_worship,Religion,17.4083273,78.5589971,2236748435,11.553,Normal
HYD032505,253467398,Sri Katta Maisamma Temple,place_of_worship,Religion,17.4012474,78.57944011666667,2586710494,14.543,Normal
HYD032506,6212822489,Sri Katta Maissamma Kankadurga Temple,place_of_worship,Religion,17.4416054,78.4576934,7695153150,7.325,Normal
HYD032507,845715439,Sri Kodanda Rama Swamy temple,place_of_worship,Religion,17.516128466666665,78.3934479888889,11158560589,21.244,Normal
HYD032508,6219010786,Sri Krishna Temple,place_of_worship,Religion,17.3989192,78.4629569,308532096,25.197,Normal
HYD032509,13673598444,Sri Krishna Temple,place_of_worship,Religion,17.3706939,78.4674244,4193180493,12.283,Normal
HYD032510,694270499,Sri Krishna Temple,place_of_worship,Religion,17.41650798,78.58872840000001,3598303380,24.061,Normal
HYD032511,891668365,Sri Lakshmi Ganapathi Devastanam,place_of_worship,Religion,17.49945546,78.32372708,11038468980,14.858,Normal
HYD032512,6847914781,Sri Lakshmi Narasimhaswamy Temple,place_of_worship,Religion,17.470068,78.424694,3602310488,26.31,Normal
HYD032513,750394290,Sri LaxmiNarasimha Swamy Temple,place_of_worship,Religion,17.424034000000002,78.3894376,12323256642,51.893,Normal
HYD032514,13417747701,Sri Maha Ganapathi Devalayam,place_of_worship,Religion,17.4059362,78.5053833,11033892492,20.657,Normal
HYD032515,10280090362,Sri Mahankali Temple,place_of_worship,Religion,17.3035865,78.4391606,2730570099,12.265,Normal
HYD032516,252414623,Sri Mahankali Temple,place_of_worship,Religion,17.374446544444442,78.55950547777778,2591769475,21.072,Normal
HYD032517,13737889187,Sri Mallikarjuna Swamy Temple,place_of_worship,Religion,17.5147747,78.661685,7566333180,22.276,Normal
HYD032518,1500262021,Sri Mallikarjuna Swamy Temple,place_of_worship,Religion,17.51477264,78.66166315999999,7566333180,24.356,Normal
HYD032519,339727339,Sri Neelakanteswara swami and Hanuman Temple,place_of_worship,Religion,17.488631216666665,78.3985539,1987987388,37.977,Normal
HYD032520,163681695,Sri Padmavathi Venkateshwara Temple,place_of_worship,Religion,17.442045880000002,78.35591878,4132219726,22.581,Normal
HYD032521,13872631276,"Sri Pathala Panchamukhi Hanuman Temple, Annanagar",place_of_worship,Religion,17.4515115,78.4838416,7699726615,20.971,Normal
HYD032522,6651630337,Sri PochammaTemple,place_of_worship,Religion,17.4931455,78.329788,4206336850,9.566,Normal
HYD032523,6651630332,Sri Potutuluri Veerabramendra Swami Temple,place_of_worship,Religion,17.4938721,78.3172285,7644923812,14.243,Normal
HYD032524,265035282,Sri Prasanna Anjaneya Swami Temple,place_of_worship,Religion,17.363924599999997,78.5286908,6490222217,8.978,Normal
HYD032525,8386655633,Sri Prasanna Venkateswara Swamy Temple,place_of_worship,Religion,17.4225886,78.510813,2234275785,23.376,Normal
HYD032526,7113510485,Sri Rajeshwari Temple,place_of_worship,Religion,17.4908785,78.3870783,1655559486,19.777,Normal
HYD032527,10806799943,Sri Ram Temple,place_of_worship,Religion,17.5109034,78.5780542,2794488573,16.878,Normal
HYD032528,259507813,Sri Ram Temple,place_of_worship,Religion,17.401895788888893,78.56513538888889,10185594700,23.183,Normal
HYD032529,10279815266,Sri Ramakrishna Seva Samithi,place_of_worship,Religion,17.3034904,78.4405651,3658501025,20.507,Normal
HYD032530,6822126634,Sri Ramalingeshwara Swamy Temple,place_of_worship,Religion,17.506081,78.282745,11828253163,19.467,Normal
HYD032531,1136412794,Sri Ramalingeswara Swamy Devalayam,place_of_worship,Religion,17.485260180000004,78.41270366,7690609276,35.76,Normal
HYD032532,2412769804,Sri Renuka Tellamma Temple,place_of_worship,Religion,17.3764892,78.557678,10216570899,8.537,Normal
HYD032533,5539286336,Sri Sai Baba Temple,place_of_worship,Religion,17.4016259,78.6069337,3598397892,34.675,Normal
HYD032534,8892679274,Sri Sai Baba Temple,place_of_worship,Religion,17.4540818,78.4242426,6354009325,34.139,Normal
HYD032535,885467264,Sri Sai Baba Temple,place_of_worship,Religion,17.50069326,78.50895968,7688085228,12.578,Normal
HYD032536,6898401954,Sri Santhoshi Mata,place_of_worship,Religion,17.3705288,78.5241005,2245836050,23.554,Normal
HYD032537,7860520386,Sri Santoshi Mata Temple,place_of_worship,Religion,17.4983123,78.3575834,1344092380,18.964,Normal
HYD032538,1413240011,Sri Sathya Sai Nigamagamam,place_of_worship,Religion,17.429704425,78.43584166666666,3602300740,13.116,Normal
HYD032539,13415037903,Sri Seetharamachandra Devasthanamu,place_of_worship,Religion,17.407332,78.5094849,2236283142,20.644,Normal
HYD032540,12685205340,Sri Sheetala kali Mata Devalayam,place_of_worship,Religion,17.424108,78.3516544,2246072796,84.975,Normal
HYD032541,355878610,Sri Shirdi Sai Baba Temple,place_of_worship,Religion,17.473292100000002,78.2958271,4133151435,30.167,Normal
HYD032542,5641357560,Sri Shiridi Sai Baba,place_of_worship,Religion,17.3496451,78.5133745,7680080589,17.598,Normal
HYD032543,13737471641,Sri Sita Rama Chandra Swami Temple,place_of_worship,Religion,17.2572261,78.3450774,2249639336,24.223,Normal
HYD032544,1500237699,Sri Sita Rama Chandra Swami Temple,place_of_worship,Religion,17.2572489,78.34505226,2249639336,21.697,Normal
HYD032545,8107957417,Sri Sita Ramanjaneyula Temple,place_of_worship,Religion,17.4305498,78.551508,10227860481,9.599,Normal
HYD032546,6651585140,Sri Sri Lalitha Pochamma Thalli,place_of_worship,Religion,17.4975876,78.3210738,7643277888,9.217,Normal
HYD032547,356221172,Sri Sri Mahankali Temple,place_of_worship,Religion,17.495092059999998,78.3297008,3164090679,11.518,Normal
HYD032548,7021303748,Sri Sri Nagapochamma Devalayam,place_of_worship,Religion,17.4383419,78.394405,324210105,33.944,Normal
HYD032549,13437146153,Sri Sri Pochamma Temple,place_of_worship,Religion,17.5113194,78.4295242,3644617073,14.285,Normal
HYD032550,356457154,Sri Sri Sri Kanakadurga Temple,place_of_worship,Religion,17.41316518,78.55816062,2236890402,21.946,Normal
HYD032551,10280089686,Sri Sri Sri Kedareshwara Temple,place_of_worship,Religion,17.3044538,78.4405797,7693551758,18.271,Normal
HYD032552,2710984727,Sri Ujjaini Mahankali Devasthanam,place_of_worship,Religion,17.4367916,78.4910386,2855065430,14.928,Normal
HYD032553,362513088,Sri Vasavi Kankaya Parameshwari temple,place_of_worship,Religion,17.455526499999998,78.41244786,3670022336,16.206,Normal
HYD032554,357359640,Sri Veera Brahmendra Swamy Devalayam,place_of_worship,Religion,17.33111842,78.56949366,14102657970,23.533,Normal
HYD032555,12796940153,Sri Venkateshwara Swamy Temple,place_of_worship,Religion,17.5184788,78.306753,11050485840,44.695,Normal
HYD032556,881189203,Sri Venkateshwara Swamy Temple,place_of_worship,Religion,17.410174683333334,78.57311063333334,2649379971,17.203,Normal
HYD032557,6950562603,Sri Venkateswara Swamy Temple,place_of_worship,Religion,17.5060326,78.3529205,3602327723,44.992,Normal
HYD032558,13611229187,Sri Venkateswara Swamy Temple,place_of_worship,Religion,17.4949387,78.3875852,1655560636,20.66,Normal
HYD032559,1484488458,Sri Venkateswara Swamy Temple,place_of_worship,Religion,17.49502974,78.38756466,7695620441,26.281,Normal
HYD032560,2531954648,Sri Venkateswara Temple,place_of_worship,Religion,17.318644,78.4018304,2534605555,39.242,Normal
HYD032561,13607511705,Sri Venkateswara swamy temple,place_of_worship,Religion,17.5185512,78.3051757,10003425969,30.893,Normal
HYD032562,6761348185,Sri Venkateswara temple,place_of_worship,Religion,17.4939457,78.3240951,2228839467,15.809,Normal
HYD032563,10277936650,Sri VenkateswaraSwamy Devastanamu,place_of_worship,Religion,17.3055695,78.4373375,7693551714,21.308,Normal
HYD032564,6822126554,Sri Vijaya Ganapathi Temple,place_of_worship,Religion,17.4453737,78.4616655,10961081884,10.445,Normal
HYD032565,357736296,Sri Vinayaka temple,place_of_worship,Religion,17.46437548,78.54073532,2232017371,20.997,Normal
HYD032566,704493175,Sri Vishnu Panchayatana Multiplex Temple Complex,place_of_worship,Religion,17.507347860000003,78.33666988,1705548793,36.339,Normal
HYD032567,7246751297,Sri nagalineswaraswamy temple,place_of_worship,Religion,17.4910524,78.6017738,6390373730,41.54,Normal
HYD032568,7244266699,Sri rama Temple,place_of_worship,Religion,17.5027263,78.4199891,3602325812,20.171,Normal
HYD032569,358055356,Sri sathyanarayana temple,place_of_worship,Religion,17.39480944,78.53775184999999,1317041184,14.242,Normal
HYD032570,7008096300,Sri venkateshwara swami devalayam,place_of_worship,Religion,17.4076509,78.3942177,3579913592,21.244,Normal
HYD032571,356453894,St Anthony Church,place_of_worship,Religion,17.4578079,78.49322564,3598266089,18.245,Normal
HYD032572,417286609,St Joseph's Cathedral,place_of_worship,Religion,17.39578716923077,78.47739868461538,2847561503,33.916,Normal
HYD032573,360664849,St. Andrew's Church Secunderbad,place_of_worship,Religion,17.4444351,78.49858658,11033691564,16.111,Normal
HYD032574,3530736919,St. Ann's School Church,place_of_worship,Religion,17.5161987,78.5200002,11033956894,23.45,Normal
HYD032575,813571801,St. Anthony's Shrine,place_of_worship,Religion,17.4349662,78.5199424,12322961853,7.609,Normal
HYD032576,13825591618,Subrahmanya Mandapam,place_of_worship,Religion,17.5572139,78.3630873,11037221520,16.213,Normal
HYD032577,8911008867,Swyambhu Siddhi Vinayaka Temple,place_of_worship,Religion,17.4526768,78.5409916,1395833617,4.353,Normal
HYD032578,1447127331,"Tables for burning incense, offering fruits",place_of_worship,Religion,17.4649148,78.37251362,11038478035,47.343,Normal
HYD032579,13671211175,Tatimaisaimma temple,place_of_worship,Religion,17.3687892,78.4682818,3791315004,50.646,Normal
HYD032580,11082688362,Tauheed Masjid,place_of_worship,Religion,17.4532914,78.4088839,2822548401,15.064,Normal
HYD032581,630995326,Telugu worship service hall,place_of_worship,Religion,17.43089702,78.5049256,2240857815,31.896,Normal
HYD032582,1152757614,Temple,place_of_worship,Religion,17.397373,78.5371416,11563099515,9.625,Normal
HYD032583,1242162789,Temple,place_of_worship,Religion,17.445385,78.4493677,352754443,20.729,Normal
HYD032584,1333758087,Temple,place_of_worship,Religion,17.4748797,78.4987109,13195277114,4.623,Normal
HYD032585,2062731144,Temple,place_of_worship,Religion,17.4304737,78.4280774,354243587,20.399,Normal
HYD032586,2583626151,Temple,place_of_worship,Religion,17.4362124,78.4153298,1313304918,6.266,Normal
HYD032587,4192845079,Temple,place_of_worship,Religion,17.4605274,78.4990096,7700970587,5.692,Normal
HYD032588,4419092196,Temple,place_of_worship,Religion,17.4145359,78.4587742,2178014460,16.313,Normal
HYD032589,5405052533,Temple,place_of_worship,Religion,17.4401622,78.3611624,701228145,24.994,Normal
HYD032590,6263632385,Temple,place_of_worship,Religion,17.4093906,78.5571212,2236890087,16.232,Normal
HYD032591,6773884881,Temple,place_of_worship,Religion,17.4229284,78.5144701,2854615050,9.93,Normal
HYD032592,9528751475,Temple,place_of_worship,Religion,17.3690281,78.525993,7244175534,27.624,Normal
HYD032593,238177497,Temple,place_of_worship,Religion,17.421841739999998,78.49554841999999,2460227935,8.043,Normal
HYD032594,238177499,Temple,place_of_worship,Religion,17.421237599999998,78.49372232,2460227889,7.45,Normal
HYD032595,238177500,Temple,place_of_worship,Religion,17.42141322,78.49405944,2460227897,6.83,Normal
HYD032596,282201151,Temple,place_of_worship,Religion,17.36842778,78.44850854,316971859,16.799,Normal
HYD032597,357110096,Temple,place_of_worship,Religion,17.412272199999997,78.5813076,3598400764,12.59,Normal
HYD032598,1076262689,Temple,place_of_worship,Religion,17.39998478,78.53994424,11840419216,19.892,Normal
HYD032599,1246779956,Temple,place_of_worship,Religion,17.40352992,78.36593312,11590957152,20.761,Normal
HYD032600,1251532786,Temple,place_of_worship,Religion,17.493076359999996,78.44720342,3598277775,9.651,Normal
HYD032601,6976173864,Thallakunta Venkateshwara Temple,place_of_worship,Religion,17.4140411,78.6624535,3598302831,16.767,Normal
HYD032602,3490099032,The Church of Jesus Christ of Latter-day Saints,place_of_worship,Religion,17.4964255,78.3377154,11502922172,29.124,Normal
HYD032603,726715622,Tirumala Tirupati Devastanam Temple,place_of_worship,Religion,17.406221,78.4789192,11810836761,11.091,Normal
HYD032604,416991199,Tree Mosque,place_of_worship,Religion,17.494758819999998,78.32965394,11142823101,10.866,Normal
HYD032605,903322111,Trisakti Brindavanam,place_of_worship,Religion,17.45415042,78.39105088,12354218022,14.592,Normal
HYD032606,265204599,United Church,place_of_worship,Religion,17.49903192,78.30767784000001,4191133738,15.654,Normal
HYD032607,357762823,Uppal Two Minar Muslim Mosque,place_of_worship,Religion,17.40177262222222,78.56616562222223,4185294505,30.723,Normal
HYD032608,357384729,Uppalama Temple,place_of_worship,Religion,17.39775194,78.56598102,2585228472,13.98,Normal
HYD032609,357647872,Uppalamma Temple,place_of_worship,Religion,17.404326700000002,78.56055656,2236889792,9.674,Normal
HYD032610,6822126609,Uppalamma devi temple,place_of_worship,Religion,17.4059258,78.4851104,3062360782,2.991,Normal
HYD032611,13070393819,VaishnaviDevi Temple,place_of_worship,Religion,17.3109962,78.6794504,7656684235,32.717,Normal
HYD032612,707873005,Vaishno Devi Temple,place_of_worship,Religion,17.490993539999998,78.32454928,2228839268,24.746,Normal
HYD032613,8212539422,Vaisho Devi Mandir,place_of_worship,Religion,17.4988711,78.5075166,2232047747,21.606,Normal
HYD032614,883130170,Vaisho Devi Mandir,place_of_worship,Religion,17.49927756,78.50668801999998,2221881176,20.191,Normal
HYD032615,13673372645,Varaha swamy temple,place_of_worship,Religion,17.4384955,78.4971978,3598259223,11.443,Normal
HYD032616,4615639506,Veer Hanuman Temple,place_of_worship,Religion,17.4430496,78.4830973,4615616887,30.921,Normal
HYD032617,4796516523,Veeranjaneya mandiram,place_of_worship,Religion,17.3603804,78.5052908,2244119500,8.832,Normal
HYD032618,4496299255,Veeranna Gutta,place_of_worship,Religion,17.3408327,78.6039917,4496257644,52.478,Normal
HYD032619,670634598,Venkateshewara Temple,place_of_worship,Religion,17.37270666666667,78.41239013333333,3835259407,32.036,Normal
HYD032620,5586527843,Venkateshwara Swamy Templa,place_of_worship,Religion,17.4897559,78.5519651,2222308098,36.797,Normal
HYD032621,2429901778,Venkateshwara Swamy Temple,place_of_worship,Religion,17.3283415,78.5697346,1325291751,45.797,Normal
HYD032622,2431975001,Venkateshwara Swamy Temple,place_of_worship,Religion,17.3697927,78.5569175,11045714749,11.883,Normal
HYD032623,2445861721,Venkateshwara Swamy Temple,place_of_worship,Religion,17.3738968,78.517442,1152804760,27.077,Normal
HYD032624,2447292782,Venkateshwara Swamy Temple,place_of_worship,Religion,17.3912299,78.5136437,1316864555,19.928,Normal
HYD032625,6187870787,Venkateshwara Swamy Temple,place_of_worship,Religion,17.4077802,78.4510287,3204046792,5.603,Normal
HYD032626,6273508272,Venkateshwara Swamy Temple,place_of_worship,Religion,17.2646347,78.4557189,6302877042,21.752,Normal
HYD032627,7025820769,Venkateshwara Swamy Temple,place_of_worship,Religion,17.4441014,78.4018325,7709891187,21.986,Normal
HYD032628,312539731,Venkateshwara Swamy Temple,place_of_worship,Religion,17.4587677,78.53680768000001,11050559726,11.064,Normal
HYD032629,733185416,Venkateshwara Temple,place_of_worship,Religion,17.42250398,78.54924639999999,1538421901,32.067,Normal
HYD032630,1087164097,Venkateshwara swami temple,place_of_worship,Religion,17.50113816,78.67486516,7551184371,15.398,Normal
HYD032631,331785785,Venkateswara Swamy Temple,place_of_worship,Religion,17.47835394,78.57382152,6393193241,18.437,Normal
HYD032632,343808410,Venkateswara Swamy Temple,place_of_worship,Religion,17.488289514285718,78.39519134285715,3602316886,21.375,Normal
HYD032633,1557785143,Venkateswara Swamy Temple,place_of_worship,Religion,17.3651711,78.52216332,2243962802,20.383,Normal
HYD032634,7833051785,Venkateswara Temple,place_of_worship,Religion,17.505651,78.440559,3598283116,61.27,Normal
HYD032635,339865178,Venkateswara Temple,place_of_worship,Religion,17.42916452,78.43559425999999,11037234866,21.562,Normal
HYD032636,1096233371,Venkateswara Temple,place_of_worship,Religion,17.478014820000002,78.57352238000001,6393193272,25.201,Normal
HYD032637,7173863619,Venkateswara swami Temple,place_of_worship,Religion,17.4891864,78.4580153,3598276694,29.894,Normal
HYD032638,10584060809,VenkateswaraSwami Temple,place_of_worship,Religion,17.3710145,78.548056,11061186511,36.733,Normal
HYD032639,13108193490,Venu Gopala Swamy Temple,place_of_worship,Religion,17.3707256,78.3476684,3579906566,21.981,Normal
HYD032640,7611643735,Venu gopala swamy Temple,place_of_worship,Religion,17.5585712,78.2229187,4254168646,14.573,Normal
HYD032641,7002748337,Venu gopala swamy temple,place_of_worship,Religion,17.4554565,78.5706766,7002748339,8.667,Normal
HYD032642,4499052431,Venugopal Swamy Temple,place_of_worship,Religion,17.418712,78.3749528,10757982977,15.5,Normal
HYD032643,6514122440,Venugopala Swamy Temple,place_of_worship,Religion,17.3839123,78.4552936,2852234359,18.64,Normal
HYD032644,634133533,Vidyanagar Mosque,place_of_worship,Religion,17.4058841,78.5114906,308613905,9.838,Normal
HYD032645,1123854180,Vigneshwara Swamy Temple,place_of_worship,Religion,17.460443539999996,78.56338606,2795964932,12.435,Normal
HYD032646,356019229,Vijaya Ganapathi Temple,place_of_worship,Religion,17.49726843846154,78.54233598461539,2222309343,24.222,Normal
HYD032647,10280090361,Vijaya Kanaka Durga Temple,place_of_worship,Religion,17.3011341,78.4369464,3602412804,23.743,Normal
HYD032648,6822126511,Vijaya Mahamanthra Temple,place_of_worship,Religion,17.559927,78.437858,3614507007,14.257,Normal
HYD032649,1334686113,Vinayaka Temple,place_of_worship,Religion,17.4403672,78.4473368,3670021963,17.294,Normal
HYD032650,341129292,Vinayaka Temple,place_of_worship,Religion,17.43305772,78.43193182,354242329,13.177,Normal
HYD032651,644369800,Vinayaka Temple,place_of_worship,Religion,17.4260473,78.45526398,1780121772,18.367,Normal
HYD032652,8386689519,Vinayaka temple,place_of_worship,Religion,17.3526717,78.5100589,2243959632,18.386,Normal
HYD032653,621061261,Wesley Church,place_of_worship,Religion,17.43978242,78.46121472000002,2852468441,9.087,Normal
HYD032654,8386603063,Yellama Temple,place_of_worship,Religion,17.508378,78.3954417,13049825504,19.319,Normal
HYD032655,6853049435,Yellamma Pochamma Temple,place_of_worship,Religion,17.405873,78.4853905,726721927,14.12,Normal
HYD032656,5390598318,Yellamma Temple,place_of_worship,Religion,17.4080797,78.6534053,7675826614,9.753,Normal
HYD032657,6375061579,Yellamma Temple,place_of_worship,Religion,17.5018766,78.4083453,7676492878,16.219,Normal
HYD032658,8386672951,Yellamma Temple,place_of_worship,Religion,17.4221492,78.5085368,11045689760,7.764,Normal
HYD032659,344619886,Yellamma Temple Balkampet;Balkampet Yellamma Temple Jn,place_of_worship,Religion,17.4475911,78.4490768,9189187098,28.017,Normal
HYD032660,12597542416,amenagar place,place_of_worship,Religion,17.3263958,78.4678049,2730650311,35.537,Normal
HYD032661,13436972607,amma vari temple,place_of_worship,Religion,17.4156213,78.4800923,6372012795,27.665,Normal
HYD032662,4415288809,anjaneya swami temple,place_of_worship,Religion,17.4063036,78.4931822,13671127671,19.005,Normal
HYD032663,6935427154,ashtalakshmi temple,place_of_worship,Religion,17.3748976,78.5438687,1896325661,9.494,Normal
HYD032664,2712506981,balaji temple,place_of_worship,Religion,17.4030175,78.4963799,315062470,31.195,Normal
HYD032665,13437221846,balaji temple,place_of_worship,Religion,17.5289773,78.6890332,7536526968,68.092,Normal
HYD032666,8111054115,bangaru maisamma temple,place_of_worship,Religion,17.4181534,78.5714058,4269400032,20.258,Normal
HYD032667,7243991559,bhavani mata temple,place_of_worship,Religion,17.3956261,78.5025291,7881222831,7.395,Normal
HYD032668,341367803,bhoo lakshmi temple,place_of_worship,Religion,17.45087914,78.49808306,3485595683,19.962,Normal
HYD032669,10960944039,bodrayi,place_of_worship,Religion,17.4396498,78.3319737,7646436316,16.486,Normal
HYD032670,4296644090,bramaramba mallikarjuna swami temple,place_of_worship,Religion,17.5650089,78.4558875,3618946811,7.005,Normal
HYD032671,2717118398,chittaramma temple,place_of_worship,Religion,17.5237083,78.4261403,1054044410,29.324,Normal
HYD032672,4305736889,chittaramma temple,place_of_worship,Religion,17.5656099,78.455504,3618946875,40.151,Normal
HYD032673,1492049401,chruch,place_of_worship,Religion,17.500872519999994,78.42842534,3602324999,11.947,Normal
HYD032674,7002748336,church,place_of_worship,Religion,17.4556039,78.5704024,2796373564,12.187,Normal
HYD032675,7174429939,church,place_of_worship,Religion,17.3069062,78.2465464,7180381287,11.149,Normal
HYD032676,9919039745,dargha,place_of_worship,Religion,17.5237069,78.4243263,11465492724,19.485,Normal
HYD032677,7174117897,datatreya swamy temple,place_of_worship,Religion,17.3050585,78.2470275,7174365501,21.914,Normal
HYD032678,356550509,don bosc shrine,place_of_worship,Religion,17.350012666666668,78.37691681111113,3579902797,13.016,Normal
HYD032679,357457302,durgamatha temple,place_of_worship,Religion,17.46153104,78.45852568000001,3679820132,8.757,Normal
HYD032680,6934846409,ellamma gudi,place_of_worship,Religion,17.3285488,78.6048317,12722713266,11.409,Normal
HYD032681,8386770667,gajjalamma temple,place_of_worship,Religion,17.4100498,78.4641532,739159542,37.515,Normal
HYD032682,6308240128,ganesh temple,place_of_worship,Religion,17.4082336,78.4870443,315057191,6.624,Normal
HYD032683,8387560745,ganesh temple,place_of_worship,Religion,17.3578582,78.462761,3612550502,14.174,Normal
HYD032684,356560337,ganesh temple,place_of_worship,Religion,17.36344368,78.39369786,7709205982,15.44,Normal
HYD032685,12596422653,gangejment ground,place_of_worship,Religion,17.3366389,78.4706178,3700529090,26.575,Normal
HYD032686,3201283335,golkonda fort,place_of_worship,Religion,17.3829278,78.4217951,4176021024,49.597,Normal
HYD032687,331357069,gurudwara,place_of_worship,Religion,17.435906600000003,78.44814371999999,3659766343,18.514,Normal
HYD032688,13673477671,hanuman,place_of_worship,Religion,17.5036315,78.425875,2028543908,15.532,Normal
HYD032689,1492049402,hanuman,place_of_worship,Religion,17.500195480000002,78.42923062,4210187721,7.619,Normal
HYD032690,805308723,hanuman mandhir,place_of_worship,Religion,17.49295754,78.44117972,2778849737,18.552,Normal
HYD032691,3390933074,hanuman temple,place_of_worship,Religion,17.4980931,78.4143767,3665228583,25.45,Normal
HYD032692,3390965771,hanuman temple,place_of_worship,Religion,17.5130341,78.4420854,2852309278,13.96,Normal
HYD032693,3534827453,hanuman temple,place_of_worship,Religion,17.5187551,78.4420628,2852572536,12.448,Normal
HYD032694,6372296654,hanuman temple,place_of_worship,Religion,17.3748379,78.5416955,11380826116,12.715,Normal
HYD032695,7847306882,hanuman temple,place_of_worship,Religion,17.4573069,78.5634837,2795964892,25.605,Normal
HYD032696,9729552720,hanuman temple,place_of_worship,Religion,17.5052102,78.4260901,3602327408,39.265,Normal
HYD032697,9886472488,hanuman temple,place_of_worship,Religion,17.5179391,78.4621183,2786982212,9.878,Normal
HYD032698,13335598237,hanuman temple,place_of_worship,Religion,17.5077396,78.4641425,13432042900,4.844,Normal
HYD032699,265414200,hanuman temple,place_of_worship,Religion,17.4154404,78.48539242,6373346583,20.972,Normal
HYD032700,357401129,hanuman temple,place_of_worship,Religion,17.377154379999997,78.49867652,13321495764,16.964,Normal
HYD032701,357459062,hanuman temple,place_of_worship,Religion,17.459763360000004,78.45602640000001,6536242420,10.654,Normal
HYD032702,902971504,hanuman temple,place_of_worship,Religion,17.45941616,78.47661308,3148642308,12.936,Normal
HYD032703,264584232,hari hara kshetram,place_of_worship,Religion,17.415806240000002,78.49313902,308938410,23.703,Normal
HYD032704,1449339531,harihara,place_of_worship,Religion,17.32040656,78.5594193,2249917861,23.258,Normal
HYD032705,357376411,idar-e-milia masjid,place_of_worship,Religion,17.3771553,78.49800287999999,307079897,21.548,Normal
HYD032706,7171364128,jagadguru Sri sringeri sharada peetam,place_of_worship,Religion,17.4565197,78.4241343,11038672564,28.217,Normal
HYD032707,1122033436,jain temple,place_of_worship,Religion,17.371885075,78.4433668125,4175499046,9.175,Normal
HYD032708,7002748335,kailasagiri gutta,place_of_worship,Religion,17.4568038,78.5700713,3598312486,31.092,Normal
HYD032709,753226076,kali mandir (ara maisamma),place_of_worship,Religion,17.353361899999996,78.3772080375,11045715552,1.177,Normal
HYD032710,8111098051,kanakadurga temple,place_of_worship,Religion,17.4137934,78.4100662,2795872326,14.471,Normal
HYD032711,264884008,kanyaka paramesvari and sai baba temple,place_of_worship,Religion,17.38581747142857,78.52813725714284,2234830574,34.165,Normal
HYD032712,8356554809,katta maisamma temple,place_of_worship,Religion,17.5477668,78.4330863,312840431,18.344,Normal
HYD032713,4550299489,khadar jhanda,place_of_worship,Religion,17.4627894,78.4713515,3670022546,10.887,Normal
HYD032714,626897612,khader Yar Khan Masjid,place_of_worship,Religion,17.3651254,78.4753123,2460435080,13.237,Normal
HYD032715,8386118239,laxmi ganapathi temple,place_of_worship,Religion,17.4076888,78.4950146,13208835344,28.837,Normal
HYD032716,357158451,little lamb church,place_of_worship,Religion,17.331240100000002,78.56804697999999,2881685613,31.908,Normal
HYD032717,357101828,lord shiva temple,place_of_worship,Religion,17.45550945,78.4829054375,7698845322,12.644,Normal
HYD032718,412914643,lord shiva temple,place_of_worship,Religion,17.42944162,78.51221408,2234501681,12.331,Normal
HYD032719,11736399719,maha laxmi temple,place_of_worship,Religion,17.4888035,78.3921655,3602317273,24.053,Normal
HYD032720,356205992,mahalakshmi  temple,place_of_worship,Religion,17.46301402,78.56233266000001,2796376541,20.848,Normal
HYD032721,7174367795,maisamma temple,place_of_worship,Religion,17.3045228,78.2485425,6062570904,11.116,Normal
HYD032722,7180198655,mallanna swamy temple,place_of_worship,Religion,17.3090546,78.2447542,7174412879,122.305,Extended
HYD032723,331212958,mallikarjuna swamy temple,place_of_worship,Religion,17.39607146,78.52446017999999,4184941034,13.775,Normal
HYD032724,626897183,masjid,place_of_worship,Religion,17.3675926,78.4855238,12048772329,16.668,Normal
HYD032725,7244245621,masjid,place_of_worship,Religion,17.5299445,78.2625722,2763577220,39.13,Normal
HYD032726,357774250,masjid,place_of_worship,Religion,17.37344484,78.54372089333333,3612557895,22.036,Normal
HYD032727,413902059,masjid,place_of_worship,Religion,17.41642434,78.5040727,2989387990,18.102,Normal
HYD032728,13437146163,masjid rgk,place_of_worship,Religion,17.5069462,78.4213274,2852571657,37.754,Normal
HYD032729,357324887,masjid-e-ahmed ali khan,place_of_worship,Religion,17.37802622,78.50000282,3612559898,23.915,Normal
HYD032730,11690468616,massid,place_of_worship,Religion,17.3163303,78.598887,4518348284,13.746,Normal
HYD032731,12852375936,mata temple,place_of_worship,Religion,17.3924282,78.5299872,1317005946,21.441,Normal
HYD032732,362515777,matha temple,place_of_worship,Religion,17.374382785714285,78.44447922857144,7715372186,18.878,Normal
HYD032733,1122033441,matha temple,place_of_worship,Religion,17.374749060000003,78.44365152,308528890,15.134,Normal
HYD032734,356009560,mehaboob subhani darga,place_of_worship,Religion,17.486297639999997,78.31699855999999,2000767465,10.095,Normal
HYD032735,12597525673,misri gunj,place_of_worship,Religion,17.3478839,78.4635769,12213450037,15.318,Normal
HYD032736,1050803657,nallapochamma temple,place_of_worship,Religion,17.4639733,78.4750757,1050802642,9.678,Normal
HYD032737,356537687,narasimha swamy temple,place_of_worship,Religion,17.364877060000005,78.39689556,7171163465,13.356,Normal
HYD032738,1492102132,omkareshwar Temple,place_of_worship,Religion,17.370482,78.46979066666667,7682217647,59.682,Normal
HYD032739,4305674393,peddamma temple,place_of_worship,Religion,17.5645579,78.4555542,3618946672,31.272,Normal
HYD032740,13673477670,pochaamma,place_of_worship,Religion,17.5042564,78.4268311,2023722877,9.771,Normal
HYD032741,13671216884,pochaamma temple,place_of_worship,Religion,17.5063577,78.4287845,2852308028,12.896,Normal
HYD032742,264994186,pochama temple,place_of_worship,Religion,17.436076739999997,78.43222408,3602301852,11.423,Normal
HYD032743,7174356924,pochamma temple,place_of_worship,Religion,17.3028074,78.2486443,6062725371,49.468,Normal
HYD032744,9886472489,pochamma temple,place_of_worship,Religion,17.516224,78.4613715,2786982170,14.841,Normal
HYD032745,357045188,pochamma temple,place_of_worship,Religion,17.31954132,78.4020548,2744233302,14.956,Normal
HYD032746,805308724,pochamma temple,place_of_worship,Religion,17.494164559999998,78.44235119999999,2778849768,10.144,Normal
HYD032747,13436972469,pochamma thali temple,place_of_worship,Religion,17.5155128,78.4268415,2852309669,11.196,Normal
HYD032748,1464999449,pochamma thali temple,place_of_worship,Religion,17.515512219999998,78.42683736000001,2852309669,11.636,Normal
HYD032749,8386231384,pochamma thalli temple,place_of_worship,Religion,17.4190676,78.5000346,1338911047,11.148,Normal
HYD032750,11690789966,pochamma thalli temple,place_of_worship,Religion,17.3586783,78.5450443,12254609976,22.906,Normal
HYD032751,722759538,prasanna anjaneya swami temple,place_of_worship,Religion,17.3548737,78.56863616,2247661432,26.385,Normal
HYD032752,670634158,raghu ram temple,place_of_worship,Religion,17.36295444,78.39288958,3579904883,30.424,Normal
HYD032753,4305847289,ramaalayam,place_of_worship,Religion,17.5654785,78.4561412,3618947112,14.826,Normal
HYD032754,357127472,ramalayam temple,place_of_worship,Religion,17.42354185,78.5183108,2234500697,19.654,Normal
HYD032755,10244211025,renuka yellemma thalli temple,place_of_worship,Religion,17.425729,78.5485572,8111187930,18.621,Normal
HYD032756,776411864,rock church,place_of_worship,Religion,17.34171804,78.36172174,2247713227,19.597,Normal
HYD032757,13673513647,sai baba,place_of_worship,Religion,17.5056424,78.4217728,11464552309,38.839,Normal
HYD032758,7171334827,sai baba Temple,place_of_worship,Religion,17.4553455,78.4201339,3602307935,19.695,Normal
HYD032759,7002671066,sai baba temple,place_of_worship,Religion,17.4052722,78.3960618,1295676610,36.834,Normal
HYD032760,7243946114,sai baba temple,place_of_worship,Religion,17.4939386,78.3562058,2231949517,18.074,Normal
HYD032761,9605387514,sai baba temple,place_of_worship,Religion,17.4879374,78.3161405,7644923814,28.983,Normal
HYD032762,331215300,sai baba temple,place_of_worship,Religion,17.40025612,78.51450918,1316840725,28.319,Normal
HYD032763,350589112,sai baba temple,place_of_worship,Religion,17.39883078571429,78.4996036,4013897636,16.413,Normal
HYD032764,356195893,sai baba temple,place_of_worship,Religion,17.462889077777778,78.47678137777777,3679994273,13.576,Normal
HYD032765,1059144542,sai baba temple,place_of_worship,Religion,17.32184716,78.59279222,2725393850,22.715,Normal
HYD032766,1087174301,sai baba temple,place_of_worship,Religion,17.49693182,78.32578869999999,6829485447,18.706,Normal
HYD032767,1122014048,sai baba temple,place_of_worship,Religion,17.38630374,78.43965566,1321359616,31.648,Normal
HYD032768,2712651139,sai mandir,place_of_worship,Religion,17.4101073,78.4886999,3612573661,19.877,Normal
HYD032769,7173841799,saibaba temple,place_of_worship,Religion,17.4511024,78.4205824,1747117467,25.463,Normal
HYD032770,8111098054,saibaba temple,place_of_worship,Religion,17.413175,78.4070072,1297372374,26.719,Normal
HYD032771,11365803984,saibaba temple,place_of_worship,Religion,17.3407055,78.472955,2857910124,14.459,Normal
HYD032772,13518983726,saibaba temple,place_of_worship,Religion,17.3714131,78.400358,3579906690,23.431,Normal
HYD032773,357462681,salar mulk masjid,place_of_worship,Religion,17.3535956,78.49962836,7702183989,30.207,Normal
HYD032774,7180236991,sangameshwara swamy temple,place_of_worship,Religion,17.2912795,78.2385177,7174330772,22.467,Normal
HYD032775,324867689,saraswathi temple,place_of_worship,Religion,17.4180798,78.52533,7959311918,31.11,Normal
HYD032776,10244211024,seetharamanjaneyaswamy temple,place_of_worship,Religion,17.4248248,78.5477234,1538238469,9.991,Normal
HYD032777,7171334824,shiva temple,place_of_worship,Religion,17.4543493,78.4245032,1748857052,10.193,Normal
HYD032778,9728715211,shiva temple,place_of_worship,Religion,17.5036272,78.4203126,3602326152,31.475,Normal
HYD032779,7174398742,shivalayam,place_of_worship,Religion,17.2510509,78.2438029,7174397365,22.92,Normal
HYD032780,7243950727,shivalayam,place_of_worship,Religion,17.3970603,78.5027834,3612567229,42.331,Normal
HYD032781,7244127020,shivalayam,place_of_worship,Religion,17.493001,78.4005814,2786995850,37.283,Normal
HYD032782,8233762235,shivalayam,place_of_worship,Religion,17.5132996,78.5562873,2794317006,12.956,Normal
HYD032783,281802018,shivalayam,place_of_worship,Religion,17.386481179999997,78.43968956,1321359616,30.587,Normal
HYD032784,1148782012,shivalayam,place_of_worship,Religion,17.535467360000002,78.26076562,2852273304,21.945,Normal
HYD032785,13518649331,shivalayam temple,place_of_worship,Religion,17.4169967,78.3785886,8370975373,38.395,Normal
HYD032786,1122014049,shivalayam temple,place_of_worship,Religion,17.386481179999997,78.43968956,1321359616,30.587,Normal
HYD032787,1464999450,shree veera hunaman temple,place_of_worship,Religion,17.51662128,78.42766257999999,2852309785,25.617,Normal
HYD032788,9903887166,shreeveera hanuman temple,place_of_worship,Religion,17.5165897,78.4276782,2852309785,27.853,Normal
HYD032789,3530193858,siddhi buddhi sametha ganesh-hanuman-shiva Temple,place_of_worship,Religion,17.3460224,78.5273334,2244374064,18.618,Normal
HYD032790,13088335494,siri womens pg,place_of_worship,Religion,17.4401231,78.359664,7654994537,32.895,Normal
HYD032791,7171416338,sree prasanna venkateswara swamy temple,place_of_worship,Religion,17.4588136,78.4261107,11043476384,30.514,Normal
HYD032792,7244019582,sri anjaneyaswamy temple,place_of_worship,Religion,17.3639905,78.5281684,6490222214,8.84,Normal
HYD032793,4305801693,sri durgammathalli devaalayam,place_of_worship,Religion,17.5644464,78.4550844,4208450057,22.942,Normal
HYD032794,12596396172,sri kara hospital,place_of_worship,Religion,17.3445439,78.5484408,2245995199,18.659,Normal
HYD032795,4305729890,sri lakshmi narayana swamy temple,place_of_worship,Religion,17.5709463,78.4859145,2791955815,33.829,Normal
HYD032796,4305674497,sri maisammathalli devaalayam,place_of_worship,Religion,17.565445,78.4556218,3618946875,20.361,Normal
HYD032797,13335606945,sri padmavathi venkateswara swamy temple,place_of_worship,Religion,17.4960793,78.4508366,11505449525,6.044,Normal
HYD032798,7173862626,sri ram mandhir,place_of_worship,Religion,17.4507388,78.418359,1747096673,13.855,Normal
HYD032799,9729514487,sri rama hannuman temple,place_of_worship,Religion,17.498779,78.4149564,2249842382,33.092,Normal
HYD032800,4305674792,sri renukaaellama devaalayam,place_of_worship,Religion,17.5648215,78.4556585,3618946672,8.606,Normal
HYD032801,13437156178,sri sita ramalayam,place_of_worship,Religion,17.4874061,78.4132939,4208596994,25.482,Normal
HYD032802,13335606946,sri srinidhi sai baba temple,place_of_worship,Religion,17.4961486,78.4507663,13335606938,7.374,Normal
HYD032803,3391086668,sri venkateshwar sawmy temple,place_of_worship,Religion,17.52205,78.4275472,2852573002,13.857,Normal
HYD032804,9903987796,sri venkateshwara swamy temple,place_of_worship,Religion,17.5288546,78.3758091,3614497351,44.405,Normal
HYD032805,3594949773,sri venkateshwara temple,place_of_worship,Religion,17.3558927,78.5369277,2245835002,25.307,Normal
HYD032806,2705352497,st.john the baptist church,place_of_worship,Religion,17.4803419,78.5590583,11052749649,30.311,Normal
HYD032807,12597537329,taj flaknama place,place_of_worship,Religion,17.3307139,78.4670089,7140936658,38.024,Normal
HYD032808,1152749167,temple,place_of_worship,Religion,17.3923489,78.5170224,4013897264,8.85,Normal
HYD032809,9960795397,temple,place_of_worship,Religion,17.3195423,78.4020718,2744233302,13.161,Normal
HYD032810,10806799963,temple,place_of_worship,Religion,17.5036864,78.5794329,2794395417,6.35,Normal
HYD032811,11690468615,temple,place_of_worship,Religion,17.3183122,78.5984729,4471707245,16.483,Normal
HYD032812,670633707,temple,place_of_worship,Religion,17.34154572,78.36105094,6280077175,18.721,Normal
HYD032813,1058863985,temple,place_of_worship,Religion,17.5065248,78.42392768,10044298067,23.754,Normal
HYD032814,10262383310,tulja bhavani temple,place_of_worship,Religion,17.3768272,78.4397984,10262383309,7.161,Normal
HYD032815,5596355504,ujjayani mahankali temple,place_of_worship,Religion,17.4467797,78.4488236,10185409021,12.947,Normal
HYD032816,9729519184,venkateshwara temple,place_of_worship,Religion,17.505842,78.4249078,4210184648,17.123,Normal
HYD032817,281798444,venkateshwara temple,place_of_worship,Religion,17.37385832,78.51748066,1152804760,30.402,Normal
HYD032818,13335598239,venkateshwara temple godavari home`s,place_of_worship,Religion,17.5048243,78.4690822,11135560446,10.366,Normal
HYD032819,10244211028,venkateshwaraswamy temple,place_of_worship,Religion,17.4224436,78.5492978,1538421901,25.245,Normal
HYD032820,585655559,venkateswara temple,place_of_worship,Religion,17.444477979999995,78.44663698,3147350318,12.749,Normal
HYD032821,670634159,vijaya ganapathi devalayam,place_of_worship,Religion,17.36330752857143,78.39404471428573,7709225886,16.497,Normal
HYD032822,1173940981,vijaya kanakadurga temple,place_of_worship,Religion,17.4885614,78.38835408,2249764950,19.383,Normal
HYD032823,12596432006,vivekanda nagarr,place_of_worship,Religion,17.3447345,78.5482064,2245995199,26.929,Normal
HYD032824,8386812942,yellamma temple,place_of_worship,Religion,17.4963497,78.454647,13428189172,9.125,Normal
HYD032825,9886314193,yellamma temple,place_of_worship,Religion,17.5164146,78.4398531,3550346687,17.732,Normal
HYD032826,10262083169,Ānandavihāra,place_of_worship,Religion,17.4483447,78.521754,1437371639,42.691,Normal
HYD032827,970183297,الله مسجد,place_of_worship,Religion,17.355130725000002,78.47327395,7713280994,26.153,Normal
HYD032828,238285564,بادشاہی عاشور خوانہ,place_of_worship,Religion,17.36911872,78.47568573999999,2461304315,44.229,Normal
HYD032829,358752555,جامع مسجد دیوان دیوڑی,place_of_worship,Religion,17.368722459999997,78.47738984,4203989128,21.477,Normal
HYD032830,8044177229,جامع مسجد عثمانیہ صرفخاص پلٹن,place_of_worship,Religion,17.3721694,78.499711,3157345108,24.898,Normal
HYD032831,775882890,جامع مسجد عثمانیہ صرفخاص پلٹن,place_of_worship,Religion,17.37222280625,78.50004301250002,3157345108,58.185,Normal
HYD032832,863526127,جامع مسجد عثمانیہ صرفخاص پلٹن,place_of_worship,Religion,17.3724871,78.50038795,4032432907,11.46,Normal
HYD032833,806581895,جامعہ مسجد حکیم میر وزیر علی,place_of_worship,Religion,17.354561212500002,78.46368315416667,3612549640,36.838,Normal
HYD032834,238284108,جامعہ مسجد دارالشفاء,place_of_worship,Religion,17.371056366666664,78.48142918333333,13329839627,28.889,Normal
HYD032835,8065525776,صحیفہ مسجد,place_of_worship,Religion,17.3761934,78.4922545,7508827444,21.712,Normal
HYD032836,281538133,صحیفہ مسجد,place_of_worship,Religion,17.376136287096774,78.49226937419355,7508827431,21.468,Normal
HYD032837,3628597801,مسجد ایک مینار,place_of_worship,Religion,17.4083512,78.5528412,7328763334,35.074,Normal
HYD032838,357680111,مسجد ایک مینار,place_of_worship,Religion,17.408344785714284,78.55265707142858,7328763335,23.961,Normal
HYD032839,8995711390,مسجد بغدادیہ,place_of_worship,Religion,17.3483056,78.5028845,2244119241,7.509,Normal
HYD032840,6865920685,مسجد بلال,place_of_worship,Religion,17.4241559,78.5467758,11052118075,7.03,Normal
HYD032841,866055379,مسجد بلال,place_of_worship,Religion,17.42423515,78.5467007875,11052118075,16.013,Normal
HYD032842,8093372222,مسجد حاجی کمال,place_of_worship,Religion,17.3736848,78.4831631,4342398945,10.817,Normal
HYD032843,8044187668,مسجد حسینی,place_of_worship,Religion,17.3748994,78.4989399,3612558995,22.107,Normal
HYD032844,11146637035,مسجد رشیدیہ,place_of_worship,Religion,17.3556939,78.6370362,11146610854,7.111,Normal
HYD032845,1202358530,مسجد رشیدیہ,place_of_worship,Religion,17.355709580000003,78.63710302,7652747721,12.509,Normal
HYD032846,3626557809,مسجد عثمانیہ,place_of_worship,Religion,17.376303,78.5035662,2240854968,6.769,Normal
HYD032847,8065508019,مسجد محی الدین انیسہ بیگم,place_of_worship,Religion,17.3759586,78.4961745,3155759964,12.266,Normal
HYD032848,3619642905,مسجد کیشوری بیگم صاحبہ,place_of_worship,Religion,17.4102604,78.5567086,2236890141,5.752,Normal
HYD032849,807585282,مسجد کیشوری بیگم صاحبہ,place_of_worship,Religion,17.41020108,78.55684206000001,2236890141,21.37,Normal
HYD032850,1463398000,శ్రీ శ్రీ శ్రీ అభయ ఆంజనేయ స్వామి దేవాలయం,place_of_worship,Religion,17.421423628571425,78.37987199999999,3602299329,33.182,Normal
HYD032851,224474191,🛕,place_of_worship,Religion,17.492838380000002,78.39184252000001,5948161009,34.394,Normal
HYD032852,740701587,Ambica Nilayam,planetarium,Culture & Heritage,17.54451228,78.43592394,7699927213,21.614,Normal
HYD032853,9918570030,Ambedkar Play Ground,playground,Recreation & Sports,17.4849681,78.4518934,2789729522,50.837,Normal
HYD032854,42988862,Ameerpet playground,playground,Recreation & Sports,17.437900216666666,78.45075813333334,7695153135,32.334,Normal
HYD032855,7538774331,Army School Playground,playground,Recreation & Sports,17.4766255,78.5242851,7679277176,63.286,Normal
HYD032856,623989287,BHEL Enclave Playground,playground,Recreation & Sports,17.46594806,78.48548542,7694255721,25.013,Normal
HYD032857,7088200303,Begumpet Community Hall,playground,Recreation & Sports,17.4476829,78.4584753,11478482983,35.819,Normal
HYD032858,7088103682,Block office,playground,Recreation & Sports,17.5264814,78.2683377,11875854194,30.289,Normal
HYD032859,13437099174,Box Cricket,playground,Recreation & Sports,17.3677873,78.3975218,13437099173,37.335,Normal
HYD032860,90559981,Cantonment Playground,playground,Recreation & Sports,17.466356044444442,78.47263428888888,7694096042,24.43,Normal
HYD032861,851470624,Captain Lakshmi sahgal park,playground,Recreation & Sports,17.536969579999997,78.39307887999999,3614500449,38.594,Normal
HYD032862,8284103101,"Cricket Academy, Boduppal",playground,Recreation & Sports,17.4222823,78.5851836,3496436168,48.951,Normal
HYD032863,11489738637,Cricket play ground,playground,Recreation & Sports,17.4447903,78.6034284,7690494652,65.153,Normal
HYD032864,586029328,Decathlon Play Area,playground,Recreation & Sports,17.24211956,78.43470518000001,7673736651,23.755,Normal
HYD032865,737513252,Deccan Grounds,playground,Recreation & Sports,17.383843566666666,78.46534291666666,11068214944,52.305,Normal
HYD032866,1051807900,Dronacharya Indoor Sports Complex,playground,Recreation & Sports,17.4903166,78.53363318000001,3598277126,21.643,Normal
HYD032867,11489955353,GHMC  Ground,playground,Recreation & Sports,17.5327631,78.5264406,3471427044,75.421,Normal
HYD032868,7375436998,GHMC Playground,playground,Recreation & Sports,17.3891939,78.5229481,2241235968,64.087,Normal
HYD032869,11489738605,GHMC playground,playground,Recreation & Sports,17.3890446,78.5212713,13304501454,81.765,Normal
HYD032870,187918699,GPRA Park,playground,Recreation & Sports,17.43841558,78.35666942,4170809434,32.576,Normal
HYD032871,1222790036,High Field's Children's Play Area,playground,Recreation & Sports,17.414535630379753,78.33999787594938,10208850989,16.825,Normal
HYD032872,885449288,Hills Ground,playground,Recreation & Sports,17.367605876923076,78.51041193846153,11837281220,89.632,Normal
HYD032873,1225570296,Jangamet Ground,playground,Recreation & Sports,17.336676079999997,78.47060236,3700529090,27.907,Normal
HYD032874,8909248554,Jasmine High School Ground,playground,Recreation & Sports,17.4477505,78.4267516,3679983871,16.561,Normal
HYD032875,805946021,KVT School ground,playground,Recreation & Sports,17.477544608333336,78.52048753749999,3598272228,61.107,Normal
HYD032876,738474531,Kprit Cricket Ground,playground,Recreation & Sports,17.433858016666665,78.68650311666666,7687995387,64.206,Normal
HYD032877,274911855,MANAGE Kids Playground,playground,Recreation & Sports,17.30695862,78.40714466,4206722532,80.94,Normal
HYD032878,5948145588,MLRITM Ground,playground,Recreation & Sports,17.5995812,78.4209426,11054207900,66.872,Normal
HYD032879,6779684431,MVSR Basketball court,playground,Recreation & Sports,17.2808287,78.5396866,3602487489,22.83,Normal
HYD032880,740791127,Mahmood Football Coaching Centre,playground,Recreation & Sports,17.43582308,78.42890581999998,12350819873,21.037,Normal
HYD032881,357612240,Marvell,playground,Recreation & Sports,17.32714446,78.58100526000001,7243982167,29.445,Normal
HYD032882,902919691,Medha International School,playground,Recreation & Sports,17.5141591,78.37949715,2852259396,26.172,Normal
HYD032883,340891352,Netaji Grounds,playground,Recreation & Sports,17.48829675714286,78.38874750000001,2249764939,27.68,Normal
HYD032884,6372204025,New santhosh nagar colony playground,playground,Recreation & Sports,17.3458697,78.5073217,2859386133,21.382,Normal
HYD032885,940047407,PJR ground,playground,Recreation & Sports,17.43318728,78.43042313999999,3670021843,9.483,Normal
HYD032886,1225570295,Phool Bagh Chaman,playground,Recreation & Sports,17.342717659999998,78.47382672,3612546023,30.315,Normal
HYD032887,1465001199,Play Area,playground,Recreation & Sports,17.401751679999997,78.50121571999999,308795915,9.512,Normal
HYD032888,8111032130,Play Ground,playground,Recreation & Sports,17.4172549,78.5066586,2234499762,23.846,Normal
HYD032889,12848072893,Play ground,playground,Recreation & Sports,17.3806149,78.5271605,11938647787,55.274,Normal
HYD032890,375909159,Playground 2,playground,Recreation & Sports,17.49233371111111,78.38917824444445,4208492258,62.216,Normal
HYD032891,9903874810,Police Ground,playground,Recreation & Sports,17.4345267,78.4255386,13355260323,27.499,Normal
HYD032892,1124074226,Ramleela Playground,playground,Recreation & Sports,17.408132672727273,78.45470413636363,7712916935,46.674,Normal
HYD032893,1419428230,Ramya Ground,playground,Recreation & Sports,17.486391779999998,78.39288196,9189672553,26.77,Normal
HYD032894,31405472,Sanjeeva Reddy Nagar Playground,playground,Recreation & Sports,17.44154662,78.44350397999999,349934469,41.064,Normal
HYD032895,10960705268,School ground,playground,Recreation & Sports,17.4407553,78.572889,2805343571,21.716,Normal
HYD032896,343903339,Shenoy Play Ground,playground,Recreation & Sports,17.44782556,78.50820942,11215870382,45.907,Normal
HYD032897,891668366,Shilpa Enclave Sports Play Ground,playground,Recreation & Sports,17.49936357142857,78.32395105714285,11038482290,21.097,Normal
HYD032898,7244264269,St.Anthony's High school play ground,playground,Recreation & Sports,17.4040662,78.4882879,11041880786,45.61,Normal
HYD032899,741601476,THE SECUNDERABAD PUBLIC SCHOOL,playground,Recreation & Sports,17.44475266363637,78.50043887272727,12221204201,43.352,Normal
HYD032900,695764681,VJPS Play Ground,playground,Recreation & Sports,17.53820125,78.38697213333334,1705478000,86.956,Normal
HYD032901,13737501857,Word And Deed Ground,playground,Recreation & Sports,17.3231897,78.6156917,11563688667,67.93,Normal
HYD032902,1500242450,Word And Deed Ground,playground,Recreation & Sports,17.3233007,78.61563559999999,11563688667,62.707,Normal
HYD032903,10171040906,akshara international school,playground,Recreation & Sports,17.3388176,78.5461171,2249701012,36.684,Normal
HYD032904,776658629,community ground,playground,Recreation & Sports,17.34594594,78.54677548,2245995315,34.672,Normal
HYD032905,9627168422,cpl playground,playground,Recreation & Sports,17.3896734,78.5193948,11046518238,97.077,Normal
HYD032906,1082290128,football Academy,playground,Recreation & Sports,17.47485622857143,78.47257777857143,4244213631,76.251,Normal
HYD032907,302007525,ghmc playground,playground,Recreation & Sports,17.40546702857143,78.48515467142859,4640244806,28.669,Normal
HYD032908,1237135283,indoor play ground,playground,Recreation & Sports,17.532413657142857,78.52567212857143,3471426297,55.856,Normal
HYD032909,827605897,jyoti club,playground,Recreation & Sports,17.353007242857142,78.53244718571429,2245996420,49.061,Normal
HYD032910,13437156180,kids play ground,playground,Recreation & Sports,17.4875975,78.4140815,1578270476,40.216,Normal
HYD032911,12596383237,kphb ground,playground,Recreation & Sports,17.4859298,78.385387,6149520458,51.534,Normal
HYD032912,13597254001,play ground,playground,Recreation & Sports,17.386464,78.5215657,3612562384,14.088,Normal
HYD032913,6435595867,qutubullapur play ground,playground,Recreation & Sports,17.4989602,78.4525442,3151921721,47.104,Normal
HYD032914,680562976,sbi play ground,playground,Recreation & Sports,17.37108593333333,78.54335041666666,13377580035,22.819,Normal
HYD032915,13685221383,society playground,playground,Recreation & Sports,17.3653811,78.5440992,1596560517,31.778,Normal
HYD032916,9885094719,volley ball ground,playground,Recreation & Sports,17.5150681,78.4632439,2786982127,35.764,Normal
HYD032917,121543585,ڈاکٹر سید حسین ظہیر گراؤنڈ,playground,Recreation & Sports,17.41792531875,78.547428075,2236748683,24.834,Normal
HYD033056,13673512998,Pottery shop,pottery,Shopping,17.377136,78.4686659,13266373978,8.362,Normal
HYD033057,1393041460,Cricket Nets,practice_pitch,Recreation & Sports,17.53997637647059,78.57669592941177,12895031416,29.732,Normal
HYD033107,99703096,Amberpet Ground,recreation_ground,Nature & Outdoors,17.391348972727272,78.51866229090909,3612565145,53.523,Normal
HYD033108,1435297380,Mahatma Gandhi Play Ground,recreation_ground,Nature & Outdoors,17.4495772,78.5363405,7710315075,24.643,Normal
HYD033109,2446630859,Mandal Grounds,recreation_ground,Nature & Outdoors,17.3582707,78.535105,10031455885,25.135,Normal
HYD033111,5566037152,Masjid e qutub shahi,religion,Religion,17.3923913,78.438498,3579910553,14.905,Normal
HYD033112,5323901014,Masjid e sang,religion,Religion,17.3812486,78.4812,4513148315,29.491,Normal
HYD033141,6295709105,Divya Retreat,resort,Accommodation,17.5498051,78.6974298,7536265932,9.141,Normal
HYD033142,7180267389,Green fields Resorts,resort,Accommodation,17.3115698,78.2314077,571356035,92.908,Normal
HYD033143,7180279294,Pavani Resorts,resort,Accommodation,17.2938615,78.2241868,9462012771,399.96,Extended
HYD033144,756452001,Rainbow Resorts,resort,Accommodation,17.569671233333338,78.56556898,2803176449,10.076,Normal
HYD033145,12623835338,Samrat Farms,resort,Accommodation,17.3560402,78.2755494,11066253098,47.33,Normal
HYD033146,756449698,Summer Green Resort,resort,Accommodation,17.570780459999998,78.55508298666668,3618950740,43.436,Normal
HYD033147,12400906465,URBAN LIFE RETREAT,resort,Accommodation,17.2970235,78.6245982,3614587178,63.665,Normal
HYD033148,5405055149,13 Dhaba,restaurant,Food,17.4375004,78.3656273,11306749934,14.415,Normal
HYD033149,7244059242,3rd camous canteen,restaurant,Food,17.5614823,78.4478728,6435528371,40.837,Normal
HYD033150,1042239866,4 Seasons,restaurant,Food,17.4580493,78.3716287,12992046226,18.432,Normal
HYD033151,7035236531,4 Seasons,restaurant,Food,17.4345566,78.3864346,3602301600,55.791,Normal
HYD033152,6822126648,7 Seven Hills Restaurant,restaurant,Food,17.459125,78.604859,3598313045,29.457,Normal
HYD033153,8110848041,9 amma mandi,restaurant,Food,17.447358,78.5718816,8315315063,15.831,Normal
HYD033154,6996936918,ABC,restaurant,Food,17.3117508,78.5192804,6996911363,14.996,Normal
HYD033155,10897832054,AHA Chinese Restaurant,restaurant,Food,17.4012862,78.5659259,11383080790,10.43,Normal
HYD033156,8995827803,AM-PM Shawarma,restaurant,Food,17.3968281,78.4233659,2177264459,19.395,Normal
HYD033157,5965559686,Aadi Raghavendra Udupi Veg,restaurant,Food,17.4441489,78.3880973,1042264819,5.164,Normal
HYD033158,6909365985,Aaha Food Village,restaurant,Food,17.4067359,78.3903084,3579913483,26.789,Normal
HYD033159,10795095588,Aaromale,restaurant,Food,17.4128381,78.4066158,3579915267,50.91,Normal
HYD033160,9369819264,Aaswadh,restaurant,Food,17.4816112,78.5759315,4206280894,12.747,Normal
HYD033161,1349738795,Aazebo - The Royal Arabian Restaurant,restaurant,Food,17.39620176,78.42405142,3417745452,38.814,Normal
HYD033162,6249187285,Abhiruchi,restaurant,Food,17.4857281,78.3888152,2249764827,9.537,Normal
HYD033163,6994597339,Abhiruchi,restaurant,Food,17.4377697,78.3900781,11237878843,13.297,Normal
HYD033164,5942783245,Abhiruchi Restaurant,restaurant,Food,17.4456195,78.3861795,352765339,33.589,Normal
HYD033165,4566238603,Absolute Barbecues (ABs),restaurant,Food,17.4383572,78.3977922,1836662473,28.063,Normal
HYD033166,6036883486,Absolute barbeque (ab's),restaurant,Food,17.4429689,78.357398,1448219610,15.661,Normal
HYD033167,6208465485,Afgan Darbar Resturant,restaurant,Food,17.4030441,78.462246,1779031107,14.267,Normal
HYD033168,13965391448,Ahanva,restaurant,Food,17.4265517,78.3299164,7673661576,26.748,Normal
HYD033169,10718148979,Aharam,restaurant,Food,17.4417612,78.3768381,10031471256,22.468,Normal
HYD033170,6248961886,Ahilobhilam Foods,restaurant,Food,17.4549917,78.3841449,3602307725,11.323,Normal
HYD033171,9669420010,Ahoy Restro,restaurant,Food,17.554098,78.4933855,3618942574,14.17,Normal
HYD033172,3391101895,Aishwarya,restaurant,Food,17.5227224,78.4439388,4193478944,20.236,Normal
HYD033173,4523070490,Aishwarya Metro Restaurent A/C,restaurant,Food,17.4891856,78.4503645,11882974189,23.533,Normal
HYD033174,6822126642,Akhila Tiffins,restaurant,Food,17.439792,78.441577,351846656,9.045,Normal
HYD033175,7246579316,Akshaya,restaurant,Food,17.4012245,78.562565,9870003701,21.695,Normal
HYD033176,8107785189,Akshya Tiffens,restaurant,Food,17.4504985,78.4244868,6353975981,12.523,Normal
HYD033177,6822126537,Al Hejaz Cafeteria,restaurant,Food,17.3918401,78.4265136,2859817427,14.433,Normal
HYD033178,1551222726,Al rabia wrap,restaurant,Food,17.395013679999998,78.43217977999998,3579911241,22.322,Normal
HYD033179,5405054245,Al saba resturant,restaurant,Food,17.4336913,78.3694867,3602301339,7.581,Normal
HYD033180,361507579,Alfa Hotel,restaurant,Food,17.4346136,78.50069592,7279429884,20.398,Normal
HYD033181,6758497444,Ali Star Hotel,restaurant,Food,17.420283,78.5131386,309707243,18.281,Normal
HYD033182,4418972989,Almas,restaurant,Food,17.4426528,78.441636,3146913651,11.947,Normal
HYD033183,10836288177,Aman Hotel,restaurant,Food,17.3765008,78.4304509,308530133,10.492,Normal
HYD033184,8107767453,Amaravathi Tiffens,restaurant,Food,17.4405705,78.441619,3598259679,14.689,Normal
HYD033185,9414622045,Amaravati Restaurant,restaurant,Food,17.3425557,78.5553078,6755868198,30.227,Normal
HYD033186,7021303608,Amber,restaurant,Food,17.4367771,78.3891419,3602302072,32.687,Normal
HYD033187,7025820812,Amber,restaurant,Food,17.4367769,78.3891418,3602302072,32.69,Normal
HYD033188,4646388694,Ambica Mess,restaurant,Food,17.412664,78.395312,1003619545,7.257,Normal
HYD033189,6693360862,Amfah Biryani,restaurant,Food,17.394338,78.4402917,6154498145,24.227,Normal
HYD033190,568468273,Amogha Tiffin Center,restaurant,Food,17.48920575714286,78.55060405714286,7702730424,13.42,Normal
HYD033191,12413100573,Amogham,restaurant,Food,17.4940501,78.4045222,1428893800,22.613,Normal
HYD033192,7113730686,Amrutha paradise,restaurant,Food,17.4946659,78.3951704,350457190,28.285,Normal
HYD033193,4196826121,Anand Bhavan,restaurant,Food,17.4405743,78.485778,7699838787,25.085,Normal
HYD033194,626897584,Anand Bhavan (vegetarian),restaurant,Food,17.3647568,78.475484,2460435072,22.546,Normal
HYD033195,6390338960,Anand Tiffins,restaurant,Food,17.3681913,78.5250083,307047906,20.265,Normal
HYD033196,1215790311,Angaara,restaurant,Food,17.4597233,78.3665008,12800012558,18.884,Normal
HYD033197,2428137451,Angaara Restaurant,restaurant,Food,17.4970106,78.3606866,7710574968,17.656,Normal
HYD033198,6822126483,Angaara5 Restaurant,restaurant,Food,17.3915423,78.4652788,2847561303,22.524,Normal
HYD033199,7025803845,Ankapur Kitchen,restaurant,Food,17.4452494,78.3907983,1323526567,14.207,Normal
HYD033200,11034008431,Annapoorna Darshini Tiffins & Meals,restaurant,Food,17.4253327,78.4573464,289509866,20.206,Normal
HYD033201,5482822501,Annapurna,restaurant,Food,17.4433326,78.3916667,1302203332,14.854,Normal
HYD033202,6575179575,Annapurna Restaurant,restaurant,Food,17.4195098,78.565161,2841186708,16.355,Normal
HYD033203,5469130135,Annapurna Tiffens,restaurant,Food,17.4518379,78.391518,7733079841,8.388,Normal
HYD033204,9369549951,Annapurna tiffins,restaurant,Food,17.4536312,78.5658103,2795957539,16.009,Normal
HYD033205,3388911677,Anupama Restaurant,restaurant,Food,17.493387,78.4036242,13300997485,14.575,Normal
HYD033206,7244480683,Anupama Restaurant,restaurant,Food,17.3946502,78.4383764,308528081,12.683,Normal
HYD033207,5942783243,Appetito,restaurant,Food,17.4456498,78.3859665,319535606,15.719,Normal
HYD033208,9093559317,Aqeeq Multi Cuisine Restaurant & Cafe 555,restaurant,Food,17.4039774,78.4515963,3612570528,19.199,Normal
HYD033209,11484298991,Ariban Mandi Knights,restaurant,Food,17.5096183,78.3000361,4009708567,27.179,Normal
HYD033210,890310144,Aromas of China,restaurant,Food,17.4150666,78.4494682,7682662084,13.863,Normal
HYD033211,13190020915,Arunachalam,restaurant,Food,17.5410836,78.3925087,7682160336,38.926,Normal
HYD033212,13208170233,Arya Bhavan,restaurant,Food,17.4509081,78.4369028,11846851740,14.419,Normal
HYD033213,13208186040,Arya Bhavan,restaurant,Food,17.4272477,78.4518017,6152111474,8.377,Normal
HYD033214,13954891165,Arya Tiffins,restaurant,Food,17.4431022,78.4777558,1783239928,9.011,Normal
HYD033215,675646783,Astoria,restaurant,Food,17.4064861,78.4969807,12049270394,17.682,Normal
HYD033216,7836389751,Athidhi Restaurant,restaurant,Food,17.4940368,78.3524303,11484569862,24.182,Normal
HYD033217,7836389753,Athidhi Takeaway,restaurant,Food,17.4939989,78.3523561,9708799871,25.47,Normal
HYD033218,6822126500,Athidi Aahar,restaurant,Food,17.47325,78.42188,2249914979,25.3,Normal
HYD033219,7473077258,Athidi Family Restaurant,restaurant,Food,17.3990375,78.5607014,2236889776,9.717,Normal
HYD033220,12538877497,Aurant Restaurant,restaurant,Food,17.476649,78.5651878,3164348349,26.444,Normal
HYD033221,1802664777,Aviyal Veg Restaurant,restaurant,Food,17.4470642,78.3783626,4198555687,18.904,Normal
HYD033222,1256876005,Ayappa Hotel,restaurant,Food,17.52103362,78.44145678,2852572261,21.436,Normal
HYD033223,7021303734,Ayathi Restaurant,restaurant,Food,17.4450565,78.3856161,352765327,32.363,Normal
HYD033224,7088365506,Ayyangar Bakery,restaurant,Food,17.4394005,78.4483772,306358105,19.495,Normal
HYD033225,6191762120,B- Eats,restaurant,Food,17.4431896,78.3880625,3602303525,9.745,Normal
HYD033226,12558490781,BAMBOO PARADISE,restaurant,Food,17.4789745,78.6249653,6117817303,24.932,Normal
HYD033227,13737411702,BARBEQUE NATION,restaurant,Food,17.4572805,78.3656635,11032104729,26.461,Normal
HYD033228,4716873493,Bahar Cafe,restaurant,Food,17.4949337,78.3380435,13397177144,24.697,Normal
HYD033229,5611008663,Bahar café,restaurant,Food,17.4472359,78.3784684,11037132273,19.441,Normal
HYD033230,7025820773,Bake Factory Kitchens,restaurant,Food,17.4462187,78.3988928,12655943018,11.751,Normal
HYD033231,12538877498,Balaji Family Dhaba,restaurant,Food,17.4766215,78.5652293,3164348349,27.272,Normal
HYD033232,10300324812,Banjara 9,restaurant,Food,17.4070548,78.4516599,354651243,23.015,Normal
HYD033233,6594823491,Barbeque Nation,restaurant,Food,17.4241883,78.3439964,12468593368,17.382,Normal
HYD033234,11358156631,Barbeque Nation,restaurant,Food,17.4837947,78.3888791,6150020414,53.881,Normal
HYD033235,10280159820,Barbeque Nation - Banjara Hills,restaurant,Food,17.41514,78.4502756,13728029918,12.925,Normal
HYD033236,7021303738,Barbeque Pride,restaurant,Food,17.4348951,78.4022289,1948637906,30.04,Normal
HYD033237,902311099,Barista,restaurant,Food,17.4432817,78.4788867,12704444047,24.803,Normal
HYD033238,1883487156,Basil,restaurant,Food,17.425911,78.4354774,11846315441,23.053,Normal
HYD033239,540025634,Basketball Canteen,restaurant,Food,17.447851016666668,78.34753268333333,1692823439,35.258,Normal
HYD033240,4576289991,Bavarchi Multi cusine,restaurant,Food,17.3435528,78.5559881,13368733351,22.153,Normal
HYD033241,675646784,Bawarchi,restaurant,Food,17.4063098,78.4974141,12049270419,19.169,Normal
HYD033242,3249112569,Bawarchi,restaurant,Food,17.406958,78.4625948,726177366,13.814,Normal
HYD033243,7244238200,Bawarchi,restaurant,Food,17.4066547,78.497651,12049270419,34.271,Normal
HYD033244,8318335290,Bawarchi,restaurant,Food,17.3645299,78.3950569,2188391587,18.056,Normal
HYD033245,14065837228,Bawarchi,restaurant,Food,17.4062451,78.4976285,12049270419,12.685,Normal
HYD033246,466872240,Bawarchi,restaurant,Food,17.44130972,78.35928334,1753608446,18.363,Normal
HYD033247,357588055,Bawarchi Ac,restaurant,Food,17.40675302,78.49774640000001,4262208469,44.486,Normal
HYD033248,4107110489,Bawarchi Restaurant,restaurant,Food,17.4486957,78.4499097,3153719455,28.235,Normal
HYD033249,6936829973,Bawarchi Restaurant,restaurant,Food,17.4368021,78.4287507,310213764,16.071,Normal
HYD033250,6208220792,Bawarchi Resturant,restaurant,Food,17.3682736,78.5258939,2243963522,21.957,Normal
HYD033251,1215251806,Bawarichi,restaurant,Food,17.4612961,78.3668145,10573065535,12.065,Normal
HYD033252,7025820764,Beach House,restaurant,Food,17.4386399,78.3948138,11041616672,19.567,Normal
HYD033253,13100767309,Beijing bites,restaurant,Food,17.5030101,78.4772549,10172786336,36.009,Normal
HYD033254,11460511434,Being Hungry,restaurant,Food,17.4203956,78.3475133,2246072721,29.208,Normal
HYD033255,1885682076,Berry Cool,restaurant,Food,17.425056,78.4214256,1948582447,19.644,Normal
HYD033256,7608583804,Bezawada Bhojanam,restaurant,Food,17.4648665,78.3652279,1301939747,12.713,Normal
HYD033257,13064757269,Bharateeyam The Indian Cusine,restaurant,Food,17.4900031,78.3927832,12898564652,34.833,Normal
HYD033258,1042232799,Big Dosa,restaurant,Food,17.4474117,78.3806242,14093988707,16.06,Normal
HYD033259,1641547337,Big Dosa,restaurant,Food,17.4424887,78.3852422,352765056,36.804,Normal
HYD033260,8386555631,Big Noodle,restaurant,Food,17.456534,78.4988208,1947901778,24.601,Normal
HYD033261,7608736502,Bihari Mama Hotel,restaurant,Food,17.4646284,78.3654699,1301937937,12.263,Normal
HYD033262,7466867132,Biryani & Biryani,restaurant,Food,17.3947808,78.373629,3579911198,22.125,Normal
HYD033263,1333758095,Biryani Darbar,restaurant,Food,17.4711239,78.5081255,2221876371,21.779,Normal
HYD033264,468480052,Biryani R Kabab's,restaurant,Food,17.50142845,78.58756218333333,2795779515,30.954,Normal
HYD033265,1465032674,Biryani centre,restaurant,Food,17.525187799999998,78.66651992,13437221802,27.897,Normal
HYD033266,7244029374,Biryani's & More,restaurant,Food,17.4071414,78.3926167,2795871642,14.44,Normal
HYD033267,4665333893,Biryanis,restaurant,Food,17.4955551,78.3319945,1705549172,20.124,Normal
HYD033268,8170346620,Bismillah Hotel,restaurant,Food,17.3412919,78.4544376,308560785,15.808,Normal
HYD033269,1447217176,Bits & Bytes,restaurant,Food,17.54310856,78.57431748,13204169694,20.472,Normal
HYD033270,817354056,Blue Fox,restaurant,Food,17.4232236,78.4275415,3602299770,14.096,Normal
HYD033271,2572745836,Blue Fox,restaurant,Food,17.4373148,78.4459922,2697421197,24.389,Normal
HYD033272,7121846779,Blue Fox,restaurant,Food,17.4582743,78.3712218,11133974827,23.577,Normal
HYD033273,726709518,Blue Fox Restaurant,restaurant,Food,17.4009655,78.4853499,11038746953,15.627,Normal
HYD033274,840882469,Blue Sky Restaurant & Bar,restaurant,Food,17.506399120000005,78.38153351999999,10047125838,27.795,Normal
HYD033275,11084918124,Blue Star Restaurant,restaurant,Food,17.450874,78.4244652,6353976391,18.949,Normal
HYD033276,355685923,Bommarillu Restaurant,restaurant,Food,17.49616254,78.36349562000001,11221794476,26.579,Normal
HYD033277,355647266,Bowl O China,restaurant,Food,17.4393202,78.4473624,14104991667,28.231,Normal
HYD033278,2710605813,Bowl O' China,restaurant,Food,17.3896412,78.4277792,13991676432,7.871,Normal
HYD033279,4614311359,Bowl O'China,restaurant,Food,17.4432496,78.4777365,1779447581,19.338,Normal
HYD033280,4773253021,Bowl-O-China,restaurant,Food,17.4269665,78.343947,1318454927,57.717,Normal
HYD033281,7025820911,Brickwood Pizza,restaurant,Food,17.4412922,78.3884437,3164043341,9.033,Normal
HYD033282,11422123669,Bronzy Fried Chicken,restaurant,Food,17.4261044,78.4569305,12612429374,11.913,Normal
HYD033283,6868689295,Brothers Bawarchi,restaurant,Food,17.4541799,78.419381,11152938202,15.792,Normal
HYD033284,4769501963,Brundavan,restaurant,Food,17.4137026,78.4070873,3195067866,25.19,Normal
HYD033285,7025820811,Burgandi,restaurant,Food,17.4369089,78.3892028,3602302173,24.382,Normal
HYD033286,356511728,CAPITAL RESTURANT,restaurant,Food,17.369722560000003,78.51397419999999,3204113378,27.741,Normal
HYD033287,1932925761,Cafe Bahar,restaurant,Food,17.399719,78.4785769,1932919394,23.701,Normal
HYD033288,6955225189,Cafe Bawarchi,restaurant,Food,17.3449952,78.5525409,13366927253,10.633,Normal
HYD033289,453580264,Cafe Mocha,restaurant,Food,17.4186379,78.4448824,4244026191,28.575,Normal
HYD033290,2957337541,Cafe Nandini,restaurant,Food,17.4411629,78.3603222,10017619567,18.702,Normal
HYD033291,7966160254,Cafe Nandini,restaurant,Food,17.4171873,78.4313623,7966139338,20.331,Normal
HYD033292,14022778145,California Burrito,restaurant,Food,17.4219692,78.3370726,11033845938,28.868,Normal
HYD033293,14063278751,California Burrito - Next Galleria Mall,restaurant,Food,17.4287289,78.4502863,7424917023,30.963,Normal
HYD033294,5732474087,Canteen,restaurant,Food,17.3363873,78.2896976,2235061756,59.563,Normal
HYD033295,357047208,Captian Cook Resturant,restaurant,Food,17.441768560000003,78.4621636,4192910770,16.423,Normal
HYD033296,1279292305,Cara Cara Hyderabad,restaurant,Food,17.436936583333335,78.39827709999999,6755696338,19.703,Normal
HYD033297,13965391469,Casa Restaurant,restaurant,Food,17.4262675,78.3294732,7673571802,25.777,Normal
HYD033298,621792361,Chaitanya Banquet Hall,restaurant,Food,17.48515658,78.39074918,1987988935,23.518,Normal
HYD033299,332095970,Chaitanya Food Court,restaurant,Food,17.4851811,78.39058882,1426794564,16.561,Normal
HYD033300,5405060691,Chak de restaurant,restaurant,Food,17.4395223,78.3638742,9513770642,13.739,Normal
HYD033301,6822126603,Chandini Family Dhaba,restaurant,Food,17.5159509,78.4800636,4269641899,29.266,Normal
HYD033302,5931166341,Charcoal Bbq,restaurant,Food,17.4475331,78.3918768,1302063229,52.048,Normal
HYD033303,762995567,Chatees 36,restaurant,Food,17.441951,78.4855009,3670021155,10.476,Normal
HYD033304,9626951875,Chef's Bakers,restaurant,Food,17.5096358,78.317965,11817803584,28.343,Normal
HYD033305,9918552428,Chick Blast,restaurant,Food,17.4907711,78.4514929,11882925784,20.063,Normal
HYD033306,1224527813,Chicken kabab,restaurant,Food,17.4391462,78.3636441,13994883307,3.477,Normal
HYD033307,7836389745,Chikpet Donne Biriyani House,restaurant,Food,17.4963919,78.3588995,11037074476,22.127,Normal
HYD033308,7113643285,Chillies Restaurant,restaurant,Food,17.4977234,78.3917992,2425535865,25.466,Normal
HYD033309,11939039311,Chillies Restaurant,restaurant,Food,17.2166777,78.5290482,10862640739,152.684,Extended
HYD033310,891324851,Chilly's Restaurant,restaurant,Food,17.4419971,78.4858784,308796020,20.05,Normal
HYD033311,7021303726,Chinatown,restaurant,Food,17.4431428,78.3879241,3602303519,19.837,Normal
HYD033312,10279859237,Chinese Kitchen,restaurant,Food,17.3334473,78.5692957,307061467,12.259,Normal
HYD033313,513016922,Chutneys,restaurant,Food,17.4263318,78.4475017,3205890361,10.948,Normal
HYD033314,2014860758,Chutneys,restaurant,Food,17.4431928,78.4800077,3598260304,34.722,Normal
HYD033315,6208220791,Chutneys,restaurant,Food,17.3531268,78.546535,7709770838,17.612,Normal
HYD033316,6312938485,Chutneys,restaurant,Food,17.4296732,78.4096135,1948637918,29.646,Normal
HYD033317,6760780819,Chutneys,restaurant,Food,17.4526084,78.380549,4206976956,26.775,Normal
HYD033318,7035236527,Chutneys,restaurant,Food,17.4352133,78.3869412,6150752511,31.423,Normal
HYD033319,11358156634,Chutneys,restaurant,Food,17.4963076,78.3969579,7436647886,16.31,Normal
HYD033320,331633267,Chutneys,restaurant,Food,17.496371579999998,78.3968333,7436647886,24.062,Normal
HYD033321,1042239873,Club Jayabheri,restaurant,Food,17.460477,78.3716908,12357492512,25.629,Normal
HYD033322,817353890,Cocos,restaurant,Food,17.4239168,78.4247745,356328170,26.122,Normal
HYD033323,6847914868,Collection O 209 Sivarampalli (Galaxy Hotal),restaurant,Food,17.322384,78.430635,11154485380,17.229,Normal
HYD033324,9918909849,Colors Family Dhaba,restaurant,Food,17.4779029,78.4727042,4271104078,52.3,Normal
HYD033325,5867186858,Country Oven,restaurant,Food,17.4303405,78.4381599,7682659572,15.828,Normal
HYD033326,340800630,Country Oven,restaurant,Food,17.430376419999998,78.43815576,11136104108,14.885,Normal
HYD033327,1885680325,Cream Stone,restaurant,Food,17.4248564,78.4220264,3602299980,11.964,Normal
HYD033328,6758497456,Crown Hotel,restaurant,Food,17.4205601,78.5011258,7712578679,11.935,Normal
HYD033329,6187870387,Dastarkhan,restaurant,Food,17.4026359,78.4614738,2177311101,7.278,Normal
HYD033330,6822126608,Date With Soup Restaurant,restaurant,Food,17.442481,78.439334,351828029,11.842,Normal
HYD033331,12536226052,De Alphabet Hotel,restaurant,Food,17.4750539,78.5683028,5643839786,1.202,Normal
HYD033332,4320884394,Deccan,restaurant,Food,17.429162,78.4559771,14078397863,13.12,Normal
HYD033333,7892309462,Deccan Elite Restaurant,restaurant,Food,17.346203,78.4155817,11363483191,18.177,Normal
HYD033334,2294789394,Deccan Orchid Restaurant,restaurant,Food,17.4044012,78.4550885,12139454499,10.664,Normal
HYD033335,6594823490,Deli 9,restaurant,Food,17.4241728,78.3440842,12468593368,23.374,Normal
HYD033336,2579745472,Delicacy,restaurant,Food,17.4922521,78.3937025,11041649469,15.613,Normal
HYD033337,7088336247,Delicious Bakery,restaurant,Food,17.3529453,78.5071433,312780870,17.172,Normal
HYD033338,6390378856,Delicious Dosa,restaurant,Food,17.3646765,78.5259001,11539458947,13.079,Normal
HYD033339,13045818868,Delicious Village,restaurant,Food,17.4473559,78.2786587,11572254512,28.468,Normal
HYD033340,11747949473,Desi Chai Adda,restaurant,Food,17.4696171,78.3602286,7625641621,15.456,Normal
HYD033341,7025820783,Desi Dhabha,restaurant,Food,17.4458496,78.3925347,7010558505,25.838,Normal
HYD033342,9907852281,Desi Donne Biryani,restaurant,Food,17.4243286,78.4525318,9907852280,2.908,Normal
HYD033343,7025820815,Dhanyatha Foods,restaurant,Food,17.4498409,78.3934938,3670022019,17.973,Normal
HYD033344,7243983826,Dhivija's Take away,restaurant,Food,17.4153883,78.4086766,317757798,16.881,Normal
HYD033345,2134523285,Dil Punjabi,restaurant,Food,17.4412924,78.3913618,3164043321,25.342,Normal
HYD033346,6209876085,Dine Hill,restaurant,Food,17.4051966,78.451429,11846500233,18.037,Normal
HYD033347,4784090874,Dine o China,restaurant,Food,17.4366907,78.3668204,3602302139,32.131,Normal
HYD033348,4729119789,Diner's Pavilion,restaurant,Food,17.4428005,78.3552166,13347810927,28.783,Normal
HYD033349,7174406403,Diners Restaurant,restaurant,Food,17.4386462,78.4596617,312825000,12.265,Normal
HYD033350,1435296177,Dolphin Hotel,restaurant,Food,17.449979,78.5362762,1435313349,15.376,Normal
HYD033351,5539124269,Domino's,restaurant,Food,17.4069309,78.5946143,3598399495,19.188,Normal
HYD033352,12852312195,Domino's,restaurant,Food,17.412667,78.4657131,10301873367,46.063,Normal
HYD033353,12852246629,Domino's pizza,restaurant,Food,17.3924277,78.5105786,10682269359,24.043,Normal
HYD033354,7168590392,Dominos's Pizza,restaurant,Food,17.4931701,78.4038054,1437305488,19.757,Normal
HYD033355,13290111924,Doner & Gyros,restaurant,Food,17.2355784,78.4343189,11028319164,78.754,Normal
HYD033356,10836288173,Dragan Food Court,restaurant,Food,17.3766161,78.431408,7715372146,27.099,Normal
HYD033357,551247982,Drive N' Dine - Drive in Restaurant,restaurant,Food,17.463345359999998,78.36993126,13904546550,16.675,Normal
HYD033358,712859906,Dwaraka,restaurant,Food,17.4054719,78.4638523,3612571395,16.781,Normal
HYD033359,7113634286,Dwaraka Restaurant,restaurant,Food,17.4978299,78.3915794,2425535865,24.011,Normal
HYD033360,13415039401,Dwaraka Tiffins,restaurant,Food,17.4056568,78.5116157,11972089078,11.336,Normal
HYD033361,5539124266,Eagle Boyz Pizza,restaurant,Food,17.4059812,78.5913805,2593908718,12.243,Normal
HYD033362,12852234055,Eagles pizza center,restaurant,Food,17.4016808,78.5452167,11840425646,27.236,Normal
HYD033363,3008092655,Eat Central,restaurant,Food,17.4412679,78.3825065,11033841885,20.791,Normal
HYD033364,5942847663,Eat Country Style,restaurant,Food,17.4454605,78.3862392,352765339,26.865,Normal
HYD033365,116035684,Eat Street,restaurant,Food,17.42255160909091,78.46524778181819,1869496102,20.963,Normal
HYD033366,4790969321,Eat Well,restaurant,Food,17.4917874,78.3977643,7686809427,30.781,Normal
HYD033367,7244113094,Eat in peace,restaurant,Food,17.3670508,78.5217509,6444901483,13.19,Normal
HYD033368,12852350346,Eat street,restaurant,Food,17.4221623,78.4652703,289414475,16.046,Normal
HYD033369,7025820919,Eatsome,restaurant,Food,17.4418969,78.3881888,11533207599,6.202,Normal
HYD033370,8939338789,Ebony - The Lounge Bar,restaurant,Food,17.3894732,78.3162466,8933335683,27.027,Normal
HYD033371,13965391470,Ellipaya Karam Express,restaurant,Food,17.4261967,78.3291991,7673571800,19.469,Normal
HYD033372,13423220019,Emerald Mithai Shop,restaurant,Food,17.4208817,78.3792387,11068984604,8.362,Normal
HYD033373,3784353141,Empala Hotel,restaurant,Food,17.4046213,78.4542955,3612570808,3.006,Normal
HYD033374,1332279003,Enjoy Cafe,restaurant,Food,17.4847615,78.4972581,1332289761,17.57,Normal
HYD033375,11084969227,Erra Karam,restaurant,Food,17.4360976,78.4121092,1313307070,30.386,Normal
HYD033376,1123874128,Eruvaka food zone,restaurant,Food,17.493564238461538,78.41073763076923,3504791705,26.657,Normal
HYD033377,6893579787,Esplanade,restaurant,Food,17.4062229,78.3910319,3670021372,11.715,Normal
HYD033378,10718145771,Fire Water,restaurant,Food,17.4479014,78.3791248,827334259,15.788,Normal
HYD033379,6246451485,Fisher Me,restaurant,Food,17.4741766,78.3877088,2249764680,40.998,Normal
HYD033380,7113998188,Fit food company,restaurant,Food,17.4290692,78.4182366,12874773332,32.134,Normal
HYD033381,6257498485,Flavors,restaurant,Food,17.4581306,78.3715006,12992046226,13.267,Normal
HYD033382,5942781129,Flechazo,restaurant,Food,17.4464954,78.3843723,11817694791,28.935,Normal
HYD033383,1015403238,Food Garage Drive In,restaurant,Food,17.34374066,78.3237998,7675783947,21.953,Normal
HYD033384,355996195,Food court,restaurant,Food,17.45381662,78.33468275999999,3602307563,58.629,Normal
HYD033385,7244487828,Food on fire,restaurant,Food,17.3952103,78.4314805,3579911224,9.966,Normal
HYD033386,7021303640,Foodie Resto,restaurant,Food,17.4417241,78.3852879,3602303130,13.536,Normal
HYD033387,13279648101,Forget Me Not Cafe,restaurant,Food,17.4374797,78.3893004,893955550,17.607,Normal
HYD033388,1971369284,Four Seasons,restaurant,Food,17.3969403,78.4248354,3579911782,19.904,Normal
HYD033389,12536226094,Frenchie,restaurant,Food,17.4744217,78.5683843,3164348465,7.588,Normal
HYD033390,12541130554,Frenchie,restaurant,Food,17.4736979,78.5695148,3164348467,17.761,Normal
HYD033391,6934838950,Fudzy,restaurant,Food,17.4488567,78.38912,3602306412,18.785,Normal
HYD033392,8514821417,GHMC ANNAPURNA CENTER,restaurant,Food,17.4090002,78.5088644,2234832685,9.646,Normal
HYD033393,8514798391,GHMC ANNAPURNA FOOD CENTER,restaurant,Food,17.3974899,78.5121368,3415837326,5.243,Normal
HYD033394,1043474631,GRIET College Canteen,restaurant,Food,17.52037454,78.36663688000002,4467053772,67.808,Normal
HYD033395,11939039315,Galaxy AC Restaurant,restaurant,Food,17.2163142,78.5301718,12404214800,69.885,Normal
HYD033396,7569540629,Ganesh Family Dhaba,restaurant,Food,17.4791209,78.5116176,7761550446,5.256,Normal
HYD033397,854960920,Garden Restaurant,restaurant,Food,17.4418602,78.4988827,4317365438,21.78,Normal
HYD033398,7025820883,Ghar Ka Khaana,restaurant,Food,17.4404308,78.3923717,349267616,20.333,Normal
HYD033399,1275490936,Gingercourt,restaurant,Food,17.4404184,78.3935111,5436630011,19.292,Normal
HYD033400,14022778148,Globe Buffetio,restaurant,Food,17.4240199,78.3336001,11033892356,21.261,Normal
HYD033401,8111012820,Goa grillz,restaurant,Food,17.397361,78.3776389,2794196887,24.034,Normal
HYD033402,4670788289,Godavari Ruchulu,restaurant,Food,17.4170898,78.4122806,3579915416,11.977,Normal
HYD033403,5743508530,Godavari Ruchulu,restaurant,Food,17.4052362,78.3914237,3579913327,8.789,Normal
HYD033404,3474702622,Godavari ruchulu,restaurant,Food,17.4318064,78.4468436,353721639,24.706,Normal
HYD033405,5793698165,Golconda Chef,restaurant,Food,17.4455723,78.3925382,1323526563,23.193,Normal
HYD033406,7025820784,Golconda Chefs,restaurant,Food,17.4462385,78.3924715,7010558505,40.078,Normal
HYD033407,6772788276,Gold Bawarchi,restaurant,Food,17.4266214,78.5317312,4315742172,35.387,Normal
HYD033408,538425766,Golden Cave Restaurant,restaurant,Food,17.4362808,78.4449429,4271268165,25.04,Normal
HYD033409,10262130736,Golden palace restaurant,restaurant,Food,17.3638483,78.4286225,12706519198,21.82,Normal
HYD033410,2466627233,Goodlands,restaurant,Food,17.4252697,78.5331698,3229462603,15.497,Normal
HYD033411,4499582389,Grand,restaurant,Food,17.3882646,78.4770354,11041754359,10.916,Normal
HYD033412,6822126502,Grand Avighnaa,restaurant,Food,17.5159013,78.4472217,11052296147,37.215,Normal
HYD033413,7576018686,Grand Bavarchi,restaurant,Food,17.3693123,78.5153122,2243963592,25.434,Normal
HYD033414,890303724,Grand Minerva,restaurant,Food,17.413531,78.445005,13479090543,17.301,Normal
HYD033415,7021303733,Grand Spicy Bawarchi,restaurant,Food,17.4447002,78.386046,3602304114,15.404,Normal
HYD033416,5350186098,Grannies Millets and Grains,restaurant,Food,17.4835477,78.5574853,2697214701,16.974,Normal
HYD033417,2062730675,Green Bawarchi,restaurant,Food,17.4299491,78.4284395,7682659536,10.275,Normal
HYD033418,2431749969,Green Bawarchi,restaurant,Food,17.3680419,78.5568618,1594492226,44.731,Normal
HYD033419,3388949138,Green Bawarchi,restaurant,Food,17.4936276,78.4028605,11991965697,18.14,Normal
HYD033420,740700578,"Green Bawarchi Restuarant,Bachupally Road",restaurant,Food,17.54103208,78.39397052,11541992133,25.348,Normal
HYD033421,10806671065,Green Bucket Biryani,restaurant,Food,17.4968777,78.5950657,2795743965,10.59,Normal
HYD033422,4516712845,Greenland,restaurant,Food,17.443383,78.4488725,2854489471,16.53,Normal
HYD033423,9903794533,Grill,restaurant,Food,17.5154466,78.4396866,2852309654,10.677,Normal
HYD033424,356180201,Grill 9,restaurant,Food,17.458797280000002,78.49972902,13415588064,27.384,Normal
HYD033425,360822872,Grill 9,restaurant,Food,17.440380700000002,78.50785671999999,13363607307,15.527,Normal
HYD033426,1142653958,Gulf Restaurant,restaurant,Food,17.4634888,78.4734427,11865825180,16.792,Normal
HYD033427,6029100806,Gundamma Gaari Ruchulu,restaurant,Food,17.3667294,78.5399284,2255887223,22.903,Normal
HYD033428,7874934614,HOLY KITCHEN,restaurant,Food,17.4332799,78.4262644,1312749999,6.593,Normal
HYD033429,8107898995,HOTEL PM GRAND,restaurant,Food,17.4623514,78.4712232,3598267654,6.111,Normal
HYD033430,12841239558,Haldiram's,restaurant,Food,17.4003985,78.555232,12880221148,9.816,Normal
HYD033431,6263697388,Hamza Restaurant,restaurant,Food,17.4060305,78.5559089,2236889871,23.036,Normal
HYD033432,357692529,Happy Tummy Hotel,restaurant,Food,17.470273759999998,78.5388649,2231530329,26.398,Normal
HYD033433,889642289,Hard Rock Cafe,restaurant,Food,17.418702,78.4486137,2126214141,14.871,Normal
HYD033434,5994099284,Haritha Restaurant,restaurant,Food,17.4037438,78.467208,1309321887,8.439,Normal
HYD033435,356459249,Hashi,restaurant,Food,17.433741960000003,78.4174708,7385438465,30.061,Normal
HYD033436,889650690,Haveli,restaurant,Food,17.4362425,78.457117,14105330070,47.558,Normal
HYD033437,9903874812,Hderabad restaurant,restaurant,Food,17.4419092,78.432369,3218358876,20.817,Normal
HYD033438,356548235,Heart Cup Coffee,restaurant,Food,17.45970802,78.36860238,1301947599,31.575,Normal
HYD033439,7021303728,Hi-Tech Bawarchi,restaurant,Food,17.4430468,78.3877611,7012080631,22.196,Normal
HYD033440,6864399992,Hi-Tech Bawarchi Multi Cuisine Restaurant,restaurant,Food,17.4437602,78.3586988,13347815538,14.339,Normal
HYD033441,12410053301,Hibacci - Asian Fusion Restaurant,restaurant,Food,17.419217,78.4427265,356345460,11.834,Normal
HYD033442,1650424028,Hideout,restaurant,Food,17.4402073,78.3933547,7016609105,13.894,Normal
HYD033443,1215750038,HighLand NonVeg,restaurant,Food,17.4644587,78.3671147,10573065556,2.919,Normal
HYD033444,9917006217,Hitech Bawarchi,restaurant,Food,17.4411978,78.3916463,3164043321,15.666,Normal
HYD033445,7180147129,Hospital Canteen,restaurant,Food,17.4900345,78.4067309,5956868586,20.581,Normal
HYD033446,700187738,Hot Plate Family Restaurant,restaurant,Food,17.414184799999997,78.5854722,11524125381,16.623,Normal
HYD033447,6208309285,Hotel Aadab,restaurant,Food,17.389026,78.4705949,3977712901,21.761,Normal
HYD033448,4981536922,Hotel Akshaya,restaurant,Food,17.3846352,78.4887325,5517896719,14.153,Normal
HYD033449,8233700526,Hotel Akshaya,restaurant,Food,17.3733983,78.5022812,3155761769,18.042,Normal
HYD033450,356179987,Hotel Amaravathi,restaurant,Food,17.4615041,78.50072054,308962022,23.463,Normal
HYD033451,2354681432,Hotel Bhimas,restaurant,Food,17.4072009,78.3919003,4328310676,35.946,Normal
HYD033452,728861440,Hotel Fishland,restaurant,Food,17.4049643,78.4637359,5482330190,19.621,Normal
HYD033453,627094416,Hotel Indu Deluxe,restaurant,Food,17.404542,78.4673137,12234392216,15.277,Normal
HYD033454,627094419,Hotel Kamat,restaurant,Food,17.40429554,78.46737433999999,5994099498,17.851,Normal
HYD033455,13536912455,Hotel Marjaan,restaurant,Food,17.4350284,78.503638,308952175,15.047,Normal
HYD033456,6822126487,Hotel Mourya's Restaurant,restaurant,Food,17.437544,78.440502,7718905861,11.368,Normal
HYD033457,6693360854,Hotel New City Diamond,restaurant,Food,17.3942159,78.4406958,308527277,22.622,Normal
HYD033458,627094420,Hotel Panchsheel Pakwaan,restaurant,Food,17.403979260000003,78.46746028,2179449109,15.857,Normal
HYD033459,7244487785,Hotel Paradise,restaurant,Food,17.3941477,78.4408754,308527277,36.781,Normal
HYD033460,7644477014,Hotel Persis Paradise,restaurant,Food,17.4417049,78.4874265,12724785043,4.359,Normal
HYD033461,11027534561,Hotel Sarovar,restaurant,Food,17.431799,78.4468438,353721639,25.516,Normal
HYD033462,6208309185,Hotel Shezan,restaurant,Food,17.3868358,78.4720854,11043257253,21.507,Normal
HYD033463,6061146775,Hotel Shubham Celebrations,restaurant,Food,17.5133429,78.4478727,11173418007,41.935,Normal
HYD033464,7243946116,Hotel Sitara Grand,restaurant,Food,17.4946078,78.3544063,12702208625,9.33,Normal
HYD033465,5994099485,Hotel Sukha Sagara,restaurant,Food,17.4039422,78.4678772,2854614528,15.867,Normal
HYD033466,3523097051,Hotel Suprabhat,restaurant,Food,17.4195083,78.5406022,10244261092,31.828,Normal
HYD033467,13227662862,Hotel Surabhi,restaurant,Food,17.3741546,78.4172368,4198168307,31.677,Normal
HYD033468,7473072329,Hotel Surabhi Udupi Veg,restaurant,Food,17.3986302,78.5605419,13575308815,15.967,Normal
HYD033469,6822126499,Hotel Surya,restaurant,Food,17.5598693,78.4385776,3614506389,8.577,Normal
HYD033470,12538926485,Hotel Swagath grand,restaurant,Food,17.4767264,78.5639573,3164348354,22.652,Normal
HYD033471,7088336244,Hotel Sweekar,restaurant,Food,17.3529835,78.5068224,312780869,34.351,Normal
HYD033472,4407583397,House of Dosas,restaurant,Food,17.4235207,78.4292446,365209204,11.32,Normal
HYD033473,626897256,Husnain hotel,restaurant,Food,17.3678281,78.4829274,2461272681,21.107,Normal
HYD033474,7025820814,HutK Restaurant,restaurant,Food,17.4515635,78.3936807,12469114190,19.898,Normal
HYD033475,513010279,Hyderabad House,restaurant,Food,17.426299,78.4382663,12084810287,5.598,Normal
HYD033476,767999210,Hyderabad House,restaurant,Food,17.260048,78.386917,7103834224,80.323,Normal
HYD033477,13208186038,Hyderabad House,restaurant,Food,17.4283844,78.4516679,2857325737,9.308,Normal
HYD033478,5291150521,Hyderabad Spice,restaurant,Food,17.4413494,78.396511,7035058397,17.566,Normal
HYD033479,8386481816,Hyderabad spice,restaurant,Food,17.5185251,78.3965031,1906537069,23.417,Normal
HYD033480,6036830618,Hyderabadi dawat,restaurant,Food,17.4497953,78.3635491,12008722367,10.866,Normal
HYD033481,10790345914,Hyderama,restaurant,Food,17.4312883,78.3712001,6150851790,31.316,Normal
HYD033482,13123278412,IGURU,restaurant,Food,17.4181368,78.3752194,7691578525,19.079,Normal
HYD033483,13022908098,IRA Kitchen and Bar,restaurant,Food,17.4543538,78.2843012,2222703231,40.348,Normal
HYD033484,1416994348,IRA Kitchen and Bar,restaurant,Food,17.45436758,78.28429724,2222703231,40.696,Normal
HYD033485,1891041167,ITC Kakatiya,restaurant,Food,17.4325165,78.4574227,12082785478,35.201,Normal
HYD033486,6633197605,ITC Kohenur,restaurant,Food,17.4324002,78.3854882,7955040630,9.891,Normal
HYD033487,649056266,Icecream Club,restaurant,Food,17.4541644,78.4981718,3207195571,12.123,Normal
HYD033488,6414144247,Indi Chai,restaurant,Food,17.4076128,78.390142,2795871675,34.301,Normal
HYD033489,890308905,Indijoe,restaurant,Food,17.4151382,78.4493609,3146860390,24.87,Normal
HYD033490,7023081189,Indira veg non veg,restaurant,Food,17.4138326,78.4536907,2855073725,17.988,Normal
HYD033491,7025820832,Inner Chef,restaurant,Food,17.4493044,78.3911004,1302060332,43.253,Normal
HYD033492,5973773086,Istanbul authentic doner kebab,restaurant,Food,17.3968157,78.4238638,2852516273,31.013,Normal
HYD033493,356229281,Ivy - Pool Side Bar,restaurant,Food,17.38957252,78.31696268,2246173110,44.265,Normal
HYD033494,11460511433,JDM Punjabi Dhaba,restaurant,Food,17.4202845,78.3479645,3602298991,19.816,Normal
HYD033495,11358156620,"Jain Kitchen, Pure Vegetarian Restaurant",restaurant,Food,17.49001,78.3723191,5917822580,20.021,Normal
HYD033496,356234471,Jamun Hyderabad,restaurant,Food,17.434039166666665,78.41529294444443,6438776685,41.266,Normal
HYD033497,356229451,Jewel of Nizam,restaurant,Food,17.38867604,78.31620338,4197085939,42.946,Normal
HYD033498,8990527620,Joint-Al-Mandi,restaurant,Food,17.482523,78.5514232,11054518182,14.667,Normal
HYD033499,6461024946,Jonathan`s Kitchen,restaurant,Food,17.4240886,78.347173,7012933799,33.996,Normal
HYD033500,6213051886,Jubilee Hills Peddammathalli Mess,restaurant,Food,17.4290022,78.4051709,353759591,31.645,Normal
HYD033501,1460129001,Juice Canteen,restaurant,Food,17.447934116666662,78.34758128333333,1692823439,24.912,Normal
HYD033502,9748215760,JusyLife,restaurant,Food,17.4053026,78.5156729,9808304063,14.623,Normal
HYD033503,4576382091,KFC LB Nagar,restaurant,Food,17.3458927,78.552418,7721459207,15.718,Normal
HYD033504,4431207291,Kabab,restaurant,Food,17.4012906,78.4885491,2857520307,26.013,Normal
HYD033505,4683188792,Kabab Inn,restaurant,Food,17.3594202,78.4713006,13284643613,10.34,Normal
HYD033506,6865920697,Kabab house,restaurant,Food,17.4225754,78.5457338,3159073202,19.051,Normal
HYD033507,4417155890,Kabab restaurant,restaurant,Food,17.4012891,78.4885841,2857520307,28.629,Normal
HYD033508,5459525615,Kafe Tirupati,restaurant,Food,17.441612,78.3914323,349267538,44.679,Normal
HYD033509,5467328880,Kalinga's Kitchen,restaurant,Food,17.4469404,78.3917078,1302063233,20.602,Normal
HYD033510,1015403237,Kamadhenu Veg,restaurant,Food,17.345129280000002,78.32512902,9366759827,27.614,Normal
HYD033511,889674219,Kamath Hotel,restaurant,Food,17.4408665,78.4971168,308796011,23.771,Normal
HYD033512,13198367701,Karachi Bakery,restaurant,Food,17.4422262,78.3568595,1702560035,16.819,Normal
HYD033513,13423220018,Keshav Reddy Sweets,restaurant,Food,17.4200353,78.379703,3602298891,13.143,Normal
HYD033514,4826996023,Khan Saab,restaurant,Food,17.4185781,78.4487684,2126214135,9.259,Normal
HYD033515,6652949191,Khan Saheb,restaurant,Food,17.4055008,78.4517971,4469635908,15.313,Normal
HYD033516,6208309186,Khan-e-Khaas,restaurant,Food,17.4026148,78.4613112,1820079735,14.802,Normal
HYD033517,11358156629,Khandani Rajdhani,restaurant,Food,17.4840544,78.3892573,6150020405,19.461,Normal
HYD033518,2466615436,Kim Fung,restaurant,Food,17.4285099,78.528475,7677733718,22.915,Normal
HYD033519,776650228,King's Arabian mandi,restaurant,Food,17.354607140000002,78.3793949,307096147,21.399,Normal
HYD033520,12541130551,Kings Briyani,restaurant,Food,17.4737587,78.5694756,3164348467,9.846,Normal
HYD033521,9369819267,Kings palace,restaurant,Food,17.4654039,78.5620555,7715912287,11.175,Normal
HYD033522,7244487791,King’s Restaurant,restaurant,Food,17.3936122,78.4427387,2859817632,20.366,Normal
HYD033523,7027716895,Kitchen 007,restaurant,Food,17.4499217,78.3949095,7035315558,12.782,Normal
HYD033524,9903904322,Kodi kura chitti gari,restaurant,Food,17.4972266,78.3941808,1427645977,49.142,Normal
HYD033525,1003619299,Kokam kitchen,restaurant,Food,17.4038249,78.3907122,2795871350,10.414,Normal
HYD033526,11460177689,Kokapet Restro and Kitchen,restaurant,Food,17.3964052,78.3363227,11891069991,15.456,Normal
HYD033527,13965391467,Konaseema Ruchulu,restaurant,Food,17.4265967,78.3292593,7673571802,17.76,Normal
HYD033528,7021303727,Krazy Chef,restaurant,Food,17.443142,78.3877529,3602303519,11.776,Normal
HYD033529,12972172341,Krishna Godavari Ruchulu,restaurant,Food,17.4946192,78.3481935,13251063891,20.458,Normal
HYD033530,7025820842,Krishna's Kitchen,restaurant,Food,17.4357999,78.3946868,8299043314,30.277,Normal
HYD033531,10790483073,Krishnapatnam,restaurant,Food,17.4299418,78.4113051,1948637920,18.094,Normal
HYD033532,14022778149,Kritaa Nagar,restaurant,Food,17.4240945,78.3335095,11033892357,24.384,Normal
HYD033533,8990530850,Krithunga Restaurent,restaurant,Food,17.4767415,78.5628574,11066130148,13.721,Normal
HYD033534,11420436685,Kritugua,restaurant,Food,17.4283748,78.4552907,3598256334,43.551,Normal
HYD033535,6246439585,Kritunga,restaurant,Food,17.4514807,78.3937843,8354332457,26.107,Normal
HYD033536,6255308286,Kritunga,restaurant,Food,17.4955925,78.3992808,9948797741,17.667,Normal
HYD033537,6955225188,Kritunga,restaurant,Food,17.3430033,78.5554735,6755868199,30.994,Normal
HYD033538,7246516893,Kritunga,restaurant,Food,17.4941766,78.4048998,6308390054,28.041,Normal
HYD033539,13965391449,Kritunga,restaurant,Food,17.4264819,78.3300624,9939289673,25.383,Normal
HYD033540,7002852818,Kritunga Restaurant,restaurant,Food,17.4953495,78.3224384,12649419072,13.555,Normal
HYD033541,7025820751,Kritunga Restaurant,restaurant,Food,17.4408428,78.3912368,12299016637,12.933,Normal
HYD033542,9527714603,Kritunga Restaurant,restaurant,Food,17.4950007,78.3567882,11032189861,14.395,Normal
HYD033543,11015778137,Kritunga Restaurant,restaurant,Food,17.4269689,78.4581957,12625853246,17.874,Normal
HYD033544,10314279709,Kshatriya Foods,restaurant,Food,17.4391715,78.397936,7045983217,29.955,Normal
HYD033545,10796197655,LEGEND'S FOOD COURT,restaurant,Food,17.4545044,78.4164006,3670022311,7.86,Normal
HYD033546,680561235,LUCKY RESTURANT,restaurant,Food,17.365469339999997,78.55756418000001,10187620905,31.738,Normal
HYD033547,7796335942,Lake view bar & restaurant,restaurant,Food,17.4991927,78.4081171,6308390072,14.384,Normal
HYD033548,4676142991,Lakshmi Priya Restaurant,restaurant,Food,17.4173025,78.4125036,3579915416,40.232,Normal
HYD033549,7025820913,Lassi Bistro,restaurant,Food,17.4417109,78.3884808,11533207601,10.829,Normal
HYD033550,7168572262,Lassi shop,restaurant,Food,17.492609,78.4022484,4170913469,10.648,Normal
HYD033551,8110990943,Laxman ki bandi,restaurant,Food,17.3786787,78.464037,308527223,15.716,Normal
HYD033552,13100785232,Leons burgers and wings,restaurant,Food,17.5028283,78.4772098,4210171599,45.583,Normal
HYD033553,2710626246,Limra Shawarma,restaurant,Food,17.3967466,78.424046,11502784730,22.757,Normal
HYD033554,3638711628,Little Italy,restaurant,Food,17.4160322,78.4168158,2573450850,13.288,Normal
HYD033555,5608451367,Lucky Arabian Mandi,restaurant,Food,17.4201515,78.5166572,2234500201,14.394,Normal
HYD033556,6485323329,Lucky Restaurant,restaurant,Food,17.4406202,78.3930877,3210142868,14.609,Normal
HYD033557,8386499083,Lucky Restaurant,restaurant,Food,17.4996437,78.3617104,2231949835,28.423,Normal
HYD033558,8387157866,Luckys,restaurant,Food,17.3944819,78.5106555,3415837321,17.29,Normal
HYD033559,5608454992,Luckys Biryani - PadmaraoNagar,restaurant,Food,17.4200696,78.5168329,2234500201,18.202,Normal
HYD033560,5873950223,M R C Chicken Dum Biryani,restaurant,Food,17.4851625,78.3890135,3602315640,36.218,Normal
HYD033561,6935617664,M.S Biryani Point,restaurant,Food,17.4424955,78.5661074,3219918952,13.46,Normal
HYD033562,8107755744,M/s. Grills N Chills,restaurant,Food,17.4442222,78.4328434,4185218462,19.468,Normal
HYD033563,5708141633,MLRIT canteen,restaurant,Food,17.5944898,78.4418787,5708141637,11.006,Normal
HYD033564,9473832883,MR MANDI,restaurant,Food,17.4085335,78.5986497,2822528581,19.97,Normal
HYD033565,7243983824,MRCB  Restaurant,restaurant,Food,17.4135599,78.4040268,1297370766,26.53,Normal
HYD033566,5826364860,MREC Canteen,restaurant,Food,17.5594452,78.4524248,7669037222,33.779,Normal
HYD033567,722762635,MVSR Canteen,restaurant,Food,17.2807961,78.53916978000001,11905893225,18.566,Normal
HYD033568,7025820886,Madhapur Bawarchi,restaurant,Food,17.4407157,78.3924993,3210142891,18.441,Normal
HYD033569,6261536395,Madhura,restaurant,Food,17.4867119,78.385778,6149520457,28.777,Normal
HYD033570,6261508385,Madhura Mexican Fried Chicken,restaurant,Food,17.4855824,78.38809,3665228529,35.691,Normal
HYD033571,340235296,Madhushala,restaurant,Food,17.42993456,78.43171284,11041723785,13.966,Normal
HYD033572,13287712051,Madina Hotel,restaurant,Food,17.4510666,78.3689889,1299292655,4.313,Normal
HYD033573,753231497,Madura Indian Fusion Restaurant,restaurant,Food,17.45087196,78.396677,7001266674,25.417,Normal
HYD033574,4713368292,Maha Lakshmi Family Dhaba,restaurant,Food,17.4947922,78.3308767,11045892740,21.154,Normal
HYD033575,8110994555,Mahalaxmi tiffins,restaurant,Food,17.3808404,78.4638905,3612560822,17.237,Normal
HYD033576,2875118608,Maharaja Chat,restaurant,Food,17.4408585,78.3965959,3602302981,22.743,Normal
HYD033577,7244017401,Mahati restaurant,restaurant,Food,17.3713264,78.5710939,1595338672,38.452,Normal
HYD033578,12096914776,Mahaveer Balaji Family Dhaba,restaurant,Food,17.4633325,78.4837157,1255121611,17.447,Normal
HYD033579,9918495806,Mahesh Tiffin Center,restaurant,Food,17.5079315,78.4299495,4210184664,9.911,Normal
HYD033580,3159028270,Mainland China,restaurant,Food,17.4506078,78.3808666,3602306772,31.927,Normal
HYD033581,349018446,Malgudi Restaurant,restaurant,Food,17.4846794,78.3899283,9961098694,7.127,Normal
HYD033582,12972335837,Mamagoto,restaurant,Food,17.4580228,78.3729279,5773008254,9.48,Normal
HYD033583,1971368294,Mandar,restaurant,Food,17.3972818,78.4246558,11502784732,7.06,Normal
HYD033584,6693360861,Mandar Fast Food,restaurant,Food,17.3888637,78.4554807,2852310381,13.824,Normal
HYD033585,12538717578,Mandi,restaurant,Food,17.4764234,78.566983,3164363653,17.545,Normal
HYD033586,10280159817,Mandi 36,restaurant,Food,17.4153075,78.4498881,11052809564,30.371,Normal
HYD033587,9924632184,Mandi chaloo,restaurant,Food,17.476399,78.4819392,2789775351,14.413,Normal
HYD033588,6409579586,Mandi@36,restaurant,Food,17.4307294,78.4078308,1948637903,32.454,Normal
HYD033589,5826347075,ManiChandana Restaurant,restaurant,Food,17.4414246,78.3598766,308971489,18.786,Normal
HYD033590,2550415995,Manpasand Veg restaurant,restaurant,Food,17.4419399,78.359374,6925786809,31.058,Normal
HYD033591,8387157890,Manus Kitchen,restaurant,Food,17.4237729,78.5460014,2236749086,17.366,Normal
HYD033592,12972335835,Maryada Ramanna,restaurant,Food,17.4581097,78.3715642,12992046226,15.16,Normal
HYD033593,7473080338,Master Chef,restaurant,Food,17.3988049,78.5605302,2236889769,15.033,Normal
HYD033594,8110979060,Master Kabab,restaurant,Food,17.4553167,78.4477611,2785785374,27.37,Normal
HYD033595,356179537,Mayabazar,restaurant,Food,17.4609913,78.50074868,3207183147,31.04,Normal
HYD033596,7560666273,Mayabazar Restaurant,restaurant,Food,17.4609913,78.5007677,3207183147,32.967,Normal
HYD033597,12538926492,Maythri Hotel,restaurant,Food,17.4766113,78.5643771,3164348356,23.795,Normal
HYD033598,1161973357,Mayur Tiffins,restaurant,Food,17.491354840000003,78.4072622,7097540938,15.575,Normal
HYD033599,8386260416,Mayuri Restaurant,restaurant,Food,17.5159742,78.3964478,1906537042,32.657,Normal
HYD033600,4531956291,Mc Domino's,restaurant,Food,17.3426735,78.5559553,10750415449,2.13,Normal
HYD033601,8465488368,Mc Donalds,restaurant,Food,17.5156438,78.4808725,7688266353,17.677,Normal
HYD033602,9370052905,Mcdonals.(Mcd),restaurant,Food,17.4771897,78.5648076,7699021974,4.951,Normal
HYD033603,11082688354,Mdina Hotel And Cafe,restaurant,Food,17.4535391,78.4090708,11082688347,7.239,Normal
HYD033604,7244140128,Meeraj Bawarchi,restaurant,Food,17.529058,78.2652784,11136064244,12.264,Normal
HYD033605,356283222,Mefhil,restaurant,Food,17.4514373,78.38174206,2418749879,26.772,Normal
HYD033606,1186765004,Meghana's Biryani,restaurant,Food,17.49655956,78.45347494,2786981632,10.603,Normal
HYD033607,3201283510,Mehfil,restaurant,Food,17.3164642,78.449034,3670019023,10.551,Normal
HYD033608,4670741589,Mehfil,restaurant,Food,17.4145143,78.3942156,10279225813,16.251,Normal
HYD033609,357102666,Mehfil,restaurant,Food,17.398674414285715,78.49346030000001,11411678553,21.036,Normal
HYD033610,903251726,Mehfil,restaurant,Food,17.362924959999997,78.42842313999999,10277918632,42.728,Normal
HYD033611,10836288178,Mehfil Mandi House,restaurant,Food,17.3765149,78.4296741,11829886777,17.026,Normal
HYD033612,6822126650,Mehfil Restaurant,restaurant,Food,17.368092,78.52193,2243963484,19.815,Normal
HYD033613,10279842268,Mehfil Restaurant,restaurant,Food,17.4271804,78.4524443,321709191,11.247,Normal
HYD033614,5518037581,Mehfil hotel,restaurant,Food,17.3986952,78.4935837,11411678553,7.907,Normal
HYD033615,13140816146,Melbourne Fried chicken,restaurant,Food,17.429158,78.4499426,7424917030,4.991,Normal
HYD033616,5515637839,Melting pot,restaurant,Food,17.4414144,78.3812898,5901582662,16.219,Normal
HYD033617,10279481522,Mezban Hotel,restaurant,Food,17.3606586,78.4409624,316968010,23.713,Normal
HYD033618,2835235995,Midland bakery,restaurant,Food,17.4507555,78.4244982,6353975980,15.304,Normal
HYD033619,14143947801,"Milano Ice cream, Jublee Hills",restaurant,Food,17.426585,78.4072634,3167945576,38.988,Normal
HYD033620,3554603085,Minerva,restaurant,Food,17.4594714,78.3659499,3174139170,11.733,Normal
HYD033621,817354361,Minerva Coffee Shop,restaurant,Food,17.4289627,78.4557226,1779040744,15.306,Normal
HYD033622,966236043,Mist - Poolside Kitchen,restaurant,Food,17.389708180000003,78.3169346,2246173110,46.756,Normal
HYD033623,758940800,Modern Hotel,restaurant,Food,17.4800532,78.58048562,2795820374,15.49,Normal
HYD033624,13285248840,Mojo Pizza,restaurant,Food,17.4484906,78.3588434,4367462795,24.515,Normal
HYD033625,356176894,Momadia Shawarma,restaurant,Food,17.4761102,78.41306413999999,11462414607,18.811,Normal
HYD033626,5608417022,Monkeys Island - Drive In,restaurant,Food,17.4120873,78.6130357,11499361870,23.082,Normal
HYD033627,1027661425,Mr Mandi,restaurant,Food,17.408553480000002,78.59864378,2822528581,22.137,Normal
HYD033628,5883774727,Mudita,restaurant,Food,17.4055752,78.3913202,3579913373,18.901,Normal
HYD033629,6209973186,Mugal Resturant,restaurant,Food,17.4067369,78.4640779,712861625,15.044,Normal
HYD033630,361380637,Mujtaba Grills,restaurant,Food,17.457270180000002,78.49562834000001,7702786453,37.349,Normal
HYD033631,10171328869,Mukka Mudda,restaurant,Food,17.450138,78.391885,1302063230,31.097,Normal
HYD033632,1465001194,Multi Cuisine Restaurant baghlingampally,restaurant,Food,17.39752644,78.4979147,4176203831,8.978,Normal
HYD033633,5608451368,Mumtaz Restaurant,restaurant,Food,17.4199404,78.5165057,2234500134,20.767,Normal
HYD033634,7025820810,Mustard,restaurant,Food,17.4369759,78.3891408,3602302177,15.606,Normal
HYD033635,5485690539,Mysore Cafe,restaurant,Food,17.4076028,78.476885,3098826725,17.909,Normal
HYD033636,538425769,Mythri Restaurant and Bar,restaurant,Food,17.4370495,78.4446481,7713110406,9.403,Normal
HYD033637,6710912131,NR Anand Tiffins,restaurant,Food,17.4417292,78.4990869,4317365437,11.371,Normal
HYD033638,10790477557,Naatu,restaurant,Food,17.4299749,78.4110349,3146873011,10.719,Normal
HYD033639,12536226041,Naga Bhushana Mess,restaurant,Food,17.4739189,78.5702751,9635015411,25.097,Normal
HYD033640,7021303735,Naidu Gari Ruchulu,restaurant,Food,17.4495149,78.3854475,319535610,49.778,Normal
HYD033641,6575273087,Naksathra Family Restaurant,restaurant,Food,17.4077923,78.5863452,7701439474,17.758,Normal
HYD033642,1038397980,Nakshatra,restaurant,Food,17.4409765,78.4879985,12243729764,20.985,Normal
HYD033643,7021303737,Nala Bhimas Restaurant,restaurant,Food,17.4348953,78.3937529,827576070,18.694,Normal
HYD033644,889676523,Nanking,restaurant,Food,17.4421971,78.4903362,11068200865,20.154,Normal
HYD033645,8386167910,Nanking CR,restaurant,Food,17.4540334,78.4987403,3598265014,46.362,Normal
HYD033646,3943151562,Napasang restaurant,restaurant,Food,17.4414984,78.359597,1311002988,19.448,Normal
HYD033647,6693360858,Naseeb Kalyani Biryani,restaurant,Food,17.3939854,78.4426792,10100669505,9.161,Normal
HYD033648,459277537,Nature's Hub,restaurant,Food,17.35325446,78.33770548,7637952879,28.048,Normal
HYD033649,626897404,Nayab Hotel,restaurant,Food,17.3695304,78.4768575,2180797323,15.712,Normal
HYD033650,11736410527,Nayudu Gari Kunda Biriyani,restaurant,Food,17.4940506,78.3943965,1428985381,22.025,Normal
HYD033651,10178228307,Nectar Kitchen & Bar,restaurant,Food,17.4384489,78.3990271,1836662476,15.706,Normal
HYD033652,626897364,New Grand Restaurent,restaurant,Food,17.3745682,78.47601,2178366610,18.749,Normal
HYD033653,6700697489,New Sagar Restaurant & Bakers,restaurant,Food,17.5145394,78.4469824,2852572165,20.441,Normal
HYD033654,1883475067,Noodles King,restaurant,Food,17.430205,78.4418828,7682659578,5.871,Normal
HYD033655,6581444879,Nova Banquet Hall,restaurant,Food,17.4161733,78.5657547,2841168861,31.41,Normal
HYD033656,8909248520,Oh My Grill,restaurant,Food,17.4422359,78.4323511,6580308834,10.352,Normal
HYD033657,11597374603,Oh! Calcutta,restaurant,Food,17.4528112,78.3803019,321717620,19.342,Normal
HYD033658,3249987884,Ohri's,restaurant,Food,17.4324398,78.4644271,3598257319,26.937,Normal
HYD033659,7248877416,Ohri's Nautankigalli,restaurant,Food,17.4446507,78.376725,13363130890,18.001,Normal
HYD033660,2590035130,Ohri's Restaurant,restaurant,Food,17.4354982,78.4577331,14105330058,23.006,Normal
HYD033661,2352108916,Ohris,restaurant,Food,17.4083441,78.4390226,3167938438,17.565,Normal
HYD033662,349270034,Olive Garden,restaurant,Food,17.4450343,78.3859699,1836644107,15.295,Normal
HYD033663,4729118789,Olive Kitchen,restaurant,Food,17.4427579,78.3557117,4729118789,0.0,Normal
HYD033664,4614311148,Om Siddhi Vinayak Tiffin Centre,restaurant,Food,17.440592,78.4820593,3182218445,19.891,Normal
HYD033665,5695960522,Omer hotel,restaurant,Food,17.331993,78.4905578,306609495,2.73,Normal
HYD033666,960681062,One Drive In,restaurant,Food,17.4344426,78.4131373142857,11038796547,9.976,Normal
HYD033667,331631419,One Place,restaurant,Food,17.49577076,78.40041798,13395158691,35.956,Normal
HYD033668,10280159819,Onesta Pizza,restaurant,Food,17.4151736,78.4501743,13728029918,24.254,Normal
HYD033669,7021303730,Onesta Restaurant,restaurant,Food,17.4492551,78.3858169,319535610,20.145,Normal
HYD033670,7025820825,Organic Thali kitchen,restaurant,Food,17.4476207,78.3910935,7008930794,24.43,Normal
HYD033671,356520827,Orleans chamber,restaurant,Food,17.41623466,78.4938597,2460272643,22.101,Normal
HYD033672,9626951877,Ottoman's Cafe,restaurant,Food,17.5096392,78.318092,13731618848,19.11,Normal
HYD033673,7025820891,Oven Italia,restaurant,Food,17.4416678,78.3912208,1323570088,51.248,Normal
HYD033674,1215250883,Oysters Blue,restaurant,Food,17.4582319,78.3661208,10573065561,6.438,Normal
HYD033675,901041083,PANCHABHAKSHYA,restaurant,Food,17.48130174,78.39363485999999,6390118370,25.001,Normal
HYD033676,5261952123,Paaka Organic Cafe,restaurant,Food,17.4736881,78.2970565,2225276959,17.535,Normal
HYD033677,355885219,Paaka Organic Cafe,restaurant,Food,17.473770039999998,78.29697050000001,2225276959,27.1,Normal
HYD033678,928699178,Pakwaan,restaurant,Food,17.455822,78.4849223,1866937016,6.102,Normal
HYD033679,7248877412,Pakwan Grand,restaurant,Food,17.4260706,78.3771794,3602300138,18.08,Normal
HYD033680,6259475585,Palamuri Grill,restaurant,Food,17.4522477,78.3850331,6153353041,39.83,Normal
HYD033681,4680378091,Palamuru Grill,restaurant,Food,17.4698617,78.3659233,11508069340,12.926,Normal
HYD033682,6983255280,Palamuru Grill,restaurant,Food,17.3693586,78.4286934,11482652073,24.864,Normal
HYD033683,13285248842,Palleturi Dosa,restaurant,Food,17.4484768,78.3591308,1692848886,21.355,Normal
HYD033684,5957452586,Pan Shop,restaurant,Food,17.444902,78.3866088,349270026,15.748,Normal
HYD033685,12848339177,Panjab Restaurant,restaurant,Food,17.420262,78.3480373,7100568669,18.169,Normal
HYD033686,2708177366,Papaji Dhaba,restaurant,Food,17.3976133,78.5119828,1316842962,10.024,Normal
HYD033687,3159028268,Paradise,restaurant,Food,17.4506148,78.3791786,3602306764,16.86,Normal
HYD033688,3387486482,Paradise,restaurant,Food,17.4928896,78.4045926,14182365036,23.032,Normal
HYD033689,4410193889,Paradise,restaurant,Food,17.3608547,78.5445611,4036256271,19.035,Normal
HYD033690,4705398998,Paradise,restaurant,Food,17.442275,78.3564842,1702560035,27.253,Normal
HYD033691,5405056231,Paradise,restaurant,Food,17.4424212,78.3564904,4132219730,24.461,Normal
HYD033692,7248877414,Paradise,restaurant,Food,17.4415418,78.3764401,1323672798,45.06,Normal
HYD033693,13535866503,Paradise,restaurant,Food,17.3620903,78.4750701,8651547258,33.292,Normal
HYD033694,357140975,Paradise,restaurant,Food,17.412203922222222,78.46551319444444,10301873367,33.499,Normal
HYD033695,7244300075,Paradise - Take Away,restaurant,Food,17.4413765,78.4481893,12143967951,9.704,Normal
HYD033696,1642224750,Paradise Biriyani,restaurant,Food,17.4506315,78.3792865,3602306714,13.252,Normal
HYD033697,5541577061,Paradise Biryani,restaurant,Food,17.4078725,78.5978842,11801932510,29.428,Normal
HYD033698,6212803090,Paradise Biryani,restaurant,Food,17.4443541,78.4625019,11032078845,18.788,Normal
HYD033699,274798850,Paradise Hotel,restaurant,Food,17.44159884210526,78.48719902631579,12724785048,30.205,Normal
HYD033700,13707220102,Paradise Secunderabad,restaurant,Food,17.4414783,78.4873114,2794664324,15.361,Normal
HYD033701,2496730519,Paradise Takeaway,restaurant,Food,17.4038833,78.4528537,309713923,25.668,Normal
HYD033702,10821080199,Paradise restaurant,restaurant,Food,17.3989789,78.5606257,2236889776,19.235,Normal
HYD033703,3554603086,Parathas,restaurant,Food,17.4620094,78.3672971,1699091394,16.873,Normal
HYD033704,2653184588,Parivaar,restaurant,Food,17.4768144,78.5636477,9713035759,10.432,Normal
HYD033705,8990527811,Parivar Vegetarian,restaurant,Food,17.4775136,78.5617881,978107751,39.246,Normal
HYD033706,11939039300,Park View Restaurant,restaurant,Food,17.2164305,78.5279073,6395334273,40.824,Normal
HYD033707,13198367702,Patiala Plate,restaurant,Food,17.4421906,78.356953,1753608445,19.657,Normal
HYD033708,6218822186,Paya House,restaurant,Food,17.40827,78.4464787,309713861,31.156,Normal
HYD033709,13965391468,Pepper Green,restaurant,Food,17.426317,78.3292152,7673571802,18.596,Normal
HYD033710,1866946857,Pepper Pods,restaurant,Food,17.4649189,78.5033276,13397597124,31.336,Normal
HYD033711,6187870086,Peshawar,restaurant,Food,17.402817,78.4615197,2177311060,10.589,Normal
HYD033712,1416850704,Pickles,restaurant,Food,17.4412663,78.5003508,3598259999,20.972,Normal
HYD033713,733460791,Pine,restaurant,Food,17.455487916666666,78.37326786666667,4173995226,17.745,Normal
HYD033714,7113622287,Pista House,restaurant,Food,17.4979831,78.3903661,3602322235,19.603,Normal
HYD033715,7246751304,Pista House,restaurant,Food,17.479428,78.5573856,2653237545,13.805,Normal
HYD033716,10790318144,Pista House,restaurant,Food,17.4316137,78.3720027,7658763816,8.128,Normal
HYD033717,13747582801,Pista House Restaurant,restaurant,Food,17.4319256,78.6085147,7712750376,13.364,Normal
HYD033718,12536226069,Pithapuram Chicken Pakodi,restaurant,Food,17.4758162,78.5675276,9910994740,16.272,Normal
HYD033719,1275490943,Pizza Hut,restaurant,Food,17.4453139,78.3863774,289517381,27.088,Normal
HYD033720,1891013314,Pizza Hut,restaurant,Food,17.4222264,78.4652978,289414475,17.188,Normal
HYD033721,3777430735,Pizza Hut,restaurant,Food,17.422834,78.4622619,1762335425,11.632,Normal
HYD033722,5405056143,Pizza Hut,restaurant,Food,17.4414476,78.3589374,701228148,20.242,Normal
HYD033723,6652949193,Pizza Hut,restaurant,Food,17.4075353,78.4423439,3167938421,17.909,Normal
HYD033724,7035236529,Pizza Hut,restaurant,Food,17.4346142,78.386904,13313072583,36.813,Normal
HYD033725,7244029378,Pizza Hut,restaurant,Food,17.4070024,78.3835968,3579913538,14.877,Normal
HYD033726,8465488366,Pizza Hut,restaurant,Food,17.5157199,78.4808926,7688266353,11.056,Normal
HYD033727,11358156636,Pizza Hut,restaurant,Food,17.4984318,78.3879839,7695620472,13.837,Normal
HYD033728,11447318961,Pizza Hut,restaurant,Food,17.3934903,78.3405885,2244916321,16.844,Normal
HYD033729,13536769326,Pizza Hut,restaurant,Food,17.4308915,78.4211849,12136802560,25.349,Normal
HYD033730,6822126575,Pizza Time,restaurant,Food,17.3659779,78.5521936,1596680187,22.451,Normal
HYD033731,1500229722,Plaza,restaurant,Food,17.45726538888889,78.3657222111111,12395474330,31.217,Normal
HYD033732,5160665781,President Dhaba,restaurant,Food,17.4500761,78.3858133,3602306626,21.996,Normal
HYD033733,10790483074,President Dhaba,restaurant,Food,17.4299533,78.4113857,5675328466,17.592,Normal
HYD033734,6693360857,Prince Hotel,restaurant,Food,17.3945727,78.4422032,6154498222,43.965,Normal
HYD033735,8990526578,Protein And More,restaurant,Food,17.4791672,78.5592154,2653200637,20.465,Normal
HYD033736,5405058516,Pulav curry rice,restaurant,Food,17.4378258,78.3656803,11306749936,8.596,Normal
HYD033737,1224527821,Punjabi Rasoi AC,restaurant,Food,17.4389632,78.3642986,1304459599,16.56,Normal
HYD033738,6937779968,Punjabi Tadka,restaurant,Food,17.462468,78.365615,2232093466,19.211,Normal
HYD033739,8230990105,Qutub Shahi Kitchens,restaurant,Food,17.4059102,78.5563744,10185519516,16.545,Normal
HYD033740,6822126538,R Royal Bawarchi Restaurant,restaurant,Food,17.417565,78.631319,3598303596,22.736,Normal
HYD033741,331355959,RAGHAVENDRA TIFFINS,restaurant,Food,17.39924404,78.51224814,2236747802,22.546,Normal
HYD033742,10262078608,REDDY'S KITCHEN,restaurant,Food,17.4506922,78.5332087,3598263839,36.721,Normal
HYD033743,13287712047,RS Dhaba Restaurant,restaurant,Food,17.4511433,78.3695527,1299834570,10.173,Normal
HYD033744,8465488365,Raaga,restaurant,Food,17.5160498,78.4812051,2434152073,34.115,Normal
HYD033745,6765562767,Raghavedndra Vegitarian,restaurant,Food,17.4292749,78.5155821,11502335558,10.559,Normal
HYD033746,1164100703,Raghavendra Tiffin Centre,restaurant,Food,17.401239699999998,78.56124224,9870003669,16.534,Normal
HYD033747,7008120224,Raja Rani Ruchulu,restaurant,Food,17.4910941,78.4075166,7097540939,12.044,Normal
HYD033748,5409161322,Raja Vari Ruchulu,restaurant,Food,17.4885942,78.4136657,3602317235,16.821,Normal
HYD033749,10171342017,Raju Gari Biriyani,restaurant,Food,17.4462141,78.3921748,7010558505,35.733,Normal
HYD033750,7244029373,Rajugari Pulav,restaurant,Food,17.4069621,78.3923977,2795871629,10.171,Normal
HYD033751,9732460760,Ram Ki Bandi,restaurant,Food,17.4846053,78.5526357,662742392,19.59,Normal
HYD033752,356482415,Rambharosa Tiffins,restaurant,Food,17.387637979999997,78.49023509999999,11555946881,7.62,Normal
HYD033753,4407603692,Rams Dosa,restaurant,Food,17.4232992,78.4292804,11568407221,13.001,Normal
HYD033754,6653388785,Ramus tiffins amd roti center,restaurant,Food,17.4945393,78.3212228,4169678451,36.82,Normal
HYD033755,4196826123,Rang Rasiya,restaurant,Food,17.4409028,78.4859077,7699838788,53.113,Normal
HYD033756,6133852987,Rao's Guest House,restaurant,Food,17.5030312,78.5126598,7072436794,14.006,Normal
HYD033757,7611073843,Rasooi Ghar,restaurant,Food,17.4580968,78.3645179,6802921917,31.744,Normal
HYD033758,7246751300,Ratna pure veg,restaurant,Food,17.4738785,78.5707499,9635015413,26.54,Normal
HYD033759,2052606568,Rayalaseema Ruchulu,restaurant,Food,17.4029099,78.4629818,7097856736,9.743,Normal
HYD033760,5970759667,Rayalaseema Ruchulu,restaurant,Food,17.4466084,78.38426,12215761669,25.075,Normal
HYD033761,7171334823,Rayudu family restarant,restaurant,Food,17.454076,78.4234206,6353875509,24.052,Normal
HYD033762,10171328862,Red Bucket,restaurant,Food,17.4516821,78.392479,3602307066,23.422,Normal
HYD033763,10806671031,Red Bucket,restaurant,Food,17.4897612,78.60148,6390373726,8.043,Normal
HYD033764,10687757496,Red Bucket Biryani,restaurant,Food,17.4686067,78.5439742,2225283283,32.022,Normal
HYD033765,10821080200,Red Bucket biryani,restaurant,Food,17.3993379,78.5605347,14065865609,20.54,Normal
HYD033766,7244480642,Reddy's tiffin center,restaurant,Food,17.3926284,78.4379201,3579910560,26.369,Normal
HYD033767,7244480649,Reddy's tiffin center,restaurant,Food,17.3944178,78.4352303,1312715041,16.475,Normal
HYD033768,6593421979,Renuka Food Panzer Chicken Food Court,restaurant,Food,17.4208591,78.5647626,310446961,28.988,Normal
HYD033769,7027716893,Restaurant Guest Wifi Solutions,restaurant,Food,17.4508318,78.3947564,13130552624,28.736,Normal
HYD033770,2606351757,Rock Castle,restaurant,Food,17.4209782,78.4424101,312822838,21.771,Normal
HYD033771,5405056232,Rock deal restaurant  and bar,restaurant,Food,17.4415779,78.3585643,4134970301,13.031,Normal
HYD033772,1452415913,Roll Cal,restaurant,Food,17.4596243,78.3659996,3174139170,16.813,Normal
HYD033773,4214136895,Roti Wala,restaurant,Food,17.4395391,78.4481,2403853070,13.198,Normal
HYD033774,7642365583,Royal Reve Hotel,restaurant,Food,17.4412556,78.5005765,3598259999,25.69,Normal
HYD033775,3554603087,Rumaan,restaurant,Food,17.359637,78.4711997,13284643610,9.295,Normal
HYD033776,6822126525,SHIVANYA RESTAURANT,restaurant,Food,17.4325622,78.4460138,3598257353,8.062,Normal
HYD033777,6822126615,SITARA FOODS,restaurant,Food,17.443536,78.433898,351827216,24.751,Normal
HYD033778,11597256218,SO - The Sky Kitchen,restaurant,Food,17.4161279,78.416848,2573450850,16.064,Normal
HYD033779,8465488367,SPG Grand,restaurant,Food,17.5156035,78.4811153,2782950410,36.574,Normal
HYD033780,2708172405,SRR Dickys,restaurant,Food,17.397087,78.51172,636405426,16.197,Normal
HYD033781,11414945481,SVR Grand Family Restaurant,restaurant,Food,17.409772,78.4872348,5486709288,11.581,Normal
HYD033782,1452411994,SWAAD,restaurant,Food,17.360115639999997,78.5609024,1596025138,22.079,Normal
HYD033783,10836288174,Saba Cafe,restaurant,Food,17.3763917,78.4308518,1321988156,17.901,Normal
HYD033784,9918563535,Sagar's Kitchen,restaurant,Food,17.5163706,78.3571118,663127085,23.66,Normal
HYD033785,7463187079,Sahara Restaurant,restaurant,Food,17.496319,78.4551062,6734018289,15.102,Normal
HYD033786,890311840,Sahib Sindh Sultan,restaurant,Food,17.415128,78.4492107,888524586,34.203,Normal
HYD033787,6822126568,Sai Balaji Tiffins,restaurant,Food,17.4388279,78.4370548,353688560,30.542,Normal
HYD033788,6684817721,Sai Darshini,restaurant,Food,17.4419503,78.4404,3195196226,5.766,Normal
HYD033789,8107751448,Sai Darshini,restaurant,Food,17.442097,78.4408275,1752697674,11.226,Normal
HYD033790,8909248526,Sai Durga Family Restuarant,restaurant,Food,17.4440228,78.43349,4185218454,23.957,Normal
HYD033791,7021303731,Sambal,restaurant,Food,17.4378342,78.3884652,314924667,23.553,Normal
HYD033792,576964691,Sampoorna,restaurant,Food,17.41014434,78.60450336000001,3598400196,24.533,Normal
HYD033793,7025820753,Sampradaya Ruchulu Restaurant,restaurant,Food,17.4385383,78.3902999,6994597376,15.756,Normal
HYD033794,5692072169,Sampradhaya curry point,restaurant,Food,17.446934,78.3918229,1302063233,31.71,Normal
HYD033795,7043416947,Samskruthi Hotel,restaurant,Food,17.4507279,78.3642689,1310978829,34.701,Normal
HYD033796,536886955,Sanchalan Bhavan Canteen,restaurant,Food,17.438001495,78.50967776999998,12850800738,39.156,Normal
HYD033797,6765562772,Sandarshini Udipi Veg,restaurant,Food,17.4214948,78.5172782,9959179240,6.598,Normal
HYD033798,7244260608,Sandwich Eatery,restaurant,Food,17.494811,78.3561061,11032224295,27.731,Normal
HYD033799,3490099034,Sangeetha fine dining restaurant,restaurant,Food,17.4958789,78.3382423,11502901766,27.145,Normal
HYD033800,7025820906,Sanjha Chulha Punjabi Food Joint,restaurant,Food,17.4415069,78.3888758,3602303036,11.021,Normal
HYD033801,2466623373,Sanman,restaurant,Food,17.4266155,78.5315172,13441737778,17.18,Normal
HYD033802,6847914720,Sanman Tiffins,restaurant,Food,17.45333,78.434959,1746904145,26.428,Normal
HYD033803,2261567007,Santhosh Dhaba,restaurant,Food,17.3871359,78.4776933,3155595082,24.886,Normal
HYD033804,7243983830,Santhosh Family Dhaba,restaurant,Food,17.4138568,78.3948337,9987395851,32.284,Normal
HYD033805,6255329590,Santosh Daba,restaurant,Food,17.3911253,78.4776842,3612564943,16.274,Normal
HYD033806,6209990587,Santosh Dabha,restaurant,Food,17.4057876,78.4650934,3612571456,26.181,Normal
HYD033807,6222399986,Santosh Dabha,restaurant,Food,17.4018978,78.4624939,2847726870,35.56,Normal
HYD033808,2708121233,Santosh Dhaba,restaurant,Food,17.3921507,78.5106188,10682269359,30.863,Normal
HYD033809,7473097036,Santosh Dhaba,restaurant,Food,17.398302,78.5604673,13575308815,22.166,Normal
HYD033810,5405056315,Santosh dhaba,restaurant,Food,17.4410918,78.3605047,10017619567,32.359,Normal
HYD033811,9605300297,Santosh family dhaba,restaurant,Food,17.4894064,78.3143474,11890730743,20.302,Normal
HYD033812,12852271071,Sara restaurant,restaurant,Food,17.4142026,78.4809258,3612575800,49.251,Normal
HYD033813,4705388500,Sardarji's Dhaba,restaurant,Food,17.4419765,78.3571717,1753608445,20.538,Normal
HYD033814,878278853,Sarvi Cafe,restaurant,Food,17.4128658,78.4497203,3146860398,27.03,Normal
HYD033815,12422483853,Sarvi Restaurant,restaurant,Food,17.4051691,78.4518056,2855073280,16.626,Normal
HYD033816,13536807336,Sarvi Restaurant,restaurant,Food,17.4129094,78.4497861,3146860398,20.285,Normal
HYD033817,13737407382,Saudi Arebian restaurant,restaurant,Food,17.4384384,78.4485033,3598259237,34.066,Normal
HYD033818,776390925,Savage Chinese and American Bistro,restaurant,Food,17.3310274,78.57039225999999,11050276618,9.621,Normal
HYD033819,7243928590,Savage Chinese and American Bistroo,restaurant,Food,17.3309905,78.5704094,11050276618,11.695,Normal
HYD033820,2708158479,Seasons,restaurant,Food,17.3948399,78.5111571,6559289723,16.719,Normal
HYD033821,12976196537,Seven Sisters,restaurant,Food,17.4682741,78.3757716,7712350006,20.246,Normal
HYD033822,8387157865,Shade,restaurant,Food,17.4034209,78.5144472,11837327457,43.116,Normal
HYD033823,7248877413,Shah Ghouse,restaurant,Food,17.4266793,78.3764491,7133805380,34.276,Normal
HYD033824,626897569,Shahran hotel,restaurant,Food,17.3596267,78.4740709,8820908673,5.767,Normal
HYD033825,7025820813,Shake Stories,restaurant,Food,17.4475218,78.3944099,1323556568,33.449,Normal
HYD033826,487804834,Shanbhag Restaurant,restaurant,Food,17.4030548,78.4764469,3098746548,13.898,Normal
HYD033827,2708250165,Shanti Deluxe,restaurant,Food,17.3992361,78.5126914,2237001668,30.838,Normal
HYD033828,1385721771,Sher-e-Punjab Dhaba,restaurant,Food,17.43857662,78.45219244,7695184283,16.817,Normal
HYD033829,6652949189,Sherton Restaurant,restaurant,Food,17.3811865,78.4845983,2180797400,17.66,Normal
HYD033830,2542979700,Shiva Ganga Resturant,restaurant,Food,17.370084,78.5199818,2244119595,40.952,Normal
HYD033831,12854573905,Shivanand Hotel,restaurant,Food,17.3818264,78.5181507,3184095115,14.6,Normal
HYD033832,7025820902,Shree Santhosh Family Dhaba,restaurant,Food,17.4416446,78.3906575,3382677459,29.456,Normal
HYD033833,10262331700,Shri golden palace,restaurant,Food,17.3831846,78.4382254,11101274940,32.564,Normal
HYD033834,12006457188,Shubham Palace,restaurant,Food,17.3871442,78.3404293,13360816280,22.695,Normal
HYD033835,13409224011,Si Nonna's,restaurant,Food,17.4202396,78.3796007,11069049540,13.878,Normal
HYD033836,6855217386,Siddique Kebab,restaurant,Food,17.4610271,78.3664467,3469206699,12.788,Normal
HYD033837,776426191,Silver Bawarchi restaurant,restaurant,Food,17.540130480000006,78.23205332,12311363102,30.448,Normal
HYD033838,7021303736,Simhapuri Deluxe,restaurant,Food,17.4513665,78.3866436,6947498937,30.655,Normal
HYD033839,5405055453,Simply south,restaurant,Food,17.4426689,78.3571426,11041703515,6.658,Normal
HYD033840,6581371259,Singh Foods,restaurant,Food,17.4207015,78.5712618,3598304398,21.361,Normal
HYD033841,2352106017,Sitara,restaurant,Food,17.4071411,78.440372,3167938428,19.914,Normal
HYD033842,6255631790,Sitara,restaurant,Food,17.4308673,78.4478006,9392367036,12.669,Normal
HYD033843,2217950120,Sitara Grand,restaurant,Food,17.3458931,78.5525297,11032181669,26.559,Normal
HYD033844,6822126528,Siva Sai Biryani Point,restaurant,Food,17.495962,78.452397,3153705072,21.072,Normal
HYD033845,6847914860,Siva Sai Biryani Point,restaurant,Food,17.495959,78.452407,3153705072,22.004,Normal
HYD033846,13026159670,Smoke shack,restaurant,Food,17.536817,78.4903662,11482317284,47.233,Normal
HYD033847,1303942376,Snap Mandi,restaurant,Food,17.328554824999998,78.605770625,7673398349,14.983,Normal
HYD033848,5965559685,Soma's Kitchen,restaurant,Food,17.4442825,78.3879877,3706807530,9.657,Normal
HYD033849,660914316,Something Fishy,restaurant,Food,17.4314951,78.3887075,13336054287,6.979,Normal
HYD033850,7007941046,Southern Kitchen,restaurant,Food,17.4948258,78.3397752,3164238301,26.835,Normal
HYD033851,662721790,Southern Spice,restaurant,Food,17.4271464,78.4443444,1948596024,15.876,Normal
HYD033852,7021303732,Southwok Restaurant,restaurant,Food,17.4378381,78.3871372,352765197,14.737,Normal
HYD033853,10806671084,Special Tiffins,restaurant,Food,17.5016884,78.5890001,989991645,14.033,Normal
HYD033854,1215243542,Spice Village,restaurant,Food,17.4619106,78.3668939,3174141040,19.312,Normal
HYD033855,1909499642,SpiceTribe,restaurant,Food,17.439117,78.3977184,7045983216,38.82,Normal
HYD033856,6009842126,Spicy Hub,restaurant,Food,17.4448983,78.3873777,7035236621,13.773,Normal
HYD033857,232954418,Spicy Hub,restaurant,Food,17.365515900000002,78.54307544,11490968711,31.034,Normal
HYD033858,4978782272,Spicy Restaurant,restaurant,Food,17.3677286,78.5789072,3598388998,34.11,Normal
HYD033859,7025820793,Sree Uma Grand - Multicuisine Restaurant,restaurant,Food,17.4427049,78.3930518,10539836325,12.91,Normal
HYD033860,7570696449,Sri Balaji Exclusive Dhaba,restaurant,Food,17.4730351,78.510362,5486693578,25.709,Normal
HYD033861,8232796799,Sri Balaji Veg,restaurant,Food,17.3736286,78.5025092,11947530481,8.688,Normal
HYD033862,340062816,Sri Forum Food Court,restaurant,Food,17.48505105,78.38931058333334,1053669811,26.322,Normal
HYD033863,6771713700,Sri Kanya Comfort,restaurant,Food,17.4296516,78.4554308,3154066593,17.707,Normal
HYD033864,12536257515,Sri Lakshmi Restaurant,restaurant,Food,17.4734875,78.5700291,3164348468,26.271,Normal
HYD033865,12541130567,Sri Lakshmi Restaurant,restaurant,Food,17.4735501,78.5700593,3164348468,23.86,Normal
HYD033866,4398614589,Sri Navayuga Hotel,restaurant,Food,17.4955258,78.3321063,2228839528,23.332,Normal
HYD033867,7836389749,Sri Raghavendra Bhavan Udipi,restaurant,Food,17.4948857,78.3532779,13386200369,23.752,Normal
HYD033868,8230990104,Sri Raghavendra Hotel,restaurant,Food,17.4060452,78.5559104,2236889871,24.539,Normal
HYD033869,6765562773,Sri Raghavendra Udipi Veg,restaurant,Food,17.4295332,78.5126616,308796504,11.352,Normal
HYD033870,9370052913,Sri Ratna,restaurant,Food,17.5007522,78.5862131,3550380915,26.538,Normal
HYD033871,7025820893,Sri Sai Venkateshwara Hotel,restaurant,Food,17.4415454,78.3912131,3205716958,38.629,Normal
HYD033872,12536226071,Sri Venkataeswara tiffins,restaurant,Food,17.4755313,78.5676812,3164348463,17.949,Normal
HYD033873,13437025128,Sri Venkateshwara tiffin center,restaurant,Food,17.3662999,78.3924205,2744203932,11.825,Normal
HYD033874,13285248838,Sri Vindha Tiffins,restaurant,Food,17.4488664,78.3573731,4331819853,29.288,Normal
HYD033875,12695800228,Stellar Reserve,restaurant,Food,17.4226437,78.4109735,11566603667,4.361,Normal
HYD033876,13285248836,Subhodayam Tiffins,restaurant,Food,17.4485112,78.3566326,1692848881,12.596,Normal
HYD033877,902311097,Subway,restaurant,Food,17.4432714,78.4787687,12704444048,15.183,Normal
HYD033878,5614675921,Subway,restaurant,Food,17.404322,78.515251,12100248838,13.549,Normal
HYD033879,6822126628,Sudha Hotel,restaurant,Food,17.464378,78.450946,11037150201,4.917,Normal
HYD033880,360984446,Sukha Sagara,restaurant,Food,17.46411068,78.49170732,11056469428,18.183,Normal
HYD033881,6372375643,SunRise food court,restaurant,Food,17.375825,78.5409039,2241233171,27.426,Normal
HYD033882,7025820821,Super Lean Meals,restaurant,Food,17.4516412,78.3924843,3602307066,25.637,Normal
HYD033883,8110991126,Suprabath Tiffins,restaurant,Food,17.4294109,78.5519368,1939389701,8.472,Normal
HYD033884,4486627616,Suprabhat Tiffins,restaurant,Food,17.4412523,78.4484844,2403853105,21.066,Normal
HYD033885,8111070732,Surabhi Bar and Restaurant,restaurant,Food,17.4285032,78.5511175,13410020989,20.104,Normal
HYD033886,2835242778,Surabhi Restaurant,restaurant,Food,17.4552469,78.4227224,6297948166,22.91,Normal
HYD033887,10279697199,Surabhi Restaurant,restaurant,Food,17.3401442,78.5636522,11032123240,11.215,Normal
HYD033888,13707166668,Surabhi Udupi Veg Restaurant,restaurant,Food,17.4417164,78.4866022,13959484858,14.912,Normal
HYD033889,4548771589,Swaadh Dine,restaurant,Food,17.4638004,78.3471872,11042136365,25.905,Normal
HYD033890,1199766652,Swach,restaurant,Food,17.455150059999998,78.38442255999999,12098492830,11.826,Normal
HYD033891,675646780,Swagath,restaurant,Food,17.4062114,78.496159,3612571676,3.946,Normal
HYD033892,3387327055,Swagath Grand,restaurant,Food,17.4931585,78.4038869,1437305488,14.879,Normal
HYD033893,6629546524,Swagath Multicuise Family Restaurant,restaurant,Food,17.4101931,78.585927,3598400238,14.453,Normal
HYD033894,4711427792,Swagath Restaurant,restaurant,Food,17.4160054,78.4108236,11045868805,12.521,Normal
HYD033895,4985144421,Swanthi curry restaurant,restaurant,Food,17.39007,78.4922121,3612564205,24.281,Normal
HYD033896,12972335836,Swaraaj military hotel,restaurant,Food,17.4581003,78.3716247,12992046226,19.892,Normal
HYD033897,11033994406,Swathi Tiffins,restaurant,Food,17.4254886,78.4573098,1779040757,12.342,Normal
HYD033898,4980149821,Sweekar,restaurant,Food,17.3901808,78.4908195,7712430320,40.588,Normal
HYD033899,2712663887,Sweekar Tiffins,restaurant,Food,17.4122874,78.488786,4262209007,16.818,Normal
HYD033900,616591249,Sweet Heart,restaurant,Food,17.540565536363637,78.23239728181818,10129553315,29.208,Normal
HYD033901,1365116006,Sweet Nirvana,restaurant,Food,17.4363967,78.3972659,314925128,19.746,Normal
HYD033902,13437133815,Syla Terrace Kitchen,restaurant,Food,17.3588791,78.3874902,11809180965,34.048,Normal
HYD033903,1249553644,T Grill,restaurant,Food,17.414752059999998,78.3327332,11064166596,43.158,Normal
HYD033904,6268103691,T-grill,restaurant,Food,17.4425382,78.3961507,3602303419,28.569,Normal
HYD033905,11358156630,TGI Fridays,restaurant,Food,17.4837372,78.3889703,6150020414,42.615,Normal
HYD033906,756209350,TRP Resturant,restaurant,Food,17.50740522,78.35411495999999,11524119487,17.433,Normal
HYD033907,12972335840,Taara South Indian Kitchen,restaurant,Food,17.4573947,78.3720037,11135455840,28.373,Normal
HYD033908,8195791311,Tabala,restaurant,Food,17.4010913,78.5789058,11505387615,20.992,Normal
HYD033909,4979122956,Tabla Nagole,restaurant,Food,17.3574887,78.5575371,11985407117,26.803,Normal
HYD033910,7936153755,Tabla Restaurant,restaurant,Food,17.4964545,78.3971777,7941904406,26.776,Normal
HYD033911,3619374555,Taj Mahal Hotel,restaurant,Food,17.391896,78.4768306,3155595081,18.503,Normal
HYD033912,1215744396,Tasty Food TamilNadu cuisine,restaurant,Food,17.46463,78.3663797,3602309444,16.982,Normal
HYD033913,9914161642,Tasty Touch,restaurant,Food,17.3311371,78.5881597,2724686910,16.73,Normal
HYD033914,8386503704,Tasty Train,restaurant,Food,17.4970079,78.3357668,1705510712,49.319,Normal
HYD033915,635576797,Tawah,restaurant,Food,17.4028328,78.5100052,3612570337,17.389,Normal
HYD033916,3943151563,Telahu,restaurant,Food,17.445775,78.3775213,314941039,13.277,Normal
HYD033917,356458936,Telangana Spice Kitchen Bar&Grill,restaurant,Food,17.4287285,78.4197403,7237981276,25.741,Normal
HYD033918,9370052907,Terrace grill,restaurant,Food,17.4795433,78.5586367,2653201691,26.837,Normal
HYD033919,13290104807,Terracotta Italian Kitchen,restaurant,Food,17.2355125,78.434314,9758851872,82.332,Normal
HYD033920,1948590601,Thai Express,restaurant,Food,17.4265983,78.4382251,1880347583,22.267,Normal
HYD033921,9918563534,The 7 Hills Restaurant and Bar,restaurant,Food,17.5172874,78.3577226,11484416544,35.958,Normal
HYD033922,7025820897,The Adda,restaurant,Food,17.4415331,78.3906461,3205724264,27.77,Normal
HYD033923,12992920831,The Arabian Nights Mandi Restaurant,restaurant,Food,17.4919088,78.610036,2795779058,26.922,Normal
HYD033924,6822126639,The Burger chefs,restaurant,Food,17.494393,78.3459475,3602320918,19.299,Normal
HYD033925,7025820916,The Burrito Bowl,restaurant,Food,17.4414119,78.3880408,3164043340,22.077,Normal
HYD033926,10836288192,The Chocolate Room,restaurant,Food,17.3699047,78.428839,11313445489,5.551,Normal
HYD033927,1883409259,The Clay Pot,restaurant,Food,17.425069,78.4213612,1948582447,25.476,Normal
HYD033928,6594823489,The English Cafe,restaurant,Food,17.4242094,78.3439979,10081763568,17.928,Normal
HYD033929,7114016585,The Exotic Shawarma,restaurant,Food,17.3934672,78.438927,2859817628,15.535,Normal
HYD033930,1233766285,The Fisherman's Wharf,restaurant,Food,17.411076254545456,78.33182397272726,7129591439,39.028,Normal
HYD033931,412935840,The Glass Onion,restaurant,Food,17.432030145833334,78.35441414583333,7687078436,15.33,Normal
HYD033932,416986626,The Hive Drive In,restaurant,Food,17.484037960000002,78.38099468,11586122740,23.423,Normal
HYD033933,6997870508,The Hoppery,restaurant,Food,17.4300591,78.3911379,6506500572,173.981,Extended
HYD033934,7025820823,The London Shakes,restaurant,Food,17.4513469,78.3917665,7733079841,55.699,Normal
HYD033935,13965391454,The Nawaabs,restaurant,Food,17.4270456,78.3285207,9939289676,28.3,Normal
HYD033936,889543541,The Pavilion Drive-In,restaurant,Food,17.42745627777778,78.40246938888889,8267460834,2.096,Normal
HYD033937,10280159833,The Seventh Heaven Restuarant and Bar,restaurant,Food,17.4279218,78.452497,13261131918,15.362,Normal
HYD033938,356287939,The Spicy Venue,restaurant,Food,17.435103340000005,78.41090550000001,11491482536,31.911,Normal
HYD033939,3558158456,The Square,restaurant,Food,17.472641,78.372879,1425963944,27.781,Normal
HYD033940,6935579741,The grand truck road,restaurant,Food,17.4518874,78.3856618,1215788868,28.911,Normal
HYD033941,6935609217,The sweet tooth,restaurant,Food,17.4466519,78.3888618,7012072781,10.694,Normal
HYD033942,7025820871,Thurum Khan Restaurant,restaurant,Food,17.4404015,78.3935559,5436630011,19.123,Normal
HYD033943,12536226053,Tiffi Canteen,restaurant,Food,17.4752534,78.5682569,7716713804,13.109,Normal
HYD033944,1236743616,Tiffin Center,restaurant,Food,17.50951286,78.30027908,4009708564,32.047,Normal
HYD033945,642208375,Tilaks Kitchen,restaurant,Food,17.440157579999997,78.3990989,1054105956,20.843,Normal
HYD033946,6563212163,Time Square-The Landmark Hotel,restaurant,Food,17.4405701,78.4974861,11068349074,16.226,Normal
HYD033947,7834287539,Times Tiffins,restaurant,Food,17.4966203,78.3595154,7710596797,20.815,Normal
HYD033948,4555556395,Tiny Village,restaurant,Food,17.4638501,78.3472162,11042136365,30.345,Normal
HYD033949,7027716897,Tollywood Thick Shakes,restaurant,Food,17.4499292,78.3947616,6998058157,15.505,Normal
HYD033950,5375596703,Tom Yum Yum,restaurant,Food,17.4297031,78.4125334,6438321293,18.057,Normal
HYD033951,10012888587,Tower Bavarchi Multi Cuisine Restaurant,restaurant,Food,17.369688,78.5149384,3155766390,10.011,Normal
HYD033952,13747568101,Tridha Kitchen,restaurant,Food,17.4294848,78.6082404,7712750380,44.883,Normal
HYD033953,4939727621,Trupthi Restaurant,restaurant,Food,17.3751954,78.5536532,1891679602,15.171,Normal
HYD033954,13408726292,Tteokbokki,restaurant,Food,17.4187459,78.3773857,13982767761,10.985,Normal
HYD033955,5541547977,Tulip Grand,restaurant,Food,17.4082304,78.596874,12185472340,26.974,Normal
HYD033956,7025820918,Tumba Bengali Food,restaurant,Food,17.4420469,78.3881578,289517370,9.506,Normal
HYD033957,6822126520,Turkish restaurant,restaurant,Food,17.3988674,78.411513,308971401,16.316,Normal
HYD033958,5539317125,Turning Point Tiffin Centre,restaurant,Food,17.4194644,78.5196787,309707230,11.907,Normal
HYD033959,5405056434,UP THE BISTRO,restaurant,Food,17.4358331,78.3666724,1709116129,28.964,Normal
HYD033960,355895211,Udipi Hotel,restaurant,Food,17.490915899999997,78.35335106,2231795276,14.809,Normal
HYD033961,6370434382,Udipi Park Hotel,restaurant,Food,17.4374107,78.4456459,2697421197,39.922,Normal
HYD033962,9958221196,Udipi's Aahar,restaurant,Food,17.449277,78.3639805,12529217436,10.053,Normal
HYD033963,1985561846,Udupi Uphar,restaurant,Food,17.4409145,78.360695,3193022182,28.948,Normal
HYD033964,2134523286,Udupi Vihar,restaurant,Food,17.4412938,78.3913136,3205716958,24.076,Normal
HYD033965,251804591,Udupy Ahar,restaurant,Food,17.49121954,78.39324054,350456880,21.326,Normal
HYD033966,5980853188,Ulavucharu,restaurant,Food,17.4240217,78.4120683,11568473348,25.302,Normal
HYD033967,13285111310,Under The Stars,restaurant,Food,17.4468562,78.3533385,13350757501,36.325,Normal
HYD033968,11402746860,United Kitchen,restaurant,Food,17.2356685,78.4343247,11028319164,69.019,Normal
HYD033969,6723691440,Universal Kababs & Biryani,restaurant,Food,17.4417429,78.4401706,3195196228,30.138,Normal
HYD033970,355894929,Urban Kitchen,restaurant,Food,17.49275882857143,78.35316481428572,11037035657,32.221,Normal
HYD033971,7021303729,Urban Spice kitchen,restaurant,Food,17.4463118,78.3887776,3602305108,21.096,Normal
HYD033972,6261439688,Urban Vilage,restaurant,Food,17.4522212,78.3852733,5563457534,43.538,Normal
HYD033973,525059783,Utsav Restaurant,restaurant,Food,17.4483317,78.4928226,3147213798,29.652,Normal
HYD033974,6822126598,VENKATESHWARA TIFFINS CENTER,restaurant,Food,17.531609,78.48773,11047931339,14.64,Normal
HYD033975,8240054571,VV Tiffins,restaurant,Food,17.4102345,78.4844177,13208835333,12.452,Normal
HYD033976,265418249,Vashista Restaurant,restaurant,Food,17.49916264,78.47625731999999,11118303525,20.317,Normal
HYD033977,7244119611,Venkateshwara Tiffin Center,restaurant,Food,17.3292393,78.2732964,7246572191,24.177,Normal
HYD033978,7244140750,Venkateshwara Tiffin Center,restaurant,Food,17.3292328,78.2732998,7246572191,24.236,Normal
HYD033979,12541130547,Vennela Fast Food,restaurant,Food,17.4737993,78.5692513,3164348466,11.295,Normal
HYD033980,12839760926,Vibrant Living,restaurant,Food,17.4180127,78.3795955,3547296501,15.142,Normal
HYD033981,12839760927,Vibrant Living,restaurant,Food,17.4141814,78.4051098,4173972712,15.377,Normal
HYD033982,12839760928,Vibrant Living,restaurant,Food,17.2354087,78.4342652,9758851872,69.738,Normal
HYD033983,11484345718,"Vishal Nagar , Aru Restaurant",restaurant,Food,17.483847,78.3485713,2231794891,30.396,Normal
HYD033984,6249185487,Vistara,restaurant,Food,17.4958418,78.3951122,12761937852,15.441,Normal
HYD033985,7244140658,Vistara,restaurant,Food,17.4957046,78.3951187,349017544,25.475,Normal
HYD033986,11747869749,Vistari KITCHEN,restaurant,Food,17.4958112,78.3951541,12761937852,18.749,Normal
HYD033987,11747869748,Vistari Kitchen,restaurant,Food,17.497378,78.3942347,1427645977,51.699,Normal
HYD033988,12538889104,WR Woodland,restaurant,Food,17.4765211,78.5663652,3164348359,21.193,Normal
HYD033989,928692476,Water Front,restaurant,Food,17.4215194,78.4653707,1866855489,26.983,Normal
HYD033990,11939039307,Waves Restaurant,restaurant,Food,17.218261,78.5291849,9908953404,38.053,Normal
HYD033991,6752980030,Whatta Waffle and The Chicken ompany,restaurant,Food,17.3431239,78.5543507,6829815557,16.979,Normal
HYD033992,8387042825,White Rose,restaurant,Food,17.46013,78.5006275,1339439562,9.527,Normal
HYD033993,4575248395,Wild West Restaurant,restaurant,Food,17.3423856,78.5571242,3157399096,4.515,Normal
HYD033994,344033897,Windows of the World,restaurant,Food,17.4502975,78.3816574,3602306640,18.183,Normal
HYD033995,6261444885,Wingster,restaurant,Food,17.4515049,78.39417,1323542810,20.06,Normal
HYD033996,12536226076,Woodside Hotel,restaurant,Food,17.4750366,78.5679417,3164363647,12.139,Normal
HYD033997,13532195617,Y2K Restaurant,restaurant,Food,17.4264495,78.4520625,3180128894,12.472,Normal
HYD033998,6982568887,Y9 Cafe & Restuarant,restaurant,Food,17.4484432,78.3602756,1692848774,16.437,Normal
HYD033999,6254339285,Yousufuan,restaurant,Food,17.3916834,78.4654813,8348447227,24.539,Normal
HYD034000,12538877499,Yum Yum Tree,restaurant,Food,17.4765742,78.5653353,3164348349,30.9,Normal
HYD034001,1447217174,Yummpys,restaurant,Food,17.542761379999998,78.574141,4284134819,14.157,Normal
HYD034002,6982568886,ZARA Hi-Fi,restaurant,Food,17.4399027,78.363732,1699091332,17.625,Normal
HYD034003,13532195626,Zaica Restaurant,restaurant,Food,17.4263959,78.4519227,3180128893,15.613,Normal
HYD034004,9369819268,Zam Zam,restaurant,Food,17.4652555,78.561975,2796376558,26.071,Normal
HYD034005,2794664335,Zam Zam Hotel,restaurant,Food,17.4419726,78.4873391,2792122616,16.011,Normal
HYD034006,8387042811,Zinger Hut Fried chicken,restaurant,Food,17.4541207,78.4983498,3207195571,30.77,Normal
HYD034007,7025820846,Zza Bar @ Syala 95A,restaurant,Food,17.4367499,78.3970998,352765932,24.008,Normal
HYD034008,265631788,abbai tiffin center,restaurant,Food,17.41338866,78.4902498,4003605790,11.727,Normal
HYD034009,6372374836,adharsha sweet shop,restaurant,Food,17.3756003,78.5411047,312813287,12.261,Normal
HYD034010,6779797463,al-madini mandi house,restaurant,Food,17.3736112,78.5025321,11947530481,6.781,Normal
HYD034011,264993835,al-saba restaurant,restaurant,Food,17.437778546666667,78.43990706666668,7718905843,31.784,Normal
HYD034012,10277927479,ani,restaurant,Food,17.440815,78.5547243,7711049602,61.59,Normal
HYD034013,1699060676,annapoorna,restaurant,Food,17.4692692,78.3656517,2210758042,21.371,Normal
HYD034014,6372299524,appus fast food,restaurant,Food,17.3753755,78.5412425,1952160123,18.169,Normal
HYD034015,356460179,bawarchi hotel,restaurant,Food,17.369113379999998,78.4295568,10277918617,24.306,Normal
HYD034016,9903987778,beer politics bar and kitchen,restaurant,Food,17.5423902,78.3854429,3614501311,38.189,Normal
HYD034017,11696595594,blue fox,restaurant,Food,17.3598606,78.5439375,13366659843,23.448,Normal
HYD034018,13437158685,cafe bar,restaurant,Food,17.5261431,78.6640734,13437158684,11.981,Normal
HYD034019,3384147271,cafe nandini,restaurant,Food,17.4268355,78.415495,2570397494,9.1,Normal
HYD034020,7180156933,chaitanya food court,restaurant,Food,17.4851485,78.3905901,11066399445,20.118,Normal
HYD034021,12854606944,chand fast food,restaurant,Food,17.3953386,78.530399,3612566417,13.183,Normal
HYD034022,357590918,chat bandhar,restaurant,Food,17.33015648,78.57777062,1325264141,11.984,Normal
HYD034023,13335598227,chirag arabian mandi,restaurant,Food,17.5075719,78.4638585,2786982096,14.344,Normal
HYD034024,626897013,choice hotel,restaurant,Food,17.3688724,78.4825517,626897013,0.0,Normal
HYD034025,3388784598,cream stone,restaurant,Food,17.4928722,78.4044978,5444181102,15.282,Normal
HYD034026,7180113797,cream stone,restaurant,Food,17.4929223,78.4044302,5444181099,15.894,Normal
HYD034027,1043695034,delhi mitai vatika,restaurant,Food,17.350833360000003,78.47335883999999,306631593,8.882,Normal
HYD034028,7008880760,desert place,restaurant,Food,17.4947749,78.3982894,1989047042,24.919,Normal
HYD034029,776404550,dr.ice cream,restaurant,Food,17.53442618,78.48889485999999,3618934926,17.15,Normal
HYD034030,7244246181,driveway,restaurant,Food,17.3662878,78.5213494,2243963071,29.24,Normal
HYD034031,11696701942,flechazo,restaurant,Food,17.3596519,78.5437705,13366659836,19.055,Normal
HYD034032,546498877,ginger spice restaurant,restaurant,Food,17.438198233333335,78.36624548333332,3602302446,11.399,Normal
HYD034033,356250946,gold and crew restaurant,restaurant,Food,17.47151772,78.47561931999999,11338089700,22.034,Normal
HYD034034,9903987789,green bawarchi,restaurant,Food,17.5410394,78.3939984,11541992133,22.299,Normal
HYD034035,3979116713,green bawarchi restaurant,restaurant,Food,17.3682472,78.525612,2243963522,13.715,Normal
HYD034036,7244059280,gulf bakers,restaurant,Food,17.5420321,78.4908431,12462846176,39.454,Normal
HYD034037,7246509983,guma gumalu,restaurant,Food,17.4913568,78.4072751,7097540938,16.95,Normal
HYD034038,3943140439,habanero,restaurant,Food,17.447991,78.3789356,13041357151,8.666,Normal
HYD034039,10903291098,heathage food point,restaurant,Food,17.3306524,78.5739924,1324667393,35.153,Normal
HYD034040,6935424689,himalayan bar and restuarant,restaurant,Food,17.3743396,78.5438231,1952160097,22.063,Normal
HYD034041,5877747602,hostel mess,restaurant,Food,17.2517186,78.3053274,5877747596,81.175,Normal
HYD034042,626896999,hotel ajwa,restaurant,Food,17.369237,78.4823114,306600837,35.231,Normal
HYD034043,355950444,hotel california,restaurant,Food,17.52621138,78.48533697999999,11057985562,31.08,Normal
HYD034044,6259475085,hyderabad host,restaurant,Food,17.4417444,78.3966967,7008311423,9.781,Normal
HYD034045,2706495174,hyderabad restaurant,restaurant,Food,17.4363,78.4325861,10277315184,15.215,Normal
HYD034046,626896986,iqbal hotel,restaurant,Food,17.3691935,78.4819497,14184896775,8.645,Normal
HYD034047,13088224018,juices and fast food,restaurant,Food,17.4411442,78.3588597,1986427377,21.742,Normal
HYD034048,5418049576,jyothi restaurant,restaurant,Food,17.5134041,78.4614211,1274191938,11.827,Normal
HYD034049,6390378855,kaveri curry point,restaurant,Food,17.3648864,78.5257157,2243962744,18.394,Normal
HYD034050,12257749405,kismath kerala Restaurand,restaurant,Food,17.3984652,78.4005577,1293134222,16.937,Normal
HYD034051,6372252254,kritunga,restaurant,Food,17.3679931,78.5402248,1598149461,39.829,Normal
HYD034052,6934778615,kritunga,restaurant,Food,17.37625,78.5433924,1896332967,31.487,Normal
HYD034053,758927127,laya,restaurant,Food,17.399829559999997,78.53970652000001,2236318393,22.194,Normal
HYD034054,1076262691,laya restaurant,restaurant,Food,17.399964479999998,78.53931992,9869711806,17.558,Normal
HYD034055,9903919154,lucky,restaurant,Food,17.420052,78.516886,2234500201,22.536,Normal
HYD034056,6372374345,lucky restaurant,restaurant,Food,17.3437079,78.5067856,3157569731,18.409,Normal
HYD034057,626897451,madina hotel,restaurant,Food,17.3685479,78.4759107,3791314994,10.174,Normal
HYD034058,2706495852,margi hotel,restaurant,Food,17.4365712,78.4339299,7718986094,6.132,Normal
HYD034059,355678258,mehfil,restaurant,Food,17.49890378,78.38999018,7796343630,21.711,Normal
HYD034060,331634059,metro paradise,restaurant,Food,17.4987911,78.39021524,13395335386,18.357,Normal
HYD034061,12536226096,midhunam Resturant,restaurant,Food,17.4742826,78.5684789,3164348465,11.139,Normal
HYD034062,265428993,moksh banquets,restaurant,Food,17.429687100000002,78.48716694000001,5554715968,13.309,Normal
HYD034063,3509608990,mukram hotel,restaurant,Food,17.3933868,78.5210493,4262361880,19.326,Normal
HYD034064,10902969261,navya millets,restaurant,Food,17.3302334,78.575591,307061314,7.391,Normal
HYD034065,7244059226,nawabs dine,restaurant,Food,17.5428942,78.4921156,4184916025,29.048,Normal
HYD034066,355879266,new bawarchi restaurant,restaurant,Food,17.5303415,78.48536568,7677547166,46.352,Normal
HYD034067,11696714186,palamuru grill,restaurant,Food,17.3611551,78.5447714,3612552262,33.991,Normal
HYD034068,9885009621,pista house,restaurant,Food,17.5121065,78.4788583,12295767381,51.301,Normal
HYD034069,358053596,ragavendhra tiffin center,restaurant,Food,17.37115684,78.54060695999999,13329781729,31.239,Normal
HYD034070,9903987791,raghavendra bhavan,restaurant,Food,17.5409446,78.3937841,7579728200,19.488,Normal
HYD034071,6779945608,raghavendra tiifin  center,restaurant,Food,17.5129269,78.5548941,11502871293,31.779,Normal
HYD034072,356438957,rangoli food court,restaurant,Food,17.398419439999998,78.5358223,1317030277,56.638,Normal
HYD034073,265419897,ruchi chinese fast food,restaurant,Food,17.4129095,78.48827632,308942957,46.954,Normal
HYD034074,7246517950,rv spice,restaurant,Food,17.4865376,78.3911763,3602316183,16.264,Normal
HYD034075,12785253145,sai balaji tiffin center,restaurant,Food,17.5622083,78.4547218,7669037197,14.979,Normal
HYD034076,265634539,salsa,restaurant,Food,17.49500314,78.33336736,11521058387,37.812,Normal
HYD034077,7244033603,santhosh family dhaba,restaurant,Food,17.367634,78.5215669,2243963384,20.989,Normal
HYD034078,357969299,santosh dabba,restaurant,Food,17.37372638,78.54149044,1952160086,15.634,Normal
HYD034079,7171334826,santosh family dabha,restaurant,Food,17.455022,78.4222353,6297956641,25.357,Normal
HYD034080,12852192070,seasons,restaurant,Food,17.3957405,78.5288869,13452000653,26.464,Normal
HYD034081,8107927746,shabnam hotel,restaurant,Food,17.4623573,78.4711054,3598267654,17.825,Normal
HYD034082,8315147286,shagh house,restaurant,Food,17.3961163,78.4250392,9948762346,33.713,Normal
HYD034083,7244243970,siddharath mess,restaurant,Food,17.4006852,78.5076597,308613920,32.805,Normal
HYD034084,357589698,sri balaji mithai shop,restaurant,Food,17.3707737,78.54096286000001,312813252,13.045,Normal
HYD034085,357589744,sri chandana,restaurant,Food,17.371120057142857,78.5418320142857,12337036639,23.58,Normal
HYD034086,7244226215,sri ratna,restaurant,Food,17.4791226,78.586592,7101241564,16.35,Normal
HYD034087,13154692137,subway,restaurant,Food,17.3735384,78.4111355,12318345198,30.089,Normal
HYD034088,5104431823,suprabat tiffins,restaurant,Food,17.4240373,78.4534146,4180763149,14.852,Normal
HYD034089,12854677474,surabhi tiffin center,restaurant,Food,17.3960042,78.5294073,2234832061,16.412,Normal
HYD034090,4367831991,swagath grand,restaurant,Food,17.3637119,78.5438237,12198838181,14.152,Normal
HYD034091,7244113126,swagath grand,restaurant,Food,17.3682535,78.5254193,2243963523,19.482,Normal
HYD034092,7246516891,swagath grand,restaurant,Food,17.4926212,78.4051466,14182365038,24.185,Normal
HYD034093,331629090,swagath grand,restaurant,Food,17.48230956,78.55344948,10062816481,37.048,Normal
HYD034094,768455933,syala drive in,restaurant,Food,17.434495119999998,78.41252048,7709862879,32.385,Normal
HYD034095,7244263505,taaza tiffins,restaurant,Food,17.3669628,78.5804317,3598388699,29.23,Normal
HYD034096,596476956,thinespo,restaurant,Food,17.525370357142858,78.48325002857143,14070512894,17.26,Normal
HYD034097,10262331701,udipi,restaurant,Food,17.3824479,78.4386143,10717117565,40.593,Normal
HYD034098,2710846678,udupi tiffins,restaurant,Food,17.4418625,78.4956866,12085062173,16.068,Normal
HYD034099,11690756884,ulavacharu,restaurant,Food,17.3591924,78.5442299,13366659832,9.711,Normal
HYD034100,11690958877,veggie chinese,restaurant,Food,17.3622564,78.5441534,1596321556,36.197,Normal
HYD034101,355950491,village china,restaurant,Food,17.527437120000002,78.48501096,11057998185,30.863,Normal
HYD034102,11690890444,viyyala vari vindu,restaurant,Food,17.3603338,78.5450091,14008572411,13.818,Normal
HYD034103,265419661,wine shop,restaurant,Food,17.41263242,78.47913958,13418017335,25.711,Normal
HYD034104,331633398,woodlands,restaurant,Food,17.476480340000002,78.56574445999999,12318170129,12.947,Normal
HYD034105,6652622285,امپیریل ملٹی کزن ریسٹورنٹ,restaurant,Food,17.3635091,78.5031842,306605267,10.764,Normal
HYD034106,357628456,سہیل ہوٹل,restaurant,Food,17.372681880000002,78.49906433999999,3612557090,11.381,Normal
HYD034107,626897444,شاداب ہوٹل (Hotel Shadab),restaurant,Food,17.3687527,78.4755405,2461304315,27.33,Normal
HYD034108,8066278048,لکی ریسٹورانٹ,restaurant,Food,17.3654886,78.5575099,1713956238,28.109,Normal
HYD034109,7508813778,نیاگرا ہوٹل,restaurant,Food,17.3776128,78.491132,4342904912,17.928,Normal
HYD034110,8978050171,پستا ہاؤس,restaurant,Food,17.356383,78.4734859,3612550066,37.404,Normal
HYD034111,10087099043,پشاور,restaurant,Food,17.3709237,78.5004657,3157353946,11.766,Normal
HYD034112,13673373181,vidhi general,retail shops,Shopping,17.5058752,78.4281552,2852308023,13.386,Normal
HYD034648,1212172828,GOCL,scrub,Nature & Outdoors,17.478529555882353,78.40477839411767,3602311869,251.569,Extended
HYD034649,291439344,Gurramguda Reserved Forest,scrub,Nature & Outdoors,17.300879449999996,78.575083675,7694412563,155.007,Extended
HYD034650,291439346,Gurramguda Reserved Forest,scrub,Nature & Outdoors,17.309403495348842,78.57110155581398,2760700338,117.885,Extended
HYD034651,6593421974,AVP Fish Stall,seafood,Food,17.4208935,78.5647194,310446961,23.33,Normal
HYD034652,10810253930,Fish,seafood,Food,17.4862681,78.5994804,7701056523,8.995,Normal
HYD034653,8111012821,Fish kart,seafood,Food,17.3971137,78.3777496,2794196878,9.455,Normal
HYD034654,1215747405,Reliance Delites,seafood,Food,17.4640494,78.3665299,1301942367,23.68,Normal
HYD034659,7021286928,ASICS,shoes,Shopping,17.4344798,78.4039287,1948642964,18.498,Normal
HYD034660,13673312907,Asian footwear,shoes,Shopping,17.5023297,78.4186185,1578270704,13.807,Normal
HYD034661,2708234247,Bata,shoes,Shopping,17.3980536,78.5124357,3415837329,14.869,Normal
HYD034662,4711652290,Bata,shoes,Shopping,17.4149419,78.408648,13354937079,7.468,Normal
HYD034663,5405052532,Bata,shoes,Shopping,17.441206,78.3591502,1753608446,15.574,Normal
HYD034664,5518653789,Bata,shoes,Shopping,17.4410943,78.3925263,349267660,14.17,Normal
HYD034665,5622280683,Bata,shoes,Shopping,17.4190061,78.4485833,2126214148,28.398,Normal
HYD034666,6209874586,Bata,shoes,Shopping,17.4034751,78.4616464,290890910,32.419,Normal
HYD034667,6408252031,Bata,shoes,Shopping,17.5155413,78.3825882,8386715627,23.597,Normal
HYD034668,6868661741,Bata,shoes,Shopping,17.4315948,78.4470582,353721770,20.699,Normal
HYD034669,6955225190,Bata,shoes,Shopping,17.3374612,78.5700071,3180373229,19.455,Normal
HYD034670,7066081504,Bata,shoes,Shopping,17.4536129,78.3641176,12292988446,10.696,Normal
HYD034671,7819783922,Bata,shoes,Shopping,17.4074299,78.3826158,4328310683,13.463,Normal
HYD034672,8386499058,Bata,shoes,Shopping,17.4564073,78.4992038,13240179700,12.119,Normal
HYD034673,9838656986,Bata,shoes,Shopping,17.4037885,78.4952309,9713126184,27.345,Normal
HYD034674,13436947541,Bata,shoes,Shopping,17.3652115,78.3958381,3579905279,28.348,Normal
HYD034675,13532195627,Bata,shoes,Shopping,17.4260543,78.4509251,3180128889,28.927,Normal
HYD034676,13536807334,Bata,shoes,Shopping,17.4115778,78.4498547,12231344298,19.719,Normal
HYD034677,13536912478,Bata,shoes,Shopping,17.435368,78.4933785,2214136515,18.517,Normal
HYD034678,13536912483,Bata,shoes,Shopping,17.4404286,78.4978313,11068349073,19.966,Normal
HYD034679,3167962803,Bata Shoe Store,shoes,Shopping,17.4029299,78.5101032,3612570337,8.761,Normal
HYD034680,6218904786,Black Wings,shoes,Shopping,17.3988044,78.4487112,2177264518,15.964,Normal
HYD034681,6255631788,Centro,shoes,Shopping,17.4256536,78.4497412,13296219472,22.489,Normal
HYD034682,6771713705,Centro,shoes,Shopping,17.4571959,78.3638556,7673738956,65.837,Normal
HYD034683,7113975786,Centro,shoes,Shopping,17.4941954,78.3998045,350444625,14.856,Normal
HYD034684,7246834924,Centro,shoes,Shopping,17.3680883,78.5312891,2245836001,34.51,Normal
HYD034685,3523097053,Centro - Fashion for your feet,shoes,Shopping,17.4941985,78.3997942,350444625,13.987,Normal
HYD034686,7025820855,Centro Jubilee Hills,shoes,Shopping,17.4344414,78.4029651,1578599739,37.351,Normal
HYD034687,13707166665,Cost 2 Cost,shoes,Shopping,17.4417416,78.4878117,3154074782,21.717,Normal
HYD034688,7244487827,Cost 2 Cost Store,shoes,Shopping,17.3955452,78.4306883,13436968142,14.423,Normal
HYD034689,5518642368,Footstar,shoes,Shopping,17.4409832,78.3929957,3205724267,13.887,Normal
HYD034690,2708234248,Khadims,shoes,Shopping,17.398178,78.5124879,4013897590,7.871,Normal
HYD034691,14107474773,Kora Shoe Makers,shoes,Shopping,17.4542218,78.4976167,3147189503,23.592,Normal
HYD034692,6850830304,Lalitha Foot Wear,shoes,Shopping,17.4670385,78.6416974,11568873771,15.419,Normal
HYD034693,13295395525,Mahadev Footwear,shoes,Shopping,17.3696995,78.4780254,3612555307,15.681,Normal
HYD034694,6212831085,Mochi,shoes,Shopping,17.4436366,78.4818843,2854620556,46.186,Normal
HYD034695,7008114331,Reliance Footwear,shoes,Shopping,17.4958346,78.3383945,11038581401,25.485,Normal
HYD034696,12413100576,SSS Footwear,shoes,Shopping,17.4939615,78.4048094,12165036182,18.902,Normal
HYD034697,6429450185,STEP-IN,shoes,Shopping,17.482949,78.413213,2425535900,42.255,Normal
HYD034698,7025820879,Shoe Khazana,shoes,Shopping,17.4406949,78.3928601,349267642,15.612,Normal
HYD034699,7025820858,Skechers,shoes,Shopping,17.4343981,78.4030037,1578599739,41.019,Normal
HYD034700,11447355788,Skechers,shoes,Shopping,17.3853548,78.3304848,11575920024,19.391,Normal
HYD034701,7863571047,Sreeja Footwear,shoes,Shopping,17.4965759,78.3593507,11037074452,14.348,Normal
HYD034702,12485864692,Unique Footwear,shoes,Shopping,17.402764,78.4093545,2852222500,15.377,Normal
HYD034703,7043611389,Woodland,shoes,Shopping,17.4352283,78.4027934,353759539,28.376,Normal
HYD034704,3390823845,bata,shoes,Shopping,17.4014711,78.5085889,6308211170,20.791,Normal
HYD034705,3388920325,bata store,shoes,Shopping,17.4839695,78.4118772,3602315233,32.606,Normal
HYD034706,11690830231,centro,shoes,Shopping,17.358836,78.5438843,13366659821,34.031,Normal
HYD034707,9679249349,cost -to-cost,shoes,Shopping,17.4082911,78.5106359,3612572544,7.236,Normal
HYD034708,10903261798,deepak foot wear,shoes,Shopping,17.3303798,78.5745398,1324667396,21.774,Normal
HYD034709,11690903082,mochi shoe store,shoes,Shopping,17.3583314,78.5451791,13366502536,28.141,Normal
HYD034710,3388917938,msl footwear,shoes,Shopping,17.4776761,78.5620591,978107751,15.631,Normal
HYD034711,7244226236,shoe town,shoes,Shopping,17.490041,78.601522,2795966099,27.503,Normal
HYD034712,357051468,sri gurukrupa foot wear,shoes,Shopping,17.35885094,78.54303472000001,3612550992,21.171,Normal
HYD034713,10903264795,sunland footwear,shoes,Shopping,17.3307129,78.5737605,1324667393,14.271,Normal
HYD034728,4529476389,Decathlon,sports,Recreation & Sports,17.242369,78.4347539,7673736658,26.148,Normal
HYD034729,4686182689,Decathlon,sports,Recreation & Sports,17.509654,78.478538,13363528166,9.07,Normal
HYD034730,6255318388,Decathlon,sports,Recreation & Sports,17.4205697,78.455397,7030710334,13.753,Normal
HYD034731,9120904217,Decathlon,sports,Recreation & Sports,17.4902097,78.3928179,12898564652,13.753,Normal
HYD034732,9803882487,Decathlon,sports,Recreation & Sports,17.4464137,78.3639336,11032185977,26.168,Normal
HYD034733,11358156624,Decathlon,sports,Recreation & Sports,17.4847502,78.3886538,3602315614,20.228,Normal
HYD034734,577895288,Decathlon,sports,Recreation & Sports,17.4028768,78.58442811666666,8196164328,3.94,Normal
HYD034735,5405055354,Masti Sports Bar,sports,Recreation & Sports,17.4353836,78.368204,2177264497,29.036,Normal
HYD034736,6652949086,Olympia Sports,sports,Recreation & Sports,17.3857033,78.4793342,308777212,18.566,Normal
HYD034737,7025820909,Ramdev Sports,sports,Recreation & Sports,17.4412812,78.3881439,1836644088,25.148,Normal
HYD034738,342273184,Ruswic The Athlete Hub,sports,Recreation & Sports,17.435702839999998,78.36644951999999,12832815875,45.433,Normal
HYD034739,11015886838,Sachdev Sports Co,sports,Recreation & Sports,17.425529,78.4568429,2477255911,13.392,Normal
HYD034740,7010429449,Sachdev Sports Co.,sports,Recreation & Sports,17.4578423,78.3651184,1301927552,18.302,Normal
HYD034741,7113998089,Sachdev sports,sports,Recreation & Sports,17.4286522,78.4128732,1948637923,29.378,Normal
HYD034742,6935539662,Tirumala sports shop,sports,Recreation & Sports,17.4297061,78.4252889,10682461754,19.223,Normal
HYD034743,1199771911,BSporty Sports and Fitness,sports_centre,Recreation & Sports,17.45630127777778,78.3858755888889,1578542234,32.057,Normal
HYD034744,845712370,Badminton Academy,sports_centre,Recreation & Sports,17.519343040000003,78.40221524,7675946041,30.067,Normal
HYD034745,13715470800,Basketball Court,sports_centre,Recreation & Sports,17.4910998,78.3904228,7686812918,31.67,Normal
HYD034746,751007949,Bhaichung Bhutia Football Schools,sports_centre,Recreation & Sports,17.43797944,78.38626582,5901548668,10.626,Normal
HYD034747,642221153,Chetan Anand Badminton Academy,sports_centre,Recreation & Sports,17.43664536,78.39672546,352765940,31.522,Normal
HYD034748,1347504454,Club,sports_centre,Recreation & Sports,17.4893989,78.3642652,1347502979,39.269,Normal
HYD034749,2134524342,Fitness 9,sports_centre,Recreation & Sports,17.4571917,78.4959783,7702786453,7.594,Normal
HYD034750,857328527,Flying Feather Badminton Academy,sports_centre,Recreation & Sports,17.4978497,78.59868762857143,6117692186,28.535,Normal
HYD034751,883089995,GHMC Play Park,sports_centre,Recreation & Sports,17.485553680000002,78.3999137,3392172005,49.358,Normal
HYD034752,1490039953,Galaxy Sports Arena,sports_centre,Recreation & Sports,17.335486985714287,78.46808947142858,2730650769,28.576,Normal
HYD034753,1199771909,Gamepoint Hitec,sports_centre,Recreation & Sports,17.45515312,78.38571388,11811362137,26.882,Normal
HYD034754,13715437728,Hand ball court,sports_centre,Recreation & Sports,17.4905472,78.3907776,1427659057,18.011,Normal
HYD034755,11736376193,JNTU Sports Complex,sports_centre,Recreation & Sports,17.4913809,78.3908253,7686812919,10.727,Normal
HYD034756,158309000,Kode Venkatadri Chowdhary Sports Complex,sports_centre,Recreation & Sports,17.54070294,78.38542672000001,1705374890,25.951,Normal
HYD034757,7351211526,Lawm Tennis Court,sports_centre,Recreation & Sports,17.3098703,78.4111688,7351211544,26.173,Normal
HYD034758,7346760791,"NIRD, Sports Conmplex",sports_centre,Recreation & Sports,17.3152128,78.4011829,2531898202,35.005,Normal
HYD034759,266310030,NPA Grounds,sports_centre,Recreation & Sports,17.32747844,78.43822195999999,3644649737,79.624,Normal
HYD034760,140413792,OU swimming pool,sports_centre,Recreation & Sports,17.422735139999997,78.5309852,309700145,25.147,Normal
HYD034761,252285893,Osmania University Sports Complex,sports_centre,Recreation & Sports,17.423644071428573,78.53211862857142,309700148,111.686,Extended
HYD034762,8113828215,Oxygen sports,sports_centre,Recreation & Sports,17.401856,78.3771194,2795871191,11.141,Normal
HYD034763,5595942545,Oyster Swimming Pool,sports_centre,Recreation & Sports,17.4087046,78.4499635,12075135959,14.728,Normal
HYD034764,753226077,PBEL Sports arena,sports_centre,Recreation & Sports,17.356432254838708,78.37173439032259,13350768847,16.334,Normal
HYD034765,263826848,PJR Stadium,sports_centre,Recreation & Sports,17.48850971904762,78.32460087142856,4732554024,19.727,Normal
HYD034766,14065705186,Pitstop - Go Karting,sports_centre,Recreation & Sports,17.4176253,78.464904,3598253508,10.822,Normal
HYD034767,851463875,Pragathi Nagar Skating Academy,sports_centre,Recreation & Sports,17.53218602,78.39066349999999,11533173591,38.021,Normal
HYD034768,851478013,Pragathi Nagar Skating Academy,sports_centre,Recreation & Sports,17.520040500000004,78.39746783333334,1906537089,33.115,Normal
HYD034769,219364288,Pragathi Nagar Tennis Academy,sports_centre,Recreation & Sports,17.515933179999998,78.3971781,1906537037,41.966,Normal
HYD034770,187918702,Pulela Gopichand Badminton Academy,sports_centre,Recreation & Sports,17.43840527142857,78.34891782857142,11140796393,73.921,Normal
HYD034771,965848791,RRC Sports Complex,sports_centre,Recreation & Sports,17.44056048695652,78.5136892826087,8935106043,75.632,Normal
HYD034772,403075373,SCF India,sports_centre,Recreation & Sports,17.402331612500003,78.4511811375,3612570043,27.595,Normal
HYD034773,5405059179,Sai-Gopichand Badminton Academy,sports_centre,Recreation & Sports,17.4375731,78.3619418,12231178138,19.176,Normal
HYD034774,229848422,"Sarojini Cricket, Tennis and Fitness Academy",sports_centre,Recreation & Sports,17.40305478,78.50172544,11033965313,46.631,Normal
HYD034775,751007954,ShootingStarsClub,sports_centre,Recreation & Sports,17.451181599999998,78.38664982,6947498935,17.029,Normal
HYD034776,759651612,Sky Zone,sports_centre,Recreation & Sports,17.397636057142854,78.30864687142856,7668648867,41.615,Normal
HYD034777,246095939,Sport Complex and swimming pool,sports_centre,Recreation & Sports,17.3152299375,78.40108319999999,2531898202,33.023,Normal
HYD034778,874004435,Sports Authority of Telangana,sports_centre,Recreation & Sports,17.446401538095238,78.34396487142855,10017619602,123.536,Extended
HYD034779,11736410874,Sports Complex,sports_centre,Recreation & Sports,17.4910997,78.3909724,3792486480,24.276,Normal
HYD034780,1393041459,Swimming Pool,sports_centre,Recreation & Sports,17.54030928888889,78.57682061111113,12895031418,29.936,Normal
HYD034781,13715479501,Tennis Court,sports_centre,Recreation & Sports,17.4910642,78.3902669,7686812917,32.26,Normal
HYD034782,750342960,The Jump Zone,sports_centre,Recreation & Sports,17.43845808,78.38762317999999,352765190,25.24,Normal
HYD034783,893227414,The Street,sports_centre,Recreation & Sports,17.45310772857143,78.38525924285715,10308560016,40.768,Normal
HYD034784,3392142319,body granite gym,sports_centre,Recreation & Sports,17.4798026,78.5628176,2697214715,11.577,Normal
HYD034785,7002671067,greater hyderabad muncipal corparation stadium,sports_centre,Recreation & Sports,17.4022907,78.3978413,1293157356,31.061,Normal
HYD034786,238857287,mythri cricket club,sports_centre,Recreation & Sports,17.53061637142857,78.26458225714286,2852273031,63.127,Normal
HYD034787,11690247850,Cult fit,sports_hall,Recreation & Sports,17.4893206,78.4508714,3204131758,8.783,Normal
HYD034792,116087831,Aquatics Complex,stadium,Recreation & Sports,17.44805732884616,78.34643270961537,7654917329,72.814,Normal
HYD034793,6273556450,Crcket Grounds,stadium,Recreation & Sports,17.301135,78.5085976,7702247087,65.676,Normal
HYD034794,264924692,Dr B R Ambedkar stadium,stadium,Recreation & Sports,17.493436692,78.30861617199999,7642110927,80.494,Normal
HYD034795,665330878,GMC Balayogi Athletic Stadium,stadium,Recreation & Sports,17.446224773076924,78.3440827423077,10017619602,120.949,Extended
HYD034796,2430271731,Indoor Stadium,stadium,Recreation & Sports,17.3545849,78.5439029,3612549748,42.286,Normal
HYD034797,31420562,Kotla Vijayabhaskara Reddy Indoor Stadium,stadium,Recreation & Sports,17.434590625,78.425885725,7713110414,16.851,Normal
HYD034798,318508279,Lal Bahadur Shastri Stadium,stadium,Recreation & Sports,17.399545999999997,78.47315855714287,2847561575,93.732,Normal
HYD034799,27955354,Malakpet Race Course,stadium,Recreation & Sports,17.380272193684213,78.5069717768421,2241234292,35.578,Normal
HYD034800,324862109,Osmania University Stadium,stadium,Recreation & Sports,17.4236486,78.5313157,309700145,84.392,Normal
HYD034801,9605389619,PJR stadium,stadium,Recreation & Sports,17.4886857,78.3240652,4732554130,48.457,Normal
HYD034802,28830323,Quli Qutub Shah Stadium,stadium,Recreation & Sports,17.367652042857145,78.46981332857142,3612554477,56.345,Normal
HYD034803,740932963,Rajalingaiah Kabaddi Stadium,stadium,Recreation & Sports,17.380557305882355,78.44110441764705,10717117570,36.704,Normal
HYD034804,839364278,Rajiv Gandhi International Cricket Stadium,stadium,Recreation & Sports,17.406147928571432,78.5504814452381,3612571404,90.703,Normal
HYD034805,138289630,Saroor Nagar Indoor Stadium,stadium,Recreation & Sports,17.3624755,78.54092019999999,3612553005,25.552,Normal
HYD034806,8909248523,Siddhartha Nagar Indoor Stadium and Cultural centre,stadium,Recreation & Sports,17.4430435,78.4328314,13386339839,25.332,Normal
HYD034807,758934984,Tennis & Shuttle Court,stadium,Recreation & Sports,17.403262433333335,78.55978488333334,2852567171,40.353,Normal
HYD034808,758934985,Uppal Municipal Stadium,stadium,Recreation & Sports,17.40303523181818,78.55945510454545,2852567171,63.624,Normal
HYD034809,281760564,ground,stadium,Recreation & Sports,17.422105820000002,78.51954823999999,3598254774,22.054,Normal
HYD034810,281998362,ground,stadium,Recreation & Sports,17.41160786,78.5028856,1404250762,24.604,Normal
HYD034811,10277927481,ss stadium,stadium,Recreation & Sports,17.4360685,78.5403105,4275283705,46.733,Normal
HYD034812,12545949024,Adithi Goi,stationery,Shopping,17.4781102,78.5606847,12522778362,29.17,Normal
HYD034813,12536226084,Alie's optics,stationery,Shopping,17.4747253,78.5681734,3164363648,20.046,Normal
HYD034814,12541130563,Amulya Digital Studio,stationery,Shopping,17.473609,78.5698419,3164348468,7.743,Normal
HYD034815,12544193790,Anil Trending co.,stationery,Shopping,17.4776135,78.5618625,978107751,25.605,Normal
HYD034816,11684837276,Ashvini stationary,stationery,Shopping,17.5227024,78.4438746,4193478944,14.551,Normal
HYD034817,356282378,Balaji Stationary Store,stationery,Shopping,17.498143520000003,78.3574385,1344080510,19.98,Normal
HYD034818,12536257509,Bisleri,stationery,Shopping,17.473918,78.5689935,3164348466,24.262,Normal
HYD034819,12536226074,Born Babies,stationery,Shopping,17.4753244,78.5677865,1034536715,25.91,Normal
HYD034820,7246583491,Datta Stationery,stationery,Shopping,17.3458025,78.5465505,2245995325,21.326,Normal
HYD034821,776657251,Datta Stationery,stationery,Shopping,17.34580426,78.54655127999999,2245995325,21.426,Normal
HYD034822,13673464696,Domms Stationary,stationery,Shopping,17.3726665,78.46955,3670020627,2.97,Normal
HYD034823,12536257506,G-Square,stationery,Shopping,17.4740039,78.568856,6149977289,19.779,Normal
HYD034824,6822126560,Himalaya Book World,stationery,Shopping,17.442265,78.441717,2380204235,26.816,Normal
HYD034825,13715452799,Jntu Xerox,stationery,Shopping,17.4944266,78.3921543,7687665251,33.222,Normal
HYD034826,1753603107,Kadamb Stationery Shop,stationery,Shopping,17.4465886,78.3472003,1906463372,21.811,Normal
HYD034827,11484352486,Kalpana Stationary,stationery,Shopping,17.3488877,78.5538457,1324619303,19.474,Normal
HYD034828,7246495619,Keerthana stationary,stationery,Shopping,17.523134,78.418815,7679973472,9.621,Normal
HYD034829,6574777320,Khwaja Stationery,stationery,Shopping,17.4216249,78.5671448,3598304684,10.164,Normal
HYD034830,8739584721,King's Stationery,stationery,Shopping,17.4631374,78.4841004,2859503831,11.513,Normal
HYD034831,12536226056,Kotha konda silver palace,stationery,Shopping,17.4756039,78.5680242,2795965462,30.998,Normal
HYD034832,7021303610,Liberty Book Store,stationery,Shopping,17.4427392,78.3879667,3602303441,15.443,Normal
HYD034833,11082456192,Limra Stationery,stationery,Shopping,17.4546714,78.4099869,3182362214,13.661,Normal
HYD034834,12541130550,Lucky Gaming Zone,stationery,Shopping,17.4737465,78.5693814,3164348467,9.87,Normal
HYD034835,12536226042,Lucky fashion store,stationery,Shopping,17.4739604,78.5698357,3164352067,16.117,Normal
HYD034836,7246812297,"MS Books, Xerox & Stationery",stationery,Shopping,17.3930676,78.4381852,1312715074,40.68,Normal
HYD034837,9885108805,Matha Stationery,stationery,Shopping,17.3559371,78.4735942,7713256583,11.747,Normal
HYD034838,357324707,Metro stationery store,stationery,Shopping,17.379161118181813,78.50071315454545,13321591403,15.063,Normal
HYD034839,3388915460,Murali Krishna Stationery,stationery,Shopping,17.4965909,78.4065913,7690613029,8.129,Normal
HYD034840,13673540502,Nandi Stationery,stationery,Shopping,17.3814293,78.475439,3631402438,13.636,Normal
HYD034841,12536257511,Narsing Stamps & Zerox,stationery,Shopping,17.4738683,78.5691165,3164348466,11.515,Normal
HYD034842,12536257512,Narsing Stamps & Zerox,stationery,Shopping,17.4738114,78.5692275,3164348466,9.5,Normal
HYD034843,6822126617,Om Sri Sai Ram stationery,stationery,Shopping,17.409822,78.6033208,11527352313,18.023,Normal
HYD034844,7863571048,Padma's Passion Street,stationery,Shopping,17.4969107,78.359277,11037057315,29.612,Normal
HYD034845,13673555204,Paper supply store,stationery,Shopping,17.3766046,78.4714469,3612559453,5.088,Normal
HYD034846,12544230501,Price 2 Price,stationery,Shopping,17.4772138,78.5630903,3164363658,40.407,Normal
HYD034847,12536226087,Radhakrishna Enterprises,stationery,Shopping,17.4746742,78.5681925,3164363648,25.926,Normal
HYD034848,11690830789,Ramdev extension,stationery,Shopping,17.473718,78.5509483,4021573411,11.343,Normal
HYD034849,5732474088,Readers,stationery,Shopping,17.3353608,78.2901704,2235061745,13.713,Normal
HYD034850,12854642107,Royal Xerox and Stationary,stationery,Shopping,17.4185482,78.4625215,1309503677,23.799,Normal
HYD034851,6935413135,SRI SAI,stationery,Shopping,17.4799588,78.4796272,2789775746,9.585,Normal
HYD034852,6632844427,Sameeksha Stationery,stationery,Shopping,17.4192171,78.5652832,310444470,14.702,Normal
HYD034853,6822126590,Santhosh Stationery,stationery,Shopping,17.44705,78.444602,11846683842,16.548,Normal
HYD034854,6822126619,Sapthagiri Stationery,stationery,Shopping,17.513197,78.446225,2988138286,12.114,Normal
HYD034855,7244140121,Saraswathi book Store,stationery,Shopping,17.5309108,78.2651341,12234531623,8.446,Normal
HYD034856,6593421934,Sharadha Books & Stationary,stationery,Shopping,17.4226745,78.5684649,7694365545,12.529,Normal
HYD034857,10959100985,Shiva,stationery,Shopping,17.4418853,78.572216,2805343714,10.244,Normal
HYD034858,6822126622,Siri Pooja Stationary,stationery,Shopping,17.4936763,78.605193,6390373736,19.517,Normal
HYD034859,7243974411,Sreevidya book stall,stationery,Shopping,17.3961165,78.5034275,6308211169,24.494,Normal
HYD034860,12536226066,Sri Balaji Rexine Works,stationery,Shopping,17.4759576,78.5674351,3164348462,22.243,Normal
HYD034861,8233202646,Sri Gita Books Store,stationery,Shopping,17.4998558,78.5125359,2232047887,10.189,Normal
HYD034862,6822126635,Sri Sai Book Center,stationery,Shopping,17.329327,78.593167,3059817564,17.408,Normal
HYD034863,8387042816,Sri Sai stationery,stationery,Shopping,17.4548533,78.5026064,2225281783,8.52,Normal
HYD034864,1713940488,Stationary Shop,stationery,Shopping,17.3762571,78.5592094,1594509886,23.863,Normal
HYD034865,11736376185,Stationary Shop,stationery,Shopping,17.494457,78.3922846,1427603916,33.372,Normal
HYD034866,13673379171,Stationary centre,stationery,Shopping,17.3719343,78.4655309,3612556868,27.274,Normal
HYD034867,13673338582,Stationary shop,stationery,Shopping,17.3707176,78.5442729,1596679936,17.036,Normal
HYD034868,331214023,Stationery Centre,stationery,Shopping,17.49459024,78.39272738,760461434,13.455,Normal
HYD034869,11736410880,Stationery Shop,stationery,Shopping,17.4944277,78.3922496,1427603916,32.326,Normal
HYD034870,13673806806,Stationery and Xerox shop,stationery,Shopping,17.3758276,78.4685921,1320901077,25.85,Normal
HYD034871,13673540505,Stationery centre,stationery,Shopping,17.3812889,78.4757519,1320818381,26.08,Normal
HYD034872,12536226068,Swaraj Photo &Videography,stationery,Shopping,17.4758304,78.5675092,9910994740,18.599,Normal
HYD034873,12541130540,Swiss Castle General store,stationery,Shopping,17.4762723,78.5677426,2795822122,21.138,Normal
HYD034874,10960705285,Vaishnavi,stationery,Shopping,17.4423482,78.5723016,2805343737,17.111,Normal
HYD034875,2710748713,Venkateshwara Book Store,stationery,Shopping,17.3301136,78.5693323,2710743814,39.676,Normal
HYD034876,6822126551,Vijayalakshmi Stationery,stationery,Shopping,17.543595,78.438343,3614501460,11.027,Normal
HYD034877,3388939894,Y2K Stationery,stationery,Shopping,17.4913424,78.4082542,3388939893,24.746,Normal
HYD034878,12545949013,Zivame,stationery,Shopping,17.4783312,78.5600718,2225461242,28.525,Normal
HYD034879,7244184320,bunty shop,stationery,Shopping,17.4942001,78.3560482,2231949517,17.032,Normal
HYD034880,13673796756,om sai,stationery,Shopping,17.5019576,78.4249816,13671216887,16.367,Normal
HYD034881,13335598241,radhakrishna stationary,stationery,Shopping,17.5076429,78.4640988,11883056073,9.31,Normal
HYD034882,9523929898,stationary shop,stationery,Shopping,17.5022446,78.4188447,1578270704,12.063,Normal
HYD034883,7243950728,vikas book point,stationery,Shopping,17.3970311,78.5024919,315062704,20.774,Normal
HYD034884,7244184321,welcome stationeries,stationery,Shopping,17.4942469,78.3561997,7672517628,15.675,Normal
HYD035068,945060441,24-Letter-Mantra Organic Superstore,supermarket,Shopping,17.4102713,78.4373357,3167938445,21.925,Normal
HYD035069,7246565385,Anand Super market,supermarket,Shopping,17.3474607,78.5473148,6536401426,18.2,Normal
HYD035070,776655516,Anand supermarket,supermarket,Shopping,17.34746912,78.54731634,6536401426,17.259,Normal
HYD035071,6259467986,Ani's Apna Bazaar,supermarket,Shopping,17.4519138,78.3943368,1578541763,9.08,Normal
HYD035072,1215204846,Balaji Fresh,supermarket,Shopping,17.4641026,78.3666088,1301942367,21.302,Normal
HYD035073,4473357466,Balaji Grand,supermarket,Shopping,17.4100294,78.37566,13394434041,27.554,Normal
HYD035074,6218852886,Balaji Grand Bazar,supermarket,Shopping,17.4059604,78.4513702,3145250155,18.866,Normal
HYD035075,6982993985,Balaji Grand Bazar,supermarket,Shopping,17.3685253,78.4294128,3164011851,25.189,Normal
HYD035076,6308240125,Balaji Kirana Store,supermarket,Shopping,17.4068733,78.4852244,2859546600,40.981,Normal
HYD035077,6308240124,Balaji Super Market,supermarket,Shopping,17.4079028,78.4852418,315057180,16.828,Normal
HYD035078,11358156622,Balaji grand bazar,supermarket,Shopping,17.4896237,78.372362,11050451469,23.696,Normal
HYD035079,1122014050,Balaji grand bazar,supermarket,Shopping,17.368543533333334,78.42945045,10277918618,27.022,Normal
HYD035080,2080790571,Best Price Modern Wholesale,supermarket,Shopping,17.3357307,78.4268268,3208710472,17.738,Normal
HYD035081,3388904751,BhagyaLakshmi general store,supermarket,Shopping,17.4964439,78.4057461,2417812454,13.256,Normal
HYD035082,6810762246,Bhavani Kirana & General Stores,supermarket,Shopping,17.4782346,78.5531165,978107656,15.512,Normal
HYD035083,1306272822,Bhavani Mini Supermarket,supermarket,Shopping,17.480521,78.501067,2221877347,21.709,Normal
HYD035084,733897214,Big Bazaar,supermarket,Shopping,17.3532552,78.5561403,11827379867,27.173,Normal
HYD035085,1779566184,Big Bazar,supermarket,Shopping,17.4255333,78.5338972,4315742158,30.879,Normal
HYD035086,4592533689,Big Bazar,supermarket,Shopping,17.3887372,78.4772678,11041754361,34.163,Normal
HYD035087,5549552100,Big Bazar,supermarket,Shopping,17.3905854,78.4885066,11944991250,29.315,Normal
HYD035088,7392806369,Big Value Super Market,supermarket,Shopping,17.3614172,78.3951011,2744203778,16.895,Normal
HYD035089,6297956642,Borabanda Bus Stop,supermarket,Shopping,17.454119,78.4158075,3691106067,1.377,Normal
HYD035090,8110758017,Chamunda kirana shop,supermarket,Shopping,17.3861939,78.3823481,2794237311,23.511,Normal
HYD035091,5622328321,D Mart,supermarket,Shopping,17.5212099,78.4829918,11571981564,12.324,Normal
HYD035092,8233700552,D Mart malakpet,supermarket,Shopping,17.3725101,78.5067825,10277658587,14.407,Normal
HYD035093,563384243,D Mart supar market,supermarket,Shopping,17.39955874,78.53893076,2236318391,32.746,Normal
HYD035094,340081954,D-Mart,supermarket,Shopping,17.481455259999997,78.39134884,11047627983,38.543,Normal
HYD035095,3530186282,DMart,supermarket,Shopping,17.34847,78.514658,11832494521,12.681,Normal
HYD035096,4646383994,DMart,supermarket,Shopping,17.408952,78.3991994,11046424963,10.132,Normal
HYD035097,8389405333,DMart,supermarket,Shopping,17.4823525,78.4486701,6117598571,37.731,Normal
HYD035098,11484298985,DMart,supermarket,Shopping,17.5103958,78.2953797,4009708577,66.388,Normal
HYD035099,12841256313,DMart,supermarket,Shopping,17.4000389,78.5550753,12880221170,24.873,Normal
HYD035100,13437099183,DMart,supermarket,Shopping,17.3597868,78.3858013,13366616350,28.318,Normal
HYD035101,642221142,DMart,supermarket,Shopping,17.43803378,78.39517932000001,3146898450,33.792,Normal
HYD035102,879760814,DMart,supermarket,Shopping,17.50980028,78.29602884,9911334277,25.948,Normal
HYD035103,1014631587,DMart,supermarket,Shopping,17.46841804,78.54629034,662766124,31.528,Normal
HYD035104,1082936184,DMart,supermarket,Shopping,17.46697332,78.30931792,2225418922,29.053,Normal
HYD035105,6996936977,DMt,supermarket,Shopping,17.3115034,78.5199067,6996936979,13.841,Normal
HYD035106,11690291882,Dariyav supermarket,supermarket,Shopping,17.488934,78.4459299,2778849679,13.146,Normal
HYD035107,6935221552,Dathathreya,supermarket,Shopping,17.4800803,78.4794528,3598272841,20.723,Normal
HYD035108,2354686532,Dilip Super Market,supermarket,Shopping,17.400574,78.3878215,2795871100,20.644,Normal
HYD035109,1872508643,Dmart,supermarket,Shopping,17.4762797,78.4216433,11572006362,39.237,Normal
HYD035110,7642406389,Dmart,supermarket,Shopping,17.4403663,78.5030147,2234141586,43.267,Normal
HYD035111,596737027,Dmart,supermarket,Shopping,17.39878238,78.48191566,11038795039,18.649,Normal
HYD035112,1051807880,Empty,supermarket,Shopping,17.49112182,78.55789498,2231531819,19.954,Normal
HYD035113,8315262842,FLOWER MARKET,supermarket,Shopping,17.384879,78.4343629,7715597098,26.126,Normal
HYD035114,4691764097,Food Bazaar,supermarket,Shopping,17.4171189,78.4119627,3579915416,22.442,Normal
HYD035115,4989366577,Food Bazzar,supermarket,Shopping,17.4637403,78.3471326,11042136365,19.754,Normal
HYD035116,2710748272,Food Land,supermarket,Shopping,17.3299651,78.5692786,1324669887,39.005,Normal
HYD035117,726712215,Food World,supermarket,Shopping,17.4031461,78.482496,13337823248,7.06,Normal
HYD035118,1338294312,Food World,supermarket,Shopping,17.464039,78.502486,11058070831,19.844,Normal
HYD035119,7246834917,Food land,supermarket,Shopping,17.3692525,78.5319211,312813230,27.42,Normal
HYD035120,813570573,Foodworld,supermarket,Shopping,17.4311866,78.4072757,5675328455,40.62,Normal
HYD035121,817354436,Foodworld,supermarket,Shopping,17.444522,78.4631239,11032078844,26.727,Normal
HYD035122,357187786,Fresh Super Market,supermarket,Shopping,17.44307306,78.46158847999999,11493868345,18.54,Normal
HYD035123,6263600287,Ganesh Supermarket,supermarket,Shopping,17.407475,78.5566927,310445677,20.997,Normal
HYD035124,12841344418,Ganesh kirana store,supermarket,Shopping,17.3944364,78.5305729,2234831759,11.66,Normal
HYD035125,3103287209,General Store,supermarket,Shopping,17.4504148,78.4376286,2822568698,26.284,Normal
HYD035126,12854642320,General Store,supermarket,Shopping,17.5291416,78.279556,2763873965,13.045,Normal
HYD035127,12854642321,General Store,supermarket,Shopping,17.5291383,78.2794332,2763873968,14.789,Normal
HYD035128,12854642322,General Store,supermarket,Shopping,17.5290509,78.2792187,2763873968,10.004,Normal
HYD035129,514822732,General store,supermarket,Shopping,17.338272080000003,78.38199175999999,3579901540,19.985,Normal
HYD035130,1473519551,General store,supermarket,Shopping,17.415680000000002,78.37785288,11811408688,14.083,Normal
HYD035131,8386134636,Ghanshyam Super Market,supermarket,Shopping,17.4551731,78.5040514,2222305325,18.327,Normal
HYD035132,8386386570,Ghanshyam Super Market,supermarket,Shopping,17.4579823,78.500072,13116528588,16.966,Normal
HYD035133,634133416,Gold Spot Wines,supermarket,Shopping,17.4047791,78.5104316,11972076768,14.538,Normal
HYD035134,3159027239,Good Buy Supermarket,supermarket,Shopping,17.4395391,78.4424276,349249332,34.923,Normal
HYD035135,8315262230,Gudimalkapur vegetable market,supermarket,Shopping,17.3835626,78.4353476,13154680469,19.188,Normal
HYD035136,4989366576,Heritage,supermarket,Shopping,17.4637371,78.3471051,11042136365,16.893,Normal
HYD035137,6308214123,Heritage,supermarket,Shopping,17.3621037,78.3935089,2188391608,22.308,Normal
HYD035138,1124259664,Heritage Fresh,supermarket,Shopping,17.4048217,78.5154533,12047185865,13.161,Normal
HYD035139,2430142883,Heritage Fresh,supermarket,Shopping,17.3746506,78.5523864,11932401508,19.83,Normal
HYD035140,2794745057,Heritage Fresh,supermarket,Shopping,17.4401842,78.4818181,3182218445,33.171,Normal
HYD035141,3155668626,Heritage Fresh,supermarket,Shopping,17.4363112,78.4364036,7718986115,11.333,Normal
HYD035142,4637257912,Heritage Fresh,supermarket,Shopping,17.469727,78.3623473,2232093627,29.422,Normal
HYD035143,5547110140,Heritage Fresh,supermarket,Shopping,17.4138534,78.5855492,7716299096,17.336,Normal
HYD035144,6616114204,Heritage Fresh,supermarket,Shopping,17.50449,78.3355858,11041557040,36.101,Normal
HYD035145,6950562608,Heritage Fresh,supermarket,Shopping,17.5064202,78.355313,4191537095,20.485,Normal
HYD035146,7244184393,Heritage Fresh,supermarket,Shopping,17.4981041,78.409625,1428964212,11.534,Normal
HYD035147,8212448075,Heritage Fresh,supermarket,Shopping,17.4994218,78.5116611,2232047836,21.547,Normal
HYD035148,356252757,Heritage Fresh,supermarket,Shopping,17.454709819999998,78.36868111999999,12014486483,18.595,Normal
HYD035149,468483862,Heritage Fresh,supermarket,Shopping,17.50137686,78.5896014,2795744222,19.183,Normal
HYD035150,5957568091,Heritage Fresh Store,supermarket,Shopping,17.445108,78.3856663,352765327,25.062,Normal
HYD035151,2835658444,Heritage Super market,supermarket,Shopping,17.4505098,78.4242767,6444254215,13.349,Normal
HYD035152,6255607713,Heritage Supermarket,supermarket,Shopping,17.4028301,78.4633917,13271963944,15.933,Normal
HYD035153,8065632053,Heritage Supermkarket,supermarket,Shopping,17.5225754,78.3964775,1706620123,18.524,Normal
HYD035154,5664317761,Heritage fresh,supermarket,Shopping,17.4303207,78.3254078,2244917188,24.561,Normal
HYD035155,8113816654,Heritage fresh,supermarket,Shopping,17.4003475,78.3817304,3579912527,4.765,Normal
HYD035156,8111129375,Heritage super market,supermarket,Shopping,17.4139535,78.5709779,2649445759,10.633,Normal
HYD035157,1779441445,Hometown,supermarket,Shopping,17.4271176,78.4530481,7701119338,17.905,Normal
HYD035158,9496252336,House of Happiiness,supermarket,Shopping,17.3930517,78.4488416,1321331412,14.338,Normal
HYD035159,512993702,Hypercity,supermarket,Shopping,17.4341435,78.3864204,13313072576,68.884,Normal
HYD035160,2579740692,Hypermart,supermarket,Shopping,17.4899266,78.3927105,11066414999,31.027,Normal
HYD035161,7002704876,KPN Fresh,supermarket,Shopping,17.4888452,78.3871485,7115968275,16.795,Normal
HYD035162,7560734075,Kerala Handloom and Super Store,supermarket,Shopping,17.4791624,78.5323695,10603711895,20.597,Normal
HYD035163,3777427328,Kirana Ghar,supermarket,Shopping,17.4260486,78.457334,1779040754,19.771,Normal
HYD035164,11747882233,Kirana Ghar,supermarket,Shopping,17.4264967,78.4574629,12530038581,15.613,Normal
HYD035165,4428976091,Kirana ghar,supermarket,Shopping,17.4011413,78.4887277,2857520303,31.8,Normal
HYD035166,4431912293,Kirana ghar,supermarket,Shopping,17.4011249,78.4887156,2857520303,34.031,Normal
HYD035167,6765562763,Kiranam,supermarket,Shopping,17.4233298,78.5134238,7677347746,20.481,Normal
HYD035168,6765562752,Kiranam Shop,supermarket,Shopping,17.423162,78.5127984,2234500683,9.803,Normal
HYD035169,6765562758,Kiranam Shop & Milk,supermarket,Shopping,17.4231107,78.5126442,2234500683,13.08,Normal
HYD035170,2701643672,Kisan Mart,supermarket,Shopping,17.4696775,78.3569066,2231576419,20.705,Normal
HYD035171,7025820776,Kisan Supermarket,supermarket,Shopping,17.4441769,78.3990718,324210288,20.178,Normal
HYD035172,1424016735,Krish Mart,supermarket,Shopping,17.524120219999997,78.39503634,2780909392,21.005,Normal
HYD035173,357590453,Lakshmi super marked,supermarket,Shopping,17.329421879999998,78.58007162,2725394143,13.886,Normal
HYD035174,356560985,MORE SUPER MARKET,supermarket,Shopping,17.476960619999996,78.55626704,978107655,18.151,Normal
HYD035175,357129494,MORE Supermarket,supermarket,Shopping,17.345532340000002,78.56881012,733901457,31.841,Normal
HYD035176,7246509577,Mallikarjuna Kirana stores,supermarket,Shopping,17.3545569,78.3799429,2744203619,13.194,Normal
HYD035177,6652622186,Masqati,supermarket,Shopping,17.3728801,78.4995744,3612557517,23.469,Normal
HYD035178,4367372690,Mathaji kirana store,supermarket,Shopping,17.4155924,78.5754878,2854498097,9.757,Normal
HYD035179,8386718853,Meat Mart,supermarket,Shopping,17.4608422,78.4758844,8386683568,6.987,Normal
HYD035180,129532496,Metro Cash and Carry,supermarket,Shopping,17.4810128875,78.4193802125,3602313826,2.237,Normal
HYD035181,1465001195,Mini Supermarket,supermarket,Shopping,17.3963986,78.50046652500001,13436948461,41.305,Normal
HYD035182,8233374612,Modern Mart,supermarket,Shopping,17.5341405,78.3923891,3614499400,19.091,Normal
HYD035183,726223497,More,supermarket,Shopping,17.4092366,78.4635984,712861619,27.227,Normal
HYD035184,726711488,More,supermarket,Shopping,17.4021361,78.4842358,2847633968,20.349,Normal
HYD035185,888544514,More,supermarket,Shopping,17.469086,78.3674411,884909486,22.078,Normal
HYD035186,1038356936,More,supermarket,Shopping,17.4763321,78.4986006,2221876937,18.849,Normal
HYD035187,1435296252,More,supermarket,Shopping,17.4500557,78.5349163,7710354418,13.019,Normal
HYD035188,2023660439,More,supermarket,Shopping,17.498029,78.4093927,663139663,8.53,Normal
HYD035189,2429321435,More,supermarket,Shopping,17.3723791,78.5456459,11061183858,17.444,Normal
HYD035190,2710732019,More,supermarket,Shopping,17.3305796,78.5693859,2710743814,26.223,Normal
HYD035191,2710770238,More,supermarket,Shopping,17.4918634,78.4089417,7694521079,31.674,Normal
HYD035192,4199100989,More,supermarket,Shopping,17.446636,78.4472569,1498261588,36.081,Normal
HYD035193,4664867890,More,supermarket,Shopping,17.493588,78.3280012,10279749673,24.251,Normal
HYD035194,4674815189,More,supermarket,Shopping,17.4860165,78.3132697,11486056680,18.372,Normal
HYD035195,4709578066,More,supermarket,Shopping,17.4989509,78.593733,2795779442,21.113,Normal
HYD035196,6868660395,More,supermarket,Shopping,17.4554716,78.4227384,6297948166,44.317,Normal
HYD035197,6934836167,More,supermarket,Shopping,17.5226521,78.396508,1706620088,24.248,Normal
HYD035198,6935219568,More,supermarket,Shopping,17.3303488,78.6076909,11842963026,8.628,Normal
HYD035199,6935428149,More,supermarket,Shopping,17.4821223,78.4772289,2789776023,21.606,Normal
HYD035200,7244134461,More,supermarket,Shopping,17.3290591,78.5826868,2725394138,13.255,Normal
HYD035201,7244163080,More,supermarket,Shopping,17.492792,78.3527273,11037035656,27.261,Normal
HYD035202,7246751295,More,supermarket,Shopping,17.4914426,78.6023836,11174383669,22.154,Normal
HYD035203,8111098697,More,supermarket,Shopping,17.4057061,78.4955046,13336029896,29.16,Normal
HYD035204,13611250304,More,supermarket,Shopping,17.5027799,78.2918983,2760856251,18.855,Normal
HYD035205,232954898,More,supermarket,Shopping,17.374291179999997,78.56151196,7246509971,22.669,Normal
HYD035206,343650558,More,supermarket,Shopping,17.49450594,78.4052284,6308390055,29.476,Normal
HYD035207,355676947,More,supermarket,Shopping,17.5173431,78.38144516000001,10208581531,14.884,Normal
HYD035208,10823084223,More Mega Mart,supermarket,Shopping,17.3634898,78.5442153,12198765337,33.629,Normal
HYD035209,2606017581,More Megastore,supermarket,Shopping,17.4170807,78.4534942,11505069971,25.288,Normal
HYD035210,5539317129,More Super Market,supermarket,Shopping,17.4178073,78.5192864,309707392,14.975,Normal
HYD035211,5541528887,More Super Market,supermarket,Shopping,17.4058822,78.5866749,7701760196,19.862,Normal
HYD035212,6029139572,More Super Market,supermarket,Shopping,17.3619717,78.5262738,2243962280,35.888,Normal
HYD035213,6765562760,More Super Market,supermarket,Shopping,17.4279413,78.5173551,2859788053,22.634,Normal
HYD035214,1236750011,Neekidia Furnitures,supermarket,Shopping,17.348695960000004,78.553229,11530209261,30.098,Normal
HYD035215,8110911723,Ninja kart,supermarket,Shopping,17.3907309,78.3825624,7686954096,11.576,Normal
HYD035216,2208171899,Oasis Centre,supermarket,Shopping,17.4302674,78.4564539,3229482033,39.668,Normal
HYD035217,7025820755,One Store Super Market,supermarket,Shopping,17.44053,78.3943343,2458199408,18.214,Normal
HYD035218,8113834530,Orange super market,supermarket,Shopping,17.4092137,78.5709162,2649446249,15.328,Normal
HYD035219,356437133,Orange supermarket,supermarket,Shopping,17.40809282,78.59644066000001,3598399736,27.877,Normal
HYD035220,357082427,Our Store Savings Supermarket,supermarket,Shopping,17.41541524,78.5650806,11224629955,16.738,Normal
HYD035221,10229385917,Pavitra Supermart,supermarket,Shopping,17.3947749,78.3691253,4329730225,22.139,Normal
HYD035222,8892679281,Polimeraas,supermarket,Shopping,17.4524181,78.4229536,1748011669,30.684,Normal
HYD035223,6776351527,Poonam Chandulal Kirana & General Stores,supermarket,Shopping,17.4220368,78.5168693,2234500476,14.94,Normal
HYD035224,6263660887,Prashanth Supermarket,supermarket,Shopping,17.4061084,78.5558034,310445674,24.059,Normal
HYD035225,8892679276,Pure O Natural,supermarket,Shopping,17.4505198,78.4240673,1748893695,21.911,Normal
HYD035226,1883488179,Q Mart,supermarket,Shopping,17.4266813,78.4384278,11846367658,23.895,Normal
HYD035227,7046190484,Q Mart,supermarket,Shopping,17.4468817,78.3638725,11032185977,31.202,Normal
HYD035228,5404973144,RATNADEEP,supermarket,Shopping,17.4431249,78.3548368,10072585046,24.205,Normal
HYD035229,786479000,RK Stores,supermarket,Shopping,17.456237599999998,78.3029927,2225418461,16.162,Normal
HYD035230,8110754616,Raithu panta,supermarket,Shopping,17.3886789,78.3825724,3670020719,18.429,Normal
HYD035231,902311545,Ratnadeep,supermarket,Shopping,17.4550989,78.4985143,3207195566,16.138,Normal
HYD035232,1885686786,Ratnadeep,supermarket,Shopping,17.4288307,78.4396942,7684597955,11.889,Normal
HYD035233,6249912085,Ratnadeep,supermarket,Shopping,17.400537,78.4534576,2855073234,18.98,Normal
HYD035234,6855217286,Ratnadeep,supermarket,Shopping,17.4583523,78.3710391,14107382041,18.971,Normal
HYD035235,7244168643,Ratnadeep,supermarket,Shopping,17.4984836,78.4148451,2249842382,8.54,Normal
HYD035236,8111012819,Ratnadeep,supermarket,Shopping,17.3969738,78.377525,2794196878,23.933,Normal
HYD035237,8113838170,Ratnadeep,supermarket,Shopping,17.3641067,78.5476319,312813308,19.792,Normal
HYD035238,8193147569,Ratnadeep,supermarket,Shopping,17.521489,78.3965747,2237525011,37.72,Normal
HYD035239,8387157892,Ratnadeep,supermarket,Shopping,17.4296632,78.5337989,1939290981,29.815,Normal
HYD035240,8891813162,Ratnadeep,supermarket,Shopping,17.4349182,78.4144249,3602301609,25.132,Normal
HYD035241,8934966343,Ratnadeep,supermarket,Shopping,17.4688377,78.4812309,14014153391,26.776,Normal
HYD035242,8990523758,Ratnadeep,supermarket,Shopping,17.4818864,78.5541349,3388779898,32.329,Normal
HYD035243,10253790309,Ratnadeep,supermarket,Shopping,17.3928515,78.4569744,308779467,27.421,Normal
HYD035244,10279859233,Ratnadeep,supermarket,Shopping,17.330052,78.568986,1324669887,46.43,Normal
HYD035245,11447318964,Ratnadeep,supermarket,Shopping,17.3902148,78.3416796,9580662983,19.368,Normal
HYD035246,11772090407,Ratnadeep,supermarket,Shopping,17.4996183,78.3855133,11043669437,17.816,Normal
HYD035247,13227600336,Ratnadeep,supermarket,Shopping,17.389183,78.4230978,11829695431,31.053,Normal
HYD035248,13227600348,Ratnadeep,supermarket,Shopping,17.403742,78.4075094,13386391598,23.593,Normal
HYD035249,13965391455,Ratnadeep,supermarket,Shopping,17.4276602,78.3286713,9939289681,33.429,Normal
HYD035250,14022778130,Ratnadeep,supermarket,Shopping,17.4194349,78.3532017,2246072709,22.73,Normal
HYD035251,472478902,Ratnadeep,supermarket,Shopping,17.47268932,78.30884208,12777856815,37.084,Normal
HYD035252,563511631,Ratnadeep,supermarket,Shopping,17.46243616,78.49023915999999,315072815,31.445,Normal
HYD035253,814833548,Ratnadeep,supermarket,Shopping,17.456051100000003,78.36510570000002,13361046120,24.975,Normal
HYD035254,7698782486,Ratnadeep Super Market,supermarket,Shopping,17.4417042,78.4459759,3204341060,32.766,Normal
HYD035255,9870554867,Ratnadeep Super Market,supermarket,Shopping,17.4114463,78.5859549,7716299101,14.786,Normal
HYD035256,10279582855,Ratnadeep Super Market,supermarket,Shopping,17.44101,78.4509941,350305917,16.59,Normal
HYD035257,2586288038,Ratnadeep SuperMarket,supermarket,Shopping,17.4561835,78.3646926,1699091378,18.041,Normal
HYD035258,1042229873,Ratnadeep Supermarket,supermarket,Shopping,17.4460891,78.3847015,13361464081,22.154,Normal
HYD035259,3155644503,Ratnadeep Supermarket,supermarket,Shopping,17.4366207,78.4338279,7718986093,12.7,Normal
HYD035260,3777418109,Ratnadeep Supermarket,supermarket,Shopping,17.4255244,78.4568923,2477255911,14.339,Normal
HYD035261,6949244903,Ratnadeep Supermarket,supermarket,Shopping,17.4639813,78.3674272,12290566790,19.306,Normal
HYD035262,7243946117,Ratnadeep Supermarket,supermarket,Shopping,17.4950161,78.3567251,11032189861,20.672,Normal
HYD035263,7533426345,Ratnadeep Supermarket,supermarket,Shopping,17.4172233,78.4105069,4173954967,21.581,Normal
HYD035264,10229391617,Ratnadeep Supermarket,supermarket,Shopping,17.3964837,78.3697574,4329460384,21.242,Normal
HYD035265,11341063146,Ratnadeep Supermarket,supermarket,Shopping,17.4155088,78.3407077,12574552635,26.381,Normal
HYD035266,12618677017,Ratnadeep Supermarket,supermarket,Shopping,17.5538406,78.362166,4191150340,32.214,Normal
HYD035267,355891695,Ratnadeep Supermarket,supermarket,Shopping,17.509779639999998,78.3622066,3547283709,23.168,Normal
HYD035268,7244229677,Ratnadeep Supermarkets,supermarket,Shopping,17.4349848,78.4498652,289520250,31.938,Normal
HYD035269,9131094946,Ratnadeep express,supermarket,Shopping,17.456015,78.5054134,3598265429,34.248,Normal
HYD035270,5565535258,Ratnadeep super market,supermarket,Shopping,17.3943466,78.4378558,3579911085,21.722,Normal
HYD035271,8909248527,"Ratnadeep super market,Kalyan Nagar",supermarket,Shopping,17.4440636,78.4332664,3166221993,26.941,Normal
HYD035272,7171281958,Ratnadeep supermarket,supermarket,Shopping,17.3549342,78.5363807,2245834879,40.084,Normal
HYD035273,7244264230,Ratnadeep supermarket,supermarket,Shopping,17.3995968,78.4862354,4315514366,22.004,Normal
HYD035274,12413100578,Ratndeep,supermarket,Shopping,17.4936849,78.4047544,12165036182,14.627,Normal
HYD035275,14022778123,Ratndeep,supermarket,Shopping,17.4176746,78.3654426,7690525275,29.011,Normal
HYD035276,7243974414,Reddy super mart,supermarket,Shopping,17.3962766,78.5034854,6308211168,9.031,Normal
HYD035277,10279742405,Reliance Digital,supermarket,Shopping,17.3202335,78.5294653,2247657524,20.886,Normal
HYD035278,360195826,Reliance Fresh,supermarket,Shopping,17.4939199,78.3481444,360191969,17.516,Normal
HYD035279,513424891,Reliance Fresh,supermarket,Shopping,17.4427877,78.4445099,353012639,15.434,Normal
HYD035280,538425758,Reliance Fresh,supermarket,Shopping,17.4385109,78.4481174,3598259237,15.184,Normal
HYD035281,1435307430,Reliance Fresh,supermarket,Shopping,17.4499508,78.5315476,2231827470,27.759,Normal
HYD035282,2708157529,Reliance Fresh,supermarket,Shopping,17.3949251,78.5111794,6559289723,18.515,Normal
HYD035283,2710757269,Reliance Fresh,supermarket,Shopping,17.4949521,78.4116846,1431239091,19.675,Normal
HYD035284,3155648512,Reliance Fresh,supermarket,Shopping,17.4360885,78.4359683,13037130341,18.522,Normal
HYD035285,3388794150,Reliance Fresh,supermarket,Shopping,17.4063747,78.5438705,2236748288,29.871,Normal
HYD035286,4695594591,Reliance Fresh,supermarket,Shopping,17.4891696,78.3236847,2228839216,21.004,Normal
HYD035287,5682100369,Reliance Fresh,supermarket,Shopping,17.4416015,78.384644,6149495077,17.131,Normal
HYD035288,6868660402,Reliance Fresh,supermarket,Shopping,17.4541191,78.4212141,4206322205,11.089,Normal
HYD035289,7165443684,Reliance Fresh,supermarket,Shopping,17.4506079,78.4236229,3602306632,43.342,Normal
HYD035290,8113816655,Reliance Fresh,supermarket,Shopping,17.4000868,78.3818165,7709411686,19.368,Normal
HYD035291,8212489364,Reliance Fresh,supermarket,Shopping,17.4997156,78.511367,2232047850,22.951,Normal
HYD035292,8386566914,Reliance Fresh,supermarket,Shopping,17.3957542,78.5287694,13452000653,13.948,Normal
HYD035293,10806671059,Reliance Fresh,supermarket,Shopping,17.4998168,78.5927436,2795779462,24.499,Normal
HYD035294,116235711,Reliance Fresh,supermarket,Shopping,17.4418233,78.35975288,3602303301,21.474,Normal
HYD035295,232954827,Reliance Fresh,supermarket,Shopping,17.3767404,78.55924545,1586154829,24.33,Normal
HYD035296,356483369,Reliance Fresh,supermarket,Shopping,17.405534460000002,78.55753722,3598398830,69.645,Normal
HYD035297,733440576,Reliance Fresh,supermarket,Shopping,17.45542538,78.42216736,6297956641,48.121,Normal
HYD035298,776424206,Reliance Fresh,supermarket,Shopping,17.43852062,78.44810608,3598259237,15.524,Normal
HYD035299,1883482610,Reliance Smart,supermarket,Shopping,17.4306001,78.4487295,1883482006,30.971,Normal
HYD035300,10732461394,Reliance Smart,supermarket,Shopping,17.3928385,78.3882551,2391888679,18.921,Normal
HYD035301,355912432,Reliance Super Market,supermarket,Shopping,17.485873820000002,78.53728382,971318208,28.878,Normal
HYD035302,13611060248,Reliance Super matket,supermarket,Shopping,17.3619096,78.5218826,4180278907,23.068,Normal
HYD035303,12852150693,Reliance fresh,supermarket,Shopping,17.395655,78.5287934,13452000653,21.663,Normal
HYD035304,12536226079,Rice Traders,supermarket,Shopping,17.474759,78.5681149,3164363648,16.872,Normal
HYD035305,7246583492,Rishi Shop,supermarket,Shopping,17.3455982,78.5454656,2245995287,16.079,Normal
HYD035306,7244134450,SAI Pooja Stores,supermarket,Shopping,17.3302474,78.5770463,3598381979,18.533,Normal
HYD035307,7917719787,SKS Traders,supermarket,Shopping,17.4112363,78.4919158,315060291,13.24,Normal
HYD035308,356234511,SRI MAHALAKSHMI PROVISION STORES,supermarket,Shopping,17.433973599999998,78.41600095999999,2570397587,25.612,Normal
HYD035309,8065719891,STAR Supermarket,supermarket,Shopping,17.5152799,78.3963963,2237524997,5.412,Normal
HYD035310,8123716418,SVM super mart,supermarket,Shopping,17.5622111,78.4547224,7669037197,15.106,Normal
HYD035311,7025820869,Safe N Pure Agro,supermarket,Shopping,17.4365456,78.4021219,7655106939,14.835,Normal
HYD035312,874580321,Sahara Shopping Complex,supermarket,Shopping,17.34811984,78.56951044,1327819532,30.087,Normal
HYD035313,6400631766,Sai Sri Kirana store,supermarket,Shopping,17.3686252,78.5138476,2243963543,11.071,Normal
HYD035314,12483896623,Sampoorna,supermarket,Shopping,17.4364495,78.3419568,2246173597,21.765,Normal
HYD035315,357043382,Sampoorna Super Market,supermarket,Shopping,17.40705092,78.3918138,4328310676,23.697,Normal
HYD035316,10171328851,Sampoorna Super Mart,supermarket,Shopping,17.4505044,78.3918238,1302063230,13.968,Normal
HYD035317,744820527,Sampoorna Super mart,supermarket,Shopping,17.450518,78.39186236,1302063230,17.426,Normal
HYD035318,7244029379,Sampoorna Supermarket,supermarket,Shopping,17.407426,78.3825431,4328310683,16.803,Normal
HYD035319,13408726293,Sampoorna Supermarket,supermarket,Shopping,17.4187589,78.3772649,3602298707,15.994,Normal
HYD035320,6029139570,Sanjay Super Market,supermarket,Shopping,17.3643545,78.5263602,307047880,23.734,Normal
HYD035321,6308240126,Shekar Super Market,supermarket,Shopping,17.40789,78.486198,1693986560,11.735,Normal
HYD035322,7008880759,Shiva Sai,supermarket,Shopping,17.495187,78.3970415,350457004,12.795,Normal
HYD035323,1157556423,Shivani kirana stores,supermarket,Shopping,17.51669266,78.44067878000001,2852326041,13.544,Normal
HYD035324,2949046160,Shivrampally,supermarket,Shopping,17.3272046,78.4278431,2730859395,24.341,Normal
HYD035325,1306268405,Shyam Supermarket,supermarket,Shopping,17.4844091,78.4976953,3598274791,9.023,Normal
HYD035326,5163286622,Sindhu Kirana & General Shop,supermarket,Shopping,17.3428471,78.5585659,1324378831,23.121,Normal
HYD035327,6935545368,Siri Super Market,supermarket,Shopping,17.4497697,78.3920674,7008930798,44.705,Normal
HYD035328,13227600335,Smart Bazaar,supermarket,Shopping,17.4058426,78.4050706,13385949067,26.76,Normal
HYD035329,4320741194,Spar,supermarket,Shopping,17.4303803,78.4562201,3229482033,11.993,Normal
HYD035330,7010429422,Spar,supermarket,Shopping,17.457546,78.3634002,3602308607,49.297,Normal
HYD035331,7066081506,Spar,supermarket,Shopping,17.4522698,78.3626074,13350856577,22.373,Normal
HYD035332,10244211021,Spar,supermarket,Shopping,17.425566,78.5496479,11824261510,15.071,Normal
HYD035333,8233220020,Spar Hypermarket,supermarket,Shopping,17.4400212,78.5049503,11068477247,15.741,Normal
HYD035334,11358156632,Spar Hypermarket,supermarket,Shopping,17.4841171,78.3890722,6150020404,38.384,Normal
HYD035335,7088365504,Spencars,supermarket,Shopping,17.4376637,78.4484512,3598258973,22.267,Normal
HYD035336,9918909838,Spencer,supermarket,Shopping,17.4716357,78.4834001,11462365088,20.115,Normal
HYD035337,1082290137,Spencer,supermarket,Shopping,17.471565299999998,78.48334700000001,11462365088,26.329,Normal
HYD035338,1985688898,Spencer's Retail,supermarket,Shopping,17.4872341,78.3953642,350438463,29.23,Normal
HYD035339,665132277,Spencers,supermarket,Shopping,17.428864,78.5334081,7713048840,2.288,Normal
HYD035340,3210306321,Spencers,supermarket,Shopping,17.4931799,78.4100386,2710765366,10.14,Normal
HYD035341,3388795592,Spencers,supermarket,Shopping,17.4930485,78.4040118,1437305486,9.349,Normal
HYD035342,2702452111,Spencers Hypermarket,supermarket,Shopping,17.4123605,78.4984613,2857751546,24.31,Normal
HYD035343,538425757,Spenser's Supermarket,supermarket,Shopping,17.4376555,78.4484419,3598258973,21.16,Normal
HYD035344,8005899360,Sreeram supermarket,supermarket,Shopping,17.5006132,78.3549447,3602324892,10.966,Normal
HYD035345,357348335,Sri Bahucharaji Timber Depot,supermarket,Shopping,17.4643172125,78.455345475,3670022584,29.725,Normal
HYD035346,8892679279,Sri Durga Dry Fuits,supermarket,Shopping,17.4513148,78.4229924,3166227200,24.302,Normal
HYD035347,10836252938,Sri Venkateshwara Krina Genetal Store,supermarket,Shopping,17.3788041,78.4391288,3612560065,5.228,Normal
HYD035348,4979072489,Sri Venkateswara Kirana & General store,supermarket,Shopping,17.3611457,78.566683,1596025080,9.588,Normal
HYD035349,7625682287,Srini Mart,supermarket,Shopping,17.4668648,78.3652422,13371265275,15.988,Normal
HYD035350,4773276015,Srinivasa Kirana & General Stores,supermarket,Shopping,17.4500825,78.3649253,1301718403,7.035,Normal
HYD035351,9837770935,Star Bazaar,supermarket,Shopping,17.4679528,78.4816908,11173455816,32.427,Normal
HYD035352,13961743506,Star Bazaar,supermarket,Shopping,17.4874724,78.5671233,13961845308,24.665,Normal
HYD035353,1150750011,Star Bazaar,supermarket,Shopping,17.468789675,78.3667536125,11482281059,32.403,Normal
HYD035354,9924687410,Star Bazar,supermarket,Shopping,17.4684949,78.481664,14014153394,18.648,Normal
HYD035355,6652949192,Star Market,supermarket,Shopping,17.4073307,78.4453263,12638438999,27.45,Normal
HYD035356,11690678635,Stationary shop,supermarket,Shopping,17.4735119,78.5506998,2232017839,9.371,Normal
HYD035357,7244467459,Steel Bigbazar,supermarket,Shopping,17.3648025,78.5265703,2245835807,19.381,Normal
HYD035358,2616358877,Sujana Super Market,supermarket,Shopping,17.4948996,78.3430086,3164090692,26.648,Normal
HYD035359,4672021894,Supraja Supermarket,supermarket,Shopping,17.4206759,78.4025586,1293113887,20.465,Normal
HYD035360,5572477891,Suryodaya Super Market,supermarket,Shopping,17.5019607,78.542157,971318276,19.261,Normal
HYD035361,5527680130,Suvida Stores,supermarket,Shopping,17.3680279,78.5136319,2243963491,10.61,Normal
HYD035362,7965803694,Svech,supermarket,Shopping,17.4868657,78.5389454,1001548859,27.327,Normal
HYD035363,7114069986,Swathi Traders,supermarket,Shopping,17.4904278,78.3978251,2787006173,10.025,Normal
HYD035364,1003619111,Taruni Super Market,supermarket,Shopping,17.4004902,78.3884301,2795871107,28.788,Normal
HYD035365,562381599,Tata -Tesco Star Hyper Market,supermarket,Shopping,17.44430898,78.35533702000001,13347752019,13.812,Normal
HYD035366,1435296000,Tharuni Super Market,supermarket,Shopping,17.4500675,78.5360546,12086658945,15.74,Normal
HYD035367,5620024296,United Colors of Benetton,supermarket,Shopping,17.4197297,78.4484606,2126214185,9.949,Normal
HYD035368,10279728115,Urban Super Mart,supermarket,Shopping,17.4245106,78.452603,3676077010,16.047,Normal
HYD035369,9131094945,Urban Supermarket,supermarket,Shopping,17.4557873,78.5048461,245640747,33.919,Normal
HYD035370,1435307431,Ushodaya Suoer Market,supermarket,Shopping,17.4505025,78.5354189,1332771659,8.744,Normal
HYD035371,9870554868,Ushodaya Super Market,supermarket,Shopping,17.4110851,78.5857362,11485688925,11.821,Normal
HYD035372,356268789,Ushodaya Super Market,supermarket,Shopping,17.49993934,78.59178568,2795779476,27.327,Normal
HYD035373,7008053386,Ushodaya Supermarket,supermarket,Shopping,17.4808787,78.5552459,2225461281,43.437,Normal
HYD035374,6868660396,VIJETHA SUPER MARKET,supermarket,Shopping,17.4550062,78.4221941,3602307707,28.068,Normal
HYD035375,3159027215,Value Mart,supermarket,Shopping,17.4362402,78.439368,353720901,12.242,Normal
HYD035376,12993630601,Value Zone Hyper Mart,supermarket,Shopping,17.5347802,78.2519256,13337787298,56.882,Normal
HYD035377,5367392406,Vasu sarees,supermarket,Shopping,17.4949794,78.3680797,5354179743,13.716,Normal
HYD035378,6850830333,Vegetable And Fruit Market,supermarket,Shopping,17.4455149,78.4613656,366528612,16.663,Normal
HYD035379,10279481518,Vegetable Market,supermarket,Shopping,17.3596237,78.4417693,3612551139,19.308,Normal
HYD035380,6822126654,Vijaya Super Market,supermarket,Shopping,17.443697,78.43481,351827259,10.521,Normal
HYD035381,1215207993,Vijetha,supermarket,Shopping,17.4652977,78.3672516,3670022614,10.448,Normal
HYD035382,4674785290,Vijetha,supermarket,Shopping,17.4882539,78.3139429,4000121930,43.362,Normal
HYD035383,5873950226,Vijetha,supermarket,Shopping,17.4856203,78.3888899,2249764827,23.386,Normal
HYD035384,8349937774,Vijetha,supermarket,Shopping,17.4736031,78.3099941,8349937782,11.734,Normal
HYD035385,13531355139,Vijetha,supermarket,Shopping,17.4582753,78.3711036,11042007698,27.392,Normal
HYD035386,550373275,Vijetha,supermarket,Shopping,17.47243455,78.30888216666666,2225419035,36.639,Normal
HYD035387,5325066530,Vijetha Super Market,supermarket,Shopping,17.4954197,78.3421983,2616360208,17.221,Normal
HYD035388,6789801386,Vijetha Super Market,supermarket,Shopping,17.4945769,78.3216127,4169678451,47.261,Normal
HYD035389,8386727030,Vijetha Super Market,supermarket,Shopping,17.4946955,78.3482583,13251063891,21.252,Normal
HYD035390,11361892275,Vijetha Super Market,supermarket,Shopping,17.4958711,78.3824212,4193060152,9.495,Normal
HYD035391,11484298992,Vijetha Super Market,supermarket,Shopping,17.5095656,78.3001447,4009708567,30.86,Normal
HYD035392,12618666897,Vijetha Super Market,supermarket,Shopping,17.5497062,78.3615522,13238921265,17.724,Normal
HYD035393,12759673561,Vijetha Super Market,supermarket,Shopping,17.4044956,78.4021244,11524346377,16.716,Normal
HYD035394,845708749,Vijetha Super Market,supermarket,Shopping,17.515486439999997,78.39594798,6150793675,27.519,Normal
HYD035395,6249185486,Vijetha Supermarket,supermarket,Shopping,17.488077,78.3895096,11066308092,19.66,Normal
HYD035396,8065496825,Vijetha Supermarket,supermarket,Shopping,17.5269095,78.3944269,3614496933,24.887,Normal
HYD035397,12245832502,Vijetha Supermarket,supermarket,Shopping,17.3707667,78.4192705,7690214522,10.536,Normal
HYD035398,879198037,Vijetha Supermarket,supermarket,Shopping,17.464847435714287,78.34514843571428,11042075649,30.691,Normal
HYD035399,6406469783,Vijetha super market,supermarket,Shopping,17.5137506,78.3870568,11502276020,9.167,Normal
HYD035400,2712657371,Vikas Grand Bazar,supermarket,Shopping,17.4109516,78.489029,3612573944,15.465,Normal
HYD035401,8386556885,Vishal Megamart,supermarket,Shopping,17.3955329,78.5289831,11066433968,29.544,Normal
HYD035402,4187300496,Well Mart Supermarket,supermarket,Shopping,17.3570114,78.4737097,7713256581,9.676,Normal
HYD035403,4208624604,Western Plaza Supermarket,supermarket,Shopping,17.4088067,78.389647,3579914203,9.948,Normal
HYD035404,5617425021,adhiswar,supermarket,Shopping,17.4960924,78.3972211,7941904396,15.058,Normal
HYD035405,6779931600,bharat shop,supermarket,Shopping,17.4930152,78.4079407,2710767845,50.981,Normal
HYD035406,10903315043,d mart,supermarket,Shopping,17.3294747,78.5799204,2725394143,9.283,Normal
HYD035407,10903014769,gayathri pooja store,supermarket,Shopping,17.3304948,78.5765763,1325217176,18.188,Normal
HYD035408,7244033608,heritage fresh,supermarket,Shopping,17.3671125,78.5208106,306612728,35.318,Normal
HYD035409,9708882627,jockey showroom,supermarket,Shopping,17.3487653,78.5084056,3205677844,9.527,Normal
HYD035410,4416374790,kirana ghar,supermarket,Shopping,17.4012459,78.4887819,2857520303,18.964,Normal
HYD035411,1257397862,kirana shop,supermarket,Shopping,17.314998214285716,78.59978918571429,3692791629,13.12,Normal
HYD035412,7246482630,klm,supermarket,Shopping,17.4956436,78.3960129,7305954394,14.778,Normal
HYD035413,10902934137,mahila super market,supermarket,Shopping,17.3304528,78.575969,7247052438,26.699,Normal
HYD035414,13673338579,marvadi kirana shop,supermarket,Shopping,17.3687354,78.5402534,1596680240,18.567,Normal
HYD035415,1465001201,mini D mart,supermarket,Shopping,17.40590625,78.50157091666667,13208835319,89.648,Normal
HYD035416,9819816515,raju,supermarket,Shopping,17.4019595,78.5378968,2236747976,20.926,Normal
HYD035417,13437156181,ratanadeep,supermarket,Shopping,17.4874883,78.4144712,4208596993,35.32,Normal
HYD035418,7244113109,reddy kirana shop,supermarket,Shopping,17.3672111,78.5224935,2243963261,10.736,Normal
HYD035419,7243994934,sai baba kirana and general store,supermarket,Shopping,17.3285653,78.5797916,2725394112,16.41,Normal
HYD035420,9391096288,sandeep kirana stores,supermarket,Shopping,17.4378229,78.5382835,3663312543,11.329,Normal
HYD035421,13495152358,shruthi kirana,supermarket,Shopping,17.3303314,78.5778274,1325264141,12.873,Normal
HYD035422,747389090,spencer's,supermarket,Shopping,17.36990086,78.42841354,11313445495,23.839,Normal
HYD035423,10903062051,sri dhanalakshmi kirana and general store,supermarket,Shopping,17.3304912,78.5767365,2803084462,8.069,Normal
HYD035424,9869489141,sri sai super market,supermarket,Shopping,17.4012486,78.5963319,3598397546,11.785,Normal
HYD035425,1043755643,urban super market,supermarket,Shopping,17.491419640000004,78.33528298,11482372691,29.375,Normal
HYD035426,9605712107,urban supermarket,supermarket,Shopping,17.49145,78.3352474,11482372692,26.451,Normal
HYD035427,7244226200,ushodaya super market,supermarket,Shopping,17.4905791,78.6024072,7244226209,38.939,Normal
HYD035428,13734791808,vegetable supermarket,supermarket,Shopping,17.4223184,78.5221201,2240857358,15.949,Normal
HYD035429,13518983728,vejitha supermarket,supermarket,Shopping,17.3687507,78.3964311,11052811005,23.316,Normal
HYD035430,7365877558,vijetha,supermarket,Shopping,17.5003614,78.3894359,7796343637,18.545,Normal
HYD035431,6370029722,vijetha super market,supermarket,Shopping,17.514259,78.4528678,11484769464,32.394,Normal
HYD035432,7243946113,vijetha super market,supermarket,Shopping,17.4949494,78.3562473,11032224295,16.822,Normal
HYD035433,776404548,vijetha super market,supermarket,Shopping,17.531982483333334,78.48761808333333,11047931331,20.484,Normal
HYD035434,7244264235,vijetha supermarket,supermarket,Shopping,17.3993051,78.4867394,14109971155,15.874,Normal
HYD035435,4367407889,volety super market,supermarket,Shopping,17.4194722,78.5755077,3598304129,21.618,Normal
HYD035436,5022221723,كاظم مول سنتر,supermarket,Shopping,17.4138816,78.448766,11033702811,26.063,Normal
HYD035437,357703544,Sri Blaji Mithai Bhandar,sweet,Food,17.401776783333332,78.56254806666666,9870023324,24.344,Normal
HYD035438,27243096,AOC swimming pool,swimming_pool,Recreation & Sports,17.4597403,78.51600746,5486693610,44.675,Normal
HYD035439,2447290608,Amberpet Swimming Pool,swimming_pool,Recreation & Sports,17.39092,78.5183401,1316885637,23.006,Normal
HYD035440,496002906,Ameerpet Swimming Pool,swimming_pool,Recreation & Sports,17.43825968,78.45099966,12480070812,41.339,Normal
HYD035441,9768824657,BJ Swimming pool,swimming_pool,Recreation & Sports,17.3004327,78.5720982,7694412554,12.954,Normal
HYD035442,582560851,Carnival Club Swimming Pool,swimming_pool,Recreation & Sports,17.501912999999995,78.55311297352942,5485923430,33.287,Normal
HYD035443,496003600,Chandulal Baradari Swimming Pool,swimming_pool,Recreation & Sports,17.352555914285713,78.4614447,3612549256,29.927,Normal
HYD035444,5392760582,Dolphin Swimming Pool,swimming_pool,Recreation & Sports,17.4352602,78.3607229,7010687918,27.232,Normal
HYD035445,1332333787,EME Swimming Pool,swimming_pool,Recreation & Sports,17.4975627,78.5241448,7676494112,34.643,Normal
HYD035446,71932257,GHMC swimming pool,swimming_pool,Recreation & Sports,17.442742259999996,78.49453356000001,3598260333,40.712,Normal
HYD035447,1222712333,High Fields Kids Pool,swimming_pool,Recreation & Sports,17.414797857142858,78.34013202857143,10208850990,28.098,Normal
HYD035448,1222712332,High Fields Pool,swimming_pool,Recreation & Sports,17.41493956153846,78.34029003846153,10798233890,32.334,Normal
HYD035449,1222712334,High Fields Rooftop Pool,swimming_pool,Recreation & Sports,17.41556408888889,78.34063865555555,12574552634,30.269,Normal
HYD035450,342255728,ISB Swimming Pool,swimming_pool,Recreation & Sports,17.43563202,78.33753564,701281517,52.346,Normal
HYD035451,582560849,Indus Universal School Basket Ball Court,swimming_pool,Recreation & Sports,17.5079078,78.55556016666667,11224311600,38.692,Normal
HYD035452,1251536290,Infinity Pool District 1,swimming_pool,Recreation & Sports,17.413153924999996,78.338187825,12988994473,11.749,Normal
HYD035453,582562819,Jupally Swimming Pool,swimming_pool,Recreation & Sports,17.503157991891893,78.54871426891891,3791907754,62.158,Normal
HYD035454,14058910153,KS Sports Academy,swimming_pool,Recreation & Sports,17.3898392,78.6183741,7655990399,27.422,Normal
HYD035455,1251536291,Kids Pool District 1,swimming_pool,Recreation & Sports,17.41317784,78.33814568,12988994473,15.903,Normal
HYD035456,105728180,LB Stadium Swimming Pool,swimming_pool,Recreation & Sports,17.400284216666666,78.47109013333333,289916820,49.097,Normal
HYD035457,1222803749,M,swimming_pool,Recreation & Sports,17.411293595238096,78.34012943333335,9570602292,58.365,Normal
HYD035458,496003325,Moghalpura Swimming Pool,swimming_pool,Recreation & Sports,17.358537775000002,78.47745841666665,306609576,57.482,Normal
HYD035459,582560850,Pioneer Swimming Pool,swimming_pool,Recreation & Sports,17.500494499999995,78.55094054666667,11209472388,16.123,Normal
HYD035460,543745142,RV Silpa Swimming Pool,swimming_pool,Recreation & Sports,17.43905518,78.36774054,11306739961,34.372,Normal
HYD035461,1058749417,S.N.Reddy swimming pool,swimming_pool,Recreation & Sports,17.32498166,78.58565868000001,3598380990,16.17,Normal
HYD035462,496003012,Sanathnagar Swimming Pool,swimming_pool,Recreation & Sports,17.454264020000004,78.44547362,4877189780,26.105,Normal
HYD035463,751772710,Seasons Swimming Pool,swimming_pool,Recreation & Sports,17.44782952,78.38802088,3602305917,16.895,Normal
HYD035464,176129859,Secunderabad Club Swimming Pool,swimming_pool,Recreation & Sports,17.453215680000003,78.49762892000001,3598264827,36.325,Normal
HYD035465,75365196,Splash,swimming_pool,Recreation & Sports,17.4683347,78.48349762000001,7694255714,21.39,Normal
HYD035466,3390848063,Sri Sai Swiming Pool,swimming_pool,Recreation & Sports,17.499094,78.4137784,11056292777,23.094,Normal
HYD035467,1347504455,Swimming Pool,swimming_pool,Recreation & Sports,17.4894195,78.3644557,1347502979,53.571,Normal
HYD035468,361719403,Swimming Pool,swimming_pool,Recreation & Sports,17.44330393,78.41097141,13355180956,42.527,Normal
HYD035469,851500827,Swimming Pool,swimming_pool,Recreation & Sports,17.564174939999997,78.3852121,11893357432,52.654,Normal
HYD035470,852371125,Swimming Pool,swimming_pool,Recreation & Sports,17.554046,78.39843936,7682389840,15.074,Normal
HYD035471,1314114707,"Swimming Pool, Kohinoor by Auro Realy",swimming_pool,Recreation & Sports,17.46547128888889,78.38292247777777,13363219393,64.257,Normal
HYD035472,496003894,Vijay Nagar Colony II Swimming Pool,swimming_pool,Recreation & Sports,17.39433312,78.45386758,728962991,28.505,Normal
HYD035473,1167992549,Wave Pool 1,swimming_pool,Recreation & Sports,17.218366579487178,78.52962361025641,9908953405,23.155,Normal
HYD035474,1167992551,Wave Pool 2,swimming_pool,Recreation & Sports,17.218124018421054,78.5297793631579,9908953405,54.716,Normal
HYD035475,1273253054,Winz Pool,swimming_pool,Recreation & Sports,17.421409375862073,78.34676312758621,11033642819,27.734,Normal
HYD035476,8389406266,syr swimming pool,swimming_pool,Recreation & Sports,17.3621624,78.4222901,11906719685,19.29,Normal
HYD035516,8386145059,3 Kaal coffee & Tea,tea,Food,17.4076052,78.4953484,13399407537,13.156,Normal
HYD035517,4614311391,Chicago Cafeteria,tea,Food,17.4436627,78.4742714,7097969222,23.276,Normal
HYD035518,7246803484,Global assam tea depot,tea,Food,17.3951229,78.4333766,1314213030,8.563,Normal
HYD035519,4614311070,Irani Chai Ho Jaye,tea,Food,17.4404866,78.482063,3182218445,9.372,Normal
HYD035520,6937784023,Irani Chai Tea Point,tea,Food,17.460982,78.3665985,2232093434,11.846,Normal
HYD035521,6853049474,Lakshmi tea point,tea,Food,17.4013406,78.5711567,2593896774,22.024,Normal
HYD035522,14051790603,Lemon and Salt Tea Salt,tea,Food,17.3955084,78.3357818,2244916401,13.384,Normal
HYD035523,13715450843,Om Sai Ram Tea Point,tea,Food,17.4954731,78.3953883,13037575472,29.666,Normal
HYD035524,7246812289,Om sai Tea stall,tea,Food,17.3948569,78.4364266,2859822960,16.311,Normal
HYD035525,6468200606,Sri Navayuga Tea Shop,tea,Food,17.4954635,78.3322487,1705510740,24.888,Normal
HYD035526,7025820881,Sri Vijaya Durga Irani Dum Tea Stall,tea,Food,17.4405949,78.3932268,3210142868,12.701,Normal
HYD035527,9887289838,Tea Time,tea,Food,17.5182123,78.3797123,8386715210,12.529,Normal
HYD035528,9887289857,Tea Time,tea,Food,17.5299963,78.3558903,663127074,12.593,Normal
HYD035529,9914161641,Tea Time,tea,Food,17.3313631,78.5883944,2724686914,8.264,Normal
HYD035530,11460511439,Tea Time,tea,Food,17.4226765,78.3478279,6749847615,11.69,Normal
HYD035531,11460177688,Teatime,tea,Food,17.3964955,78.3362825,11891069991,26.36,Normal
HYD035532,12848324669,Tirumala tea store,tea,Food,17.386814,78.516388,3184117946,16.5,Normal
HYD035533,9605387515,capri,tea,Food,17.4947475,78.3188678,12799054385,17.359,Normal
HYD035534,11690865356,decotion tea bar,tea,Food,17.3601481,78.5454346,14008559397,12.071,Normal
HYD035535,13673665461,shivaji tea point,tea,Food,17.5074239,78.4288551,3602328257,5.21,Normal
HYD035536,11690776622,suresh tea stall,tea,Food,17.35941,78.5448792,1596288285,10.162,Normal
HYD035543,10795095589,Aaromale,theatre,Entertainment,17.4127917,78.4065527,2795872148,43.845,Normal
HYD035544,2817388352,Amba Theater,theatre,Entertainment,17.3916438,78.4414025,11521200333,34.436,Normal
HYD035545,5732474113,Amphi Theatre,theatre,Entertainment,17.3355959,78.2891923,2235061749,117.534,Extended
HYD035546,1705408118,Amphitheater,theatre,Entertainment,17.5412823,78.3858991,1705375538,29.542,Normal
HYD035547,540025631,Amphitheater,theatre,Entertainment,17.44797405384616,78.34789898461538,1692823439,33.871,Normal
HYD035548,10290718786,Amphitheatre,theatre,Entertainment,17.3826214,78.5553645,6757468396,42.275,Normal
HYD035549,6822126629,Asian Sha Shahensha,theatre,Entertainment,17.4922425,78.4517868,3151970840,33.229,Normal
HYD035550,355866117,Asian jyothi,theatre,Entertainment,17.502857114285714,78.3122328857143,4191565298,43.376,Normal
HYD035551,10262244857,Ccpl Mall,theatre,Entertainment,17.4571813,78.5368267,2225435696,23.597,Normal
HYD035552,339787100,Closed Theater,theatre,Entertainment,17.500898499999998,78.31180196,13339734905,45.046,Normal
HYD035553,1122014052,Eashwar theater,theatre,Entertainment,17.36645208,78.42759376000001,11486152575,27.915,Normal
HYD035554,1043474632,GRIET Amphitheater,theatre,Entertainment,17.520554645454546,78.36672854545454,4467053772,46.001,Normal
HYD035555,849250093,Gokul Theatre,theatre,Entertainment,17.453599455555555,78.43442645555555,7925366219,32.795,Normal
HYD035556,1222890649,High Fields Amphetheatre,theatre,Entertainment,17.413638566666666,78.34037831111111,10208881924,21.418,Normal
HYD035557,357311082,Indira Priyadarshini Auditorium,theatre,Entertainment,17.397811883333333,78.46831573333334,1317241472,25.52,Normal
HYD035558,357440609,Indra nagendra theater,theatre,Entertainment,17.345414979999997,78.53144230000001,3612546901,20.115,Normal
HYD035559,728853927,Lalita Kala Thoranam,theatre,Entertainment,17.3953109,78.4690741,7379950138,44.341,Normal
HYD035560,202655141,Lamakaan,theatre,Entertainment,17.42099215,78.44742371250001,2126205805,12.429,Normal
HYD035561,5694689519,MLRIT Auditorium,theatre,Entertainment,17.5942258,78.4416551,5708141632,12.253,Normal
HYD035562,256721966,Manju Cinema,theatre,Entertainment,17.44047604444445,78.49350755555555,3207159878,34.756,Normal
HYD035563,356199216,Manuu OAT,theatre,Entertainment,17.426020135714285,78.36056374285715,4175442137,30.74,Normal
HYD035564,8107957418,Noma Talkies,theatre,Entertainment,17.4477163,78.5716687,10960829149,16.007,Normal
HYD035565,262317212,Open Air Amphitheatre,theatre,Entertainment,17.431891783333334,78.34374021666666,2680011762,54.025,Normal
HYD035566,343345257,Open Air Theatre,theatre,Entertainment,17.415027183333333,78.55090076666667,3612575882,57.039,Normal
HYD035567,2653162208,Radhika Movieplex,theatre,Entertainment,17.4771095,78.5634096,3164363658,7.354,Normal
HYD035568,1435298001,Raghavendra Theatre,theatre,Entertainment,17.4513131,78.5361396,2221876288,29.787,Normal
HYD035569,10790345915,Rangbhoomi,theatre,Entertainment,17.431208,78.3711702,2245059995,30.425,Normal
HYD035570,356442724,Ravi Narayana Reddy Auditorium,theatre,Entertainment,17.41387044,78.42152524000001,1948918875,32.29,Normal
HYD035571,116018037,Ravindra Bharathi,theatre,Entertainment,17.40349262,78.46692312,1309321887,33.005,Normal
HYD035572,7244233143,Rukmini Theater,theatre,Entertainment,17.5322654,78.2648567,11542082691,22.96,Normal
HYD035573,356184368,SVC Theatre,theatre,Entertainment,17.513440700000004,78.28663322,4204212094,32.041,Normal
HYD035574,6241203807,SVK Amphitheater,theatre,Entertainment,17.435523,78.3604923,7010687918,16.965,Normal
HYD035575,5596008321,Select talkies,theatre,Entertainment,17.5114664,78.5108724,2783189128,21.259,Normal
HYD035576,357464338,Sheeshmahal Cinema Hall,theatre,Entertainment,17.43516766,78.44890874000001,7694976827,15.497,Normal
HYD035577,108237849,Shilpakala Vedika,theatre,Entertainment,17.45145445,78.37944659583334,3602306835,53.564,Normal
HYD035578,1152688360,Sree ramana 35mm,theatre,Entertainment,17.3924961,78.5153644,11222439541,46.03,Normal
HYD035579,5636946574,Super Theatre,theatre,Entertainment,17.3177942,78.51879,2249583899,20.193,Normal
HYD035580,324867372,Tagore Auditorium,theatre,Entertainment,17.4148929,78.5312484,7959311832,31.825,Normal
HYD035581,356430337,Talluri Theatre,theatre,Entertainment,17.47773296,78.57238842000001,11890923017,17.09,Normal
HYD035582,356523665,Vijayanthi Theater,theatre,Entertainment,17.4289215,78.55236472,9605715127,38.498,Normal
HYD035583,5919924190,Vivekananda Auditorium,theatre,Entertainment,17.4106646,78.4821106,5919923775,28.403,Normal
HYD035584,5448558990,Yadagiri Theater,theatre,Entertainment,17.346754,78.508431,2244374173,19.055,Normal
HYD035585,881240134,asian Rajalaxmi Theatre,theatre,Entertainment,17.3970329375,78.5601517625,8196164970,17.616,Normal
HYD035586,7180107457,open air theater police line,theatre,Entertainment,17.4370042,78.4200862,13355249968,12.234,Normal
HYD035587,3390972342,sree ramana 70mm,theatre,Entertainment,17.3925117,78.5157871,2240856663,23.47,Normal
HYD035588,7244127019,vishwanadh,theatre,Entertainment,17.4947627,78.4007463,1437305503,27.982,Normal
HYD035589,558535323,Jalavihar Water Park,theme_park,Entertainment,17.431206916216215,78.46526257837839,3598257182,27.899,Normal
HYD035590,544179717,Treasure Island,theme_park,Entertainment,17.39262331333333,78.31673096000002,7669301798,42.734,Normal
HYD035591,7707961947,Wonder Fun Park and Party Zone,theme_park,Entertainment,17.4347165,78.4751311,320409102,45.914,Normal
HYD035592,682819772,Wonderla amusement park,theme_park,Entertainment,17.21675176923077,78.52865556153847,10862640739,111.329,Extended
HYD035605,6308262636,Padmavathi tiffin center,tiffincenter,Food,17.4111877,78.4924677,308938372,15.208,Normal
HYD035606,10880950973,Asas Marbles And Granites,tiles,Shopping,17.3429879,78.4196847,1820106119,34.612,Normal
HYD035607,6593421942,B7R Enterprises,tiles,Shopping,17.423173,78.568143,3598305125,22.755,Normal
HYD035608,7043475229,Sandeep Granites and Marbles,tiles,Shopping,17.4486548,78.3951753,3602306298,32.966,Normal
HYD035609,7043495095,Shri Balaji Marmo,tiles,Shopping,17.4435384,78.3940521,12969174612,40.894,Normal
HYD035610,7025820866,"ValueLine - Hyderabad Sanitaryware, Modular Kitchens",tiles,Shopping,17.4354059,78.4026428,353759539,31.212,Normal
HYD035624,933350842,Jamsheed Quli Qutub Shah,tomb,Culture & Heritage,17.394188488888886,78.39353799999999,3579911094,18.319,Normal
HYD035625,238186614,Shahi Maqbara,tomb,Culture & Heritage,17.36028058,78.47361302,9605237095,50.222,Normal
HYD035626,933350845,Tomb of Abdul Hasan Tana Shah,tomb,Culture & Heritage,17.395779779999998,78.3975268,3579911638,34.849,Normal
HYD035627,253509403,Tomb of Abdullah Qutub Shah,tomb,Culture & Heritage,17.397091940000003,78.39880278,3579911754,60.892,Normal
HYD035628,253509400,Tomb of Begun Hayat Bakshi,tomb,Culture & Heritage,17.39668384,78.39699174,3579911813,29.191,Normal
HYD035629,356420864,Tomb of Ibrahim Quli Qutub Shah,tomb,Culture & Heritage,17.393531199999998,78.39441403999999,3579910841,25.263,Normal
HYD035630,933350838,Tomb of Muhammad Quli Qutub Shah,tomb,Culture & Heritage,17.39423056,78.39492712,3579911108,39.731,Normal
HYD035631,933350843,Tomb of Sultan Muhammad Qutub Shah,tomb,Culture & Heritage,17.3959011,78.39611140000001,3579911623,29.147,Normal
HYD035632,933350840,Tomb of Sultan Quli Qutub Shah,tomb,Culture & Heritage,17.39458274,78.3939623,7764618367,18.372,Normal
HYD035633,970179147,شاہ راجو  قتال رحمتہ اللہ علیہ,tomb,Culture & Heritage,17.347772279999997,78.46392025999998,12213450039,20.919,Normal
HYD035634,971970307,مقبرے پاگاہ,tomb,Culture & Heritage,17.3441394625,78.5037451375,3612546501,33.195,Normal
HYD035651,2710873905,Archies,toys,Shopping,17.4994845,78.4756119,11118303527,21.666,Normal
HYD035652,7244398148,Baybee toy shop,toys,Shopping,17.4939071,78.3518497,7867845312,41.443,Normal
HYD035653,6220324585,Land Mark Extension,toys,Shopping,17.3943471,78.4516828,1321322439,28.043,Normal
HYD035654,1215774413,Peddlers point,toys,Shopping,17.4632307,78.3669705,291504525,9.987,Normal
HYD035655,5405056730,Toys N pens,toys,Shopping,17.4347964,78.368009,6887561715,8.159,Normal
HYD035685,13379897096,Coconut Tree,tree,Nature & Outdoors,17.3731201,78.394256,2552420304,22.367,Normal
HYD035686,3887184491,Frangipani,tree,Nature & Outdoors,17.4107912,78.4381651,1314796389,14.142,Normal
HYD035687,2472185077,Jagruti Tree,tree,Nature & Outdoors,17.4452318,78.3504289,2258224439,23.953,Normal
HYD035688,5527058070,Mango,tree,Nature & Outdoors,17.3685745,78.5139342,2243963543,20.477,Normal
HYD035689,5527058071,Mango,tree,Nature & Outdoors,17.3685174,78.513855,2243963543,15.509,Normal
HYD035690,2803543809,Marri Chettu,tree,Nature & Outdoors,17.4061818,78.3762371,4328310661,13.83,Normal
HYD035691,2508130280,Navjeevan,tree,Nature & Outdoors,17.4452287,78.3462649,1238432277,9.133,Normal
HYD035692,2817391187,Raavi (Peepal) and Vepa (Neem) tree,tree,Nature & Outdoors,17.3865298,78.4398279,308528920,19.193,Normal
HYD035942,6275489585,Cera,variety_store,Shopping,17.4383413,78.4001302,12320091712,42.701,Normal
HYD035943,6255323687,Croma,variety_store,Shopping,17.4829953,78.414297,12049247768,7.082,Normal
HYD035944,5261692622,Fabindia,variety_store,Shopping,17.4348172,78.4033489,6994508294,28.697,Normal
HYD035945,2794745072,Mahaveer General Store,variety_store,Shopping,17.4401311,78.4824022,7699838794,15.741,Normal
HYD035946,6255631787,Palem Leathers,variety_store,Shopping,17.4255919,78.4512757,3598255546,17.293,Normal
HYD035965,11373181970,Chengicherla IDA Entrance,viewpoint,Nature & Outdoors,17.4114348,78.6070496,2586710530,1.351,Normal
HYD035966,6448133751,Nizami View Point,viewpoint,Nature & Outdoors,17.3806479,78.3172444,7645974045,21.883,Normal
HYD035967,4187284199,Sunset Viewpoint,viewpoint,Nature & Outdoors,17.4148975,78.4790511,2794480709,12.389,Normal
HYD035968,4285718090,saigeetha ashramam,viewpoint,Nature & Outdoors,17.579432,78.5020823,7695205595,13.345,Normal
HYD035969,4142875991,subba ram reddy,viewpoint,Nature & Outdoors,17.3780711,78.5489979,11066427853,14.406,Normal
HYD036143,2352119415,F1 Timemachine,watches,Shopping,17.4070806,78.4400172,7721797389,16.076,Normal
HYD036144,6822126651,Fastrack,watches,Shopping,17.441521,78.446909,3146913655,28.373,Normal
HYD036145,12536226036,Fastrack watch store,watches,Shopping,17.4738501,78.5705099,9635015412,17.142,Normal
HYD036146,13532195609,Kamal Watch Co,watches,Shopping,17.4242673,78.4484386,3598255310,9.317,Normal
HYD036147,13673559624,Watch Centre,watches,Shopping,17.3902835,78.4765304,2847561261,30.085,Normal
HYD036148,7025820752,World Of Titan,watches,Shopping,17.4342904,78.3864905,13313072586,71.385,Normal
HYD036149,6468196051,World of Titan,watches,Shopping,17.4953032,78.3273967,3205667333,32.173,Normal
HYD036150,8387021483,World of titan,watches,Shopping,17.4071903,78.4950178,5486729268,9.596,Normal
HYD036151,573617002,1 ML ELSR,water,Nature & Outdoors,17.317138247058825,78.55579994705882,7682492756,59.12,Normal
HYD036152,574431439,Abdullapurmet lake,water,Nature & Outdoors,17.319826645985398,78.6844603620438,7660976639,179.7,Extended
HYD036153,1001141822,Achari Kunta Lake,water,Nature & Outdoors,17.518263629411763,78.37655485294118,7678943143,51.816,Normal
HYD036154,1161982980,Ambedkar nagar lake,water,Nature & Outdoors,17.5099810875,78.5866342,7680092940,48.429,Normal
HYD036155,115772000,Ameenpur Lake,water,Nature & Outdoors,17.523944575471695,78.33434129245282,7686313622,229.784,Extended
HYD036156,275891700,Anatula Cheruvu,water,Nature & Outdoors,17.264356650000003,78.50569479642857,7680992940,242.138,Extended
HYD036157,263824383,Artifical Pond,water,Nature & Outdoors,17.475350965217388,78.33162420869566,9511015805,111.0,Extended
HYD036158,1472896139,BANDAMKOMMU LAKE,water,Nature & Outdoors,17.51289498181818,78.32041980909091,7651802053,113.382,Extended
HYD036159,332098885,Bachupally Cheruvu,water,Nature & Outdoors,17.53855136666667,78.368967575,11539092762,133.77,Extended
HYD036160,790655281,Bairagiguda Lake,water,Nature & Outdoors,17.3643425,78.37437312105263,4178449248,168.974,Extended
HYD036161,29124351,Banjara Lake,water,Nature & Outdoors,17.411098510294114,78.44843981911764,7712560002,57.402,Normal
HYD036162,291436063,Batula Cheruvu,water,Nature & Outdoors,17.31986179268293,78.60086475365856,4524809303,144.774,Extended
HYD036163,89581482,Bon Cheruvu,water,Nature & Outdoors,17.475160542808233,78.49250628184932,10217060016,111.914,Extended
HYD036164,989815631,Buffalo Lake,water,Nature & Outdoors,17.452229598795185,78.32706786506024,11311321426,257.095,Extended
HYD036165,653925957,Chambal pond,water,Nature & Outdoors,17.459671150000002,78.34017091666665,4208481846,129.558,Extended
HYD036166,694317636,Chengi Cherla Perumala Cheruvu,water,Nature & Outdoors,17.424762562499996,78.60870415625,2802822493,74.926,Normal
HYD036167,694316946,ChengiCherla Cheruvu aka Pochamma Kunta,water,Nature & Outdoors,17.43368675714286,78.60569601428573,4197017731,27.899,Normal
HYD036168,989835967,Chilakala Kunta,water,Nature & Outdoors,17.445632778947367,78.32119332105265,13288916132,294.791,Extended
HYD036169,147232637,Chinna Cheruvu,water,Nature & Outdoors,17.383947629166673,78.37017688472221,10821406768,111.758,Extended
HYD036170,476912808,Chinna Maisamma Cheruvu,water,Nature & Outdoors,17.463927803174595,78.41529163333331,12336869415,79.271,Normal
HYD036171,737789731,Chintal Cheruvu,water,Nature & Outdoors,17.429534698113205,78.34866552075471,2246073011,102.628,Extended
HYD036172,1442070839,Cognitive Lake,water,Nature & Outdoors,17.464426377777777,78.330441375,13232200530,69.34,Normal
HYD036173,905262190,Eedula Cheruvu,water,Nature & Outdoors,17.309344452777783,78.6347390361111,7668899441,173.918,Extended
HYD036174,282200987,Erra Kunta,water,Nature & Outdoors,17.356075673076923,78.50703739999999,307047852,90.687,Normal
HYD036175,52014012,Fox Sagar,water,Nature & Outdoors,17.52760252662338,78.4677161584416,11332673425,372.359,Extended
HYD036176,1484044192,Gandi Kunta (beeramguda cheruvu),water,Nature & Outdoors,17.52279512352941,78.30549791764707,13294156465,73.014,Normal
HYD036177,158331211,Gangaram Cheruvu,water,Nature & Outdoors,17.499573293666664,78.33122321633338,7651802072,155.573,Extended
HYD036178,989835969,Garloni Kunta,water,Nature & Outdoors,17.463110489583336,78.31949971874998,7640406062,389.551,Extended
HYD036179,1324064006,Gnyankund,water,Nature & Outdoors,17.437567228767126,78.32313119726025,13982139409,100.414,Extended
HYD036180,726173848,Golconda Mote,water,Nature & Outdoors,17.390534266666663,78.39671607777778,2794237547,41.694,Normal
HYD036181,263825342,Gopi Cheruvu,water,Nature & Outdoors,17.479617991495598,78.32951648299121,7401499006,258.57,Extended
HYD036182,891676380,HMWSSB Suraksha Colony Water Reservoir,water,Nature & Outdoors,17.505201991666663,78.32075818333334,3685007021,44.64,Normal
HYD036183,748816670,Hafeezpet Cheruvu,water,Nature & Outdoors,17.490346383333335,78.36131439814815,9692172817,116.018,Extended
HYD036184,29473313,Hakimpet Kunta,water,Nature & Outdoors,17.41004853095238,78.4045327547619,2795872002,105.07,Extended
HYD036185,362966095,Himayat Sagar,water,Nature & Outdoors,17.28250378888889,78.36124886666667,7663833596,205.914,Extended
HYD036186,267611516,Hyderabad,water,Nature & Outdoors,17.299430515165866,78.44353958056877,4196751777,101.886,Extended
HYD036187,152973712,Hydernagar Cheruvu,water,Nature & Outdoors,17.502915554545453,78.38235634545455,1657338942,85.495,Normal
HYD036188,29251874,IDPL Tank,water,Nature & Outdoors,17.479383334985414,78.41260482419821,3602313078,90.41,Normal
HYD036189,738106931,Imamguda lake,water,Nature & Outdoors,17.3063635734375,78.691653034375,7668377903,165.193,Extended
HYD036190,1455961727,Indira Sagar,water,Nature & Outdoors,17.2586846963964,78.68776394234234,5313053648,279.689,Extended
HYD036191,625370001,Infinity Pool,water,Nature & Outdoors,17.54301491935484,78.575952883871,2684820208,44.866,Normal
HYD036192,740932271,Injapur Cheruvu,water,Nature & Outdoors,17.289720803125,78.58386447812501,4182744469,347.566,Extended
HYD036193,726172893,Irrigation Pond,water,Nature & Outdoors,17.4705871,78.29644424,11529859077,211.491,Extended
HYD036194,113164532,Kamuni Cheruvu,water,Nature & Outdoors,17.463990954054047,78.4041758572973,7701644354,75.782,Normal
HYD036195,271680422,Kandi Kunta,water,Nature & Outdoors,17.51638903454545,78.3511124890909,2766314749,120.327,Extended
HYD036196,281767641,Kanjerla Laxmi Narayan Yadav Park Lake,water,Nature & Outdoors,17.449778871428574,78.4410558952381,3598263696,72.101,Normal
HYD036197,450373046,Kappala Cheruvu,water,Nature & Outdoors,17.314544725,78.57003883125,2725446210,119.728,Extended
HYD036198,265159686,Kapra lake,water,Nature & Outdoors,17.49465722941176,78.55358622941176,2231636646,186.225,Extended
HYD036199,661188648,Khajaguda Lake,water,Nature & Outdoors,17.414472531343282,78.36216036417909,7690362150,198.003,Extended
HYD036200,1420118048,Kindi Kunta Lake,water,Nature & Outdoors,17.50523281875,78.39110934374999,3602326987,67.173,Normal
HYD036201,686325013,Kokapet Lake,water,Nature & Outdoors,17.40187890333333,78.32722549666668,7669807336,89.942,Normal
HYD036202,122444393,Kotha Kunta,water,Nature & Outdoors,17.48470945818965,78.35519554094826,9570222028,87.62,Normal
HYD036203,96358423,Kotla Cheruvu,water,Nature & Outdoors,17.471084945833333,78.37163040833333,13360957234,123.258,Extended
HYD036204,221156977,Kudikunta Lake,water,Nature & Outdoors,17.467254748780487,78.34614484878047,2092674825,44.74,Normal
HYD036205,450510026,Kummari Kunta,water,Nature & Outdoors,17.323337196296293,78.59591547654323,7691885756,66.27,Normal
HYD036206,461997210,Kuntloor Cheruvu,water,Nature & Outdoors,17.348354614049587,78.61795621735536,7673232051,212.562,Extended
HYD036207,557851060,Kurmalguda Cheruvu,water,Nature & Outdoors,17.26784952413793,78.51602124827588,7673549153,86.348,Normal
HYD036208,361685060,Lotus Pond,water,Nature & Outdoors,17.41388944081632,78.42018376530612,1948918844,78.436,Normal
HYD036209,397023362,MANAGE Swimming pool,water,Nature & Outdoors,17.31024364,78.412071,7351211546,58.714,Normal
HYD036210,1001140160,Madhuranagar Lake,water,Nature & Outdoors,17.518782681250002,78.38863975,2852259593,84.621,Normal
HYD036211,122444390,Madinaguda Cheruvu,water,Nature & Outdoors,17.487470123076925,78.34619918076925,7668314715,124.284,Extended
HYD036212,274497497,Mallampet Cheruvu,water,Nature & Outdoors,17.557672947191012,78.37957668539325,7682233396,215.758,Extended
HYD036213,364475405,Mallampet MSKC Lake,water,Nature & Outdoors,17.553044382352944,78.3627188382353,13825591610,109.294,Extended
HYD036214,291435733,Mantrala Cheruvu,water,Nature & Outdoors,17.324025761904757,78.52249337619047,12347848746,83.107,Normal
HYD036215,715774912,Marsha bhai kunta,water,Nature & Outdoors,17.320835523529418,78.4365103490196,5115017369,62.568,Normal
HYD036216,578280869,Medipally Municiple Ward,water,Nature & Outdoors,17.4077435,78.60172106,7702244701,35.1,Normal
HYD036217,7244168647,Mee seva center,water,Nature & Outdoors,17.5011083,78.4159752,2783285315,68.378,Normal
HYD036218,261478392,Microsoft Lake,water,Nature & Outdoors,17.430267772727277,78.33983196363637,7687108298,50.03,Normal
HYD036219,271680421,Miyapur Cheruvu,water,Nature & Outdoors,17.501352689062504,78.35918990625,2766314291,119.668,Extended
HYD036220,291437284,Mulagund Lake,water,Nature & Outdoors,17.304749361363637,78.41101757727272,7346769128,258.585,Extended
HYD036221,29050686,Mullakathuva Cheruvu,water,Nature & Outdoors,17.467220002919703,78.38798162846707,3602309843,110.166,Extended
HYD036222,780897064,Musa River,water,Nature & Outdoors,17.372128522222216,78.40700650000004,3835259415,99.44,Normal
HYD036223,140391601,Nacharam Cheruvu,water,Nature & Outdoors,17.433338625263158,78.54873483789474,11873692374,101.829,Extended
HYD036224,129532522,Nalla Cheruvu,water,Nature & Outdoors,17.488343378461536,78.41820403846155,3602316845,125.742,Extended
HYD036225,28268709,Nallacheruvu ( Uppal Mini Tank Bund ),water,Nature & Outdoors,17.403760588235293,78.57890482058826,571152622,246.678,Extended
HYD036226,274497491,Nizam Talab,water,Nature & Outdoors,17.52533702882884,78.38385025810813,10208537235,149.285,Extended
HYD036227,1424028525,Nizampet Cheruvu,water,Nature & Outdoors,17.52065920526316,78.37938317894736,2852275725,54.571,Normal
HYD036228,273426399,Old Alwal Temple Pond,water,Nature & Outdoors,17.50213977934783,78.50396863152176,2782802287,126.062,Extended
HYD036229,28130557,Osman Sagar,water,Nature & Outdoors,17.37517816529681,78.30318683675794,308971300,1423.252,Outlier
HYD036230,115771999,PATANCHERU CHERUVU,water,Nature & Outdoors,17.523969777192985,78.26251498859648,2852272922,191.842,Extended
HYD036231,267610554,Palle Cheruvu,water,Nature & Outdoors,17.31210851525424,78.45473911525427,7682054785,101.472,Extended
HYD036232,747900029,Patel Cheruvu,water,Nature & Outdoors,17.496854563095237,78.35128435714284,3602321515,105.243,Extended
HYD036233,738103606,Patthikunta tank,water,Nature & Outdoors,17.320569785964913,78.39043100614037,3820619154,82.489,Normal
HYD036234,318348330,Peacock Lake,water,Nature & Outdoors,17.448560825000012,78.33335169523812,3602306800,259.34,Extended
HYD036235,28269088,Pedda Cheruvu,water,Nature & Outdoors,17.421366906666666,78.55435796222223,2236748942,142.632,Extended
HYD036236,46669818,Pedda Cheruvu,water,Nature & Outdoors,17.2989159509434,78.49748501698114,7702419410,167.594,Extended
HYD036237,238310640,Pedda Cheruvu,water,Nature & Outdoors,17.387167667655778,78.3772483646884,4191180302,153.972,Extended
HYD036238,117586059,Peddha cheruvu,water,Nature & Outdoors,17.345721695,78.56204672000001,7698063612,110.608,Extended
HYD036239,28847688,Peeran Cheruvu,water,Nature & Outdoors,17.354511782352944,78.37151210588235,9598848555,137.018,Extended
HYD036240,290790706,Peerzadiguda Cheruvu,water,Nature & Outdoors,17.398594145714288,78.59414629428571,3598396669,87.852,Normal
HYD036241,715753112,Pochamma Kunta,water,Nature & Outdoors,17.460249027777778,78.3410002611111,2231948938,150.166,Extended
HYD036242,670652454,QL Pond,water,Nature & Outdoors,17.44052042,78.36245632,1318404224,18.637,Normal
HYD036243,1324064004,"Quarry Trek, University of Hyderabad",water,Nature & Outdoors,17.439595839393938,78.32211326363634,2155887192,157.57,Extended
HYD036244,1082288768,Rajivgandhi Nagar Pond,water,Nature & Outdoors,17.52942134,78.36721736333332,7675947580,141.817,Extended
HYD036245,281800159,Rama Cheruvu,water,Nature & Outdoors,17.42701351506849,78.57158750410962,6635824325,116.373,Extended
HYD036246,271124286,Ramachandrapuram Cheruvu,water,Nature & Outdoors,17.507674695454547,78.29379623545454,9754985491,232.478,Extended
HYD036247,537051562,Ramakrishnapuram Cheruvu,water,Nature & Outdoors,17.476321914102563,78.53305319230769,10603711902,119.991,Extended
HYD036248,29252764,Ramanthapur Cheruvu,water,Nature & Outdoors,17.401389630000004,78.54017035500001,2236747972,105.089,Extended
HYD036249,116933088,Ramanthapur chinna cheruvu,water,Nature & Outdoors,17.393477720588237,78.53944073235292,13343909931,53.873,Normal
HYD036250,364475193,Rella Kunta,water,Nature & Outdoors,17.55553083478261,78.35897274347825,11539500081,46.518,Normal
HYD036251,1324064005,SDS Lake,water,Nature & Outdoors,17.43899556101695,78.31996428474575,7691150829,158.181,Extended
HYD036252,468492809,SP2,water,Nature & Outdoors,17.4981357,78.58865498,4286053751,21.472,Normal
HYD036253,468492433,Sai Priya Colony Pond,water,Nature & Outdoors,17.497123820000002,78.58828462,2795779380,18.42,Normal
HYD036254,267608471,Salkam Cheruvu,water,Nature & Outdoors,17.310434357046965,78.47209246442951,12056664304,22.888,Normal
HYD036255,27934981,Saroor Nagar Lake,water,Nature & Outdoors,17.354251906818178,78.52709012575758,2244374937,38.38,Normal
HYD036256,28196632,Shah Hatim Talab,water,Nature & Outdoors,17.393505394444446,78.41344515925927,4259890095,108.346,Extended
HYD036257,332097134,Shaikpet Cheruvu,water,Nature & Outdoors,17.406178128985506,78.39952489420288,7708956596,49.016,Normal
HYD036258,1236778106,Shambuni Kunta,water,Nature & Outdoors,17.515447413333334,78.30000192888889,9754314005,31.61,Normal
HYD036259,46670354,Shukur Sagar,water,Nature & Outdoors,17.292053417894746,78.48690325368422,7710354588,153.869,Extended
HYD036260,1454387192,Singos Tank,water,Nature & Outdoors,17.349788931249996,78.44393524166668,312788760,99.774,Normal
HYD036261,325157104,Sudda kunta,water,Nature & Outdoors,17.410498513636362,78.57664012272728,2854497999,39.414,Normal
HYD036262,790736601,Sun City Lake,water,Nature & Outdoors,17.363265252941176,78.39302911764705,2552420050,40.809,Normal
HYD036263,291438377,Talla Cheruvu,water,Nature & Outdoors,17.315570072727272,78.52886130909091,2249583800,121.36,Extended
HYD036264,738103259,Tharimatipet lake,water,Nature & Outdoors,17.34709730355029,78.68397973964494,7648445996,288.697,Extended
HYD036265,790538808,Timber Lake,water,Nature & Outdoors,17.3713343,78.35351489534884,11301443662,158.628,Extended
HYD036266,90770155,Timmidkunta Lake,water,Nature & Outdoors,17.457505817171715,78.38041603737375,7687450775,114.843,Extended
HYD036267,269128351,Upparpally Lake,water,Nature & Outdoors,17.35632507000001,78.41142557333333,2744233723,114.494,Extended
HYD036268,462345419,Upperpally Nala,water,Nature & Outdoors,17.35278838333333,78.42302223333333,307038434,59.622,Normal
HYD036269,733437617,Ushkabavi Pond,water,Nature & Outdoors,17.52678063888889,78.29657966666667,9754206895,100.425,Extended
HYD036270,111987367,Vennalagadda Cheruvu,water,Nature & Outdoors,17.505235049218754,78.47465890546877,3471476695,140.338,Extended
HYD036271,441972337,Water Tank,water,Nature & Outdoors,17.45641095,78.33892048999999,12905549049,63.375,Normal
HYD036272,117035111,Wipro Lake,water,Nature & Outdoors,17.424848393023254,78.34193050465116,2246072801,47.391,Normal
HYD036273,129523141,Yellama Kunta 2,water,Nature & Outdoors,17.50113092419355,78.40020005161288,1154037707,76.261,Normal
HYD036274,129523142,Yellamma Kunta,water,Nature & Outdoors,17.501331743478264,78.40704320217394,11043784432,135.203,Extended
HYD036275,29124331,jalagam vengal rao lake,water,Nature & Outdoors,17.42330498,78.44793430500002,2185099497,56.18,Normal
HYD036276,7244467412,juice point,water,Nature & Outdoors,17.3675134,78.5250874,4194874676,17.761,Normal
HYD036277,737782314,kothaguda lake,water,Nature & Outdoors,17.459052946153843,78.35926722115384,6894285255,119.073,Extended
HYD036278,545605705,local rain water pond,water,Nature & Outdoors,17.34349028421052,78.38281525789473,2744203037,98.598,Normal
HYD036279,1034152794,mansoorabd,water,Nature & Outdoors,17.353400819999997,78.55986818,1596116152,23.19,Normal
HYD036280,29124416,park pond,water,Nature & Outdoors,17.401386718181815,78.45080671818181,9704990273,64.331,Normal
HYD036281,274500699,patancheru,water,Nature & Outdoors,17.53594464545454,78.26810961818177,3650185443,17.205,Normal
HYD036282,29123877,pushparahil cheruvu,water,Nature & Outdoors,17.322975348148148,78.42565887407409,320407707,129.393,Extended
HYD036283,214170900,rajanna kunta,water,Nature & Outdoors,17.465863797916672,78.36508619166665,3602309639,15.235,Normal
HYD036284,1076262687,ramanthapur lake,water,Nature & Outdoors,17.40168762,78.54013556666665,2236747972,91.08,Normal
HYD036285,740702842,sigma lake,water,Nature & Outdoors,17.457493083333336,78.34383411666667,3602308527,88.191,Normal
HYD036286,113164557,sunnam cheruvu,water,Nature & Outdoors,17.45223303759999,78.40338096320001,2249841549,101.053,Extended
HYD036287,500257373,third tank,water,Nature & Outdoors,17.38407022,78.40069914,12033424474,209.972,Extended
HYD036288,1122007223,water tank,water,Nature & Outdoors,17.411781765,78.59580484,7701746343,17.449,Normal
HYD036290,544177153,Ocean Park India,water_park,Nature & Outdoors,17.390008718181818,78.32913179999998,7645981527,99.039,Normal
HYD036291,12596410834,water pond,water_park,Nature & Outdoors,17.3425584,78.544424,3157391699,46.317,Normal
HYD036294,6710912146,Hanuman Temple,wayside_shrine,Religion,17.4247413,78.5152947,11846358958,13.773,Normal
HYD036295,11489738619,Open land,wetland,Nature & Outdoors,17.3957051,78.5117338,11033903445,32.56,Normal
HYD036296,6779887121,Reins horse riding institute and rumfield,wetland,Nature & Outdoors,17.5204956,78.4682588,11219294756,86.828,Normal
HYD036297,2714205205,Shanti Sarovar Pond,wetland,Nature & Outdoors,17.437138,78.355264,14100826320,20.638,Normal
HYD036346,102539003,Dulepalli Reserved Forest,wood,Nature & Outdoors,17.545103645714285,78.45010550857143,7669456226,182.338,Extended
HYD036347,568477672,Environment Protection Training and Research Institure,wood,Nature & Outdoors,17.44006211470588,78.35266685882354,3602302685,107.074,Extended
HYD036348,7458735910,PITTA,wood,Nature & Outdoors,17.5044507,78.3096981,3109335284,74.657,Normal
HYD036349,288594013,Ramaram Reserved Forest,wood,Nature & Outdoors,17.549945328813557,78.41583666271187,1706620034,431.527,Extended
HYD036350,29199794,rough,wood,Nature & Outdoors,17.527580847058825,78.52929600588236,662739304,183.218,Extended
HYD036351,29199796,rough,wood,Nature & Outdoors,17.529076550000003,78.53045699166665,7693697942,188.649,Extended
HYD036519,27937605,Nehru Zoological Park,zoo,Entertainment,17.352497306153843,78.44416594153844,6440105794,60.096,Normal
